[SYS] 2026/08/15 - 00:11:24 | initializing token encoders 
[SYS] 2026/08/15 - 00:11:24 | token encoders initialized 
[SYS] 2026/08/15 - 00:11:24 | using MySQL as database 

2026/08/15 00:11:24 [32mE:/selfWork/newApi/sourceCode/new-api/model/main.go:725
[0m[33m[1.032ms] [34;1m[rows:-][0m SELECT DEFAULT_CHARACTER_SET_NAME, DEFAULT_COLLATION_NAME FROM information_schema.SCHEMATA WHERE SCHEMA_NAME = DATABASE()

2026/08/15 00:11:24 [32mE:/selfWork/newApi/sourceCode/new-api/model/main.go:769
[0m[33m[1.167ms] [34;1m[rows:37][0m SELECT TABLE_NAME, TABLE_COLLATION FROM information_schema.TABLES WHERE TABLE_SCHEMA = DATABASE() AND TABLE_TYPE = 'BASE TABLE'
[SYS] 2026/08/15 - 00:11:24 | database migration started 

2026/08/15 00:11:24 [32mE:/selfWork/newApi/sourceCode/new-api/model/main.go:651
[0m[33m[0.508ms] [34;1m[rows:-][0m SELECT DATABASE()

2026/08/15 00:11:24 [32mE:/selfWork/newApi/sourceCode/new-api/model/main.go:651
[0m[33m[0.582ms] [34;1m[rows:1][0m SELECT SCHEMA_NAME from Information_schema.SCHEMATA where SCHEMA_NAME LIKE 'main%' ORDER BY SCHEMA_NAME='main' DESC,SCHEMA_NAME limit 1

2026/08/15 00:11:24 [32mE:/selfWork/newApi/sourceCode/new-api/model/main.go:651
[0m[33m[0.529ms] [34;1m[rows:-][0m SELECT count(*) FROM information_schema.tables WHERE table_schema = 'main' AND table_name = 'subscription_plans' AND table_type = 'BASE TABLE'

2026/08/15 00:11:24 [32mE:/selfWork/newApi/sourceCode/new-api/model/main.go:656
[0m[33m[0.000ms] [34;1m[rows:-][0m SELECT DATABASE()

2026/08/15 00:11:24 [32mE:/selfWork/newApi/sourceCode/new-api/model/main.go:656
[0m[33m[0.000ms] [34;1m[rows:1][0m SELECT SCHEMA_NAME from Information_schema.SCHEMATA where SCHEMA_NAME LIKE 'main%' ORDER BY SCHEMA_NAME='main' DESC,SCHEMA_NAME limit 1

2026/08/15 00:11:24 [32mE:/selfWork/newApi/sourceCode/new-api/model/main.go:656
[0m[33m[0.856ms] [34;1m[rows:-][0m SELECT count(*) FROM INFORMATION_SCHEMA.columns WHERE table_schema = 'main' AND table_name = 'subscription_plans' AND column_name = 'price_amount'

2026/08/15 00:11:24 [32mE:/selfWork/newApi/sourceCode/new-api/model/main.go:678
[0m[33m[0.508ms] [34;1m[rows:1][0m SELECT COLUMN_TYPE FROM information_schema.columns
				WHERE table_schema = DATABASE() AND table_name = 'subscription_plans' AND column_name = 'price_amount'

2026/08/15 00:11:24 [32mE:/selfWork/newApi/sourceCode/new-api/model/main.go:596
[0m[33m[0.000ms] [34;1m[rows:-][0m SELECT DATABASE()

2026/08/15 00:11:24 [32mE:/selfWork/newApi/sourceCode/new-api/model/main.go:596
[0m[33m[0.000ms] [34;1m[rows:1][0m SELECT SCHEMA_NAME from Information_schema.SCHEMATA where SCHEMA_NAME LIKE 'main%' ORDER BY SCHEMA_NAME='main' DESC,SCHEMA_NAME limit 1

2026/08/15 00:11:24 [32mE:/selfWork/newApi/sourceCode/new-api/model/main.go:596
[0m[33m[0.000ms] [34;1m[rows:-][0m SELECT count(*) FROM information_schema.tables WHERE table_schema = 'main' AND table_name = 'tokens' AND table_type = 'BASE TABLE'

2026/08/15 00:11:24 [32mE:/selfWork/newApi/sourceCode/new-api/model/main.go:600
[0m[33m[0.000ms] [34;1m[rows:-][0m SELECT DATABASE()

2026/08/15 00:11:24 [32mE:/selfWork/newApi/sourceCode/new-api/model/main.go:600
[0m[33m[0.000ms] [34;1m[rows:1][0m SELECT SCHEMA_NAME from Information_schema.SCHEMATA where SCHEMA_NAME LIKE 'main%' ORDER BY SCHEMA_NAME='main' DESC,SCHEMA_NAME limit 1

2026/08/15 00:11:24 [32mE:/selfWork/newApi/sourceCode/new-api/model/main.go:600
[0m[33m[0.534ms] [34;1m[rows:-][0m SELECT count(*) FROM INFORMATION_SCHEMA.columns WHERE table_schema = 'main' AND table_name = 'tokens' AND column_name = 'model_limits'

2026/08/15 00:11:24 [32mE:/selfWork/newApi/sourceCode/new-api/model/main.go:619
[0m[33m[0.000ms] [34;1m[rows:1][0m SELECT COLUMN_TYPE FROM information_schema.columns
				WHERE table_schema = DATABASE() AND table_name = 'tokens' AND column_name = 'model_limits'

2026/08/15 00:11:24 [32mE:/selfWork/newApi/sourceCode/new-api/model/main.go:261
[0m[33m[0.000ms] [34;1m[rows:-][0m SELECT DATABASE()

2026/08/15 00:11:24 [32mE:/selfWork/newApi/sourceCode/new-api/model/main.go:261
[0m[33m[0.000ms] [34;1m[rows:1][0m SELECT SCHEMA_NAME from Information_schema.SCHEMATA where SCHEMA_NAME LIKE 'main%' ORDER BY SCHEMA_NAME='main' DESC,SCHEMA_NAME limit 1

2026/08/15 00:11:24 [32mE:/selfWork/newApi/sourceCode/new-api/model/main.go:261
[0m[33m[0.000ms] [34;1m[rows:-][0m SELECT count(*) FROM information_schema.tables WHERE table_schema = 'main' AND table_name = 'channels' AND table_type = 'BASE TABLE'

2026/08/15 00:11:24 [32mE:/selfWork/newApi/sourceCode/new-api/model/main.go:261
[0m[33m[0.000ms] [34;1m[rows:-][0m SELECT DATABASE()

2026/08/15 00:11:24 [32mE:/selfWork/newApi/sourceCode/new-api/model/main.go:261
[0m[33m[0.537ms] [34;1m[rows:1][0m SELECT SCHEMA_NAME from Information_schema.SCHEMATA where SCHEMA_NAME LIKE 'main%' ORDER BY SCHEMA_NAME='main' DESC,SCHEMA_NAME limit 1

2026/08/15 00:11:24 [32mE:/selfWork/newApi/sourceCode/new-api/model/main.go:261
[0m[33m[0.000ms] [34;1m[rows:-][0m SELECT * FROM `channels` LIMIT 1

2026/08/15 00:11:24 [32mE:/selfWork/newApi/sourceCode/new-api/model/main.go:261
[0m[33m[0.695ms] [34;1m[rows:-][0m SELECT column_name, column_default, is_nullable = 'YES', data_type, character_maximum_length, column_type, column_key, extra, column_comment, numeric_precision, numeric_scale , datetime_precision FROM information_schema.columns WHERE table_schema = 'main' AND table_name = 'channels' ORDER BY ORDINAL_POSITION

2026/08/15 00:11:24 [32mE:/selfWork/newApi/sourceCode/new-api/model/main.go:261
[0m[33m[0.563ms] [34;1m[rows:-][0m SELECT DATABASE()

2026/08/15 00:11:24 [32mE:/selfWork/newApi/sourceCode/new-api/model/main.go:261
[0m[33m[0.000ms] [34;1m[rows:1][0m SELECT SCHEMA_NAME from Information_schema.SCHEMATA where SCHEMA_NAME LIKE 'main%' ORDER BY SCHEMA_NAME='main' DESC,SCHEMA_NAME limit 1

2026/08/15 00:11:24 [32mE:/selfWork/newApi/sourceCode/new-api/model/main.go:261
[0m[33m[0.536ms] [34;1m[rows:-][0m SELECT count(*) FROM information_schema.statistics WHERE table_schema = 'main' AND table_name = 'channels' AND index_name = 'idx_channels_name'

2026/08/15 00:11:24 [32mE:/selfWork/newApi/sourceCode/new-api/model/main.go:261
[0m[33m[0.000ms] [34;1m[rows:-][0m SELECT DATABASE()

2026/08/15 00:11:24 [32mE:/selfWork/newApi/sourceCode/new-api/model/main.go:261
[0m[33m[0.000ms] [34;1m[rows:1][0m SELECT SCHEMA_NAME from Information_schema.SCHEMATA where SCHEMA_NAME LIKE 'main%' ORDER BY SCHEMA_NAME='main' DESC,SCHEMA_NAME limit 1

2026/08/15 00:11:24 [32mE:/selfWork/newApi/sourceCode/new-api/model/main.go:261
[0m[33m[0.590ms] [34;1m[rows:-][0m SELECT count(*) FROM information_schema.statistics WHERE table_schema = 'main' AND table_name = 'channels' AND index_name = 'idx_channels_tag'

2026/08/15 00:11:24 [32mE:/selfWork/newApi/sourceCode/new-api/model/main.go:261
[0m[33m[0.000ms] [34;1m[rows:-][0m SELECT DATABASE()

2026/08/15 00:11:24 [32mE:/selfWork/newApi/sourceCode/new-api/model/main.go:261
[0m[33m[0.000ms] [34;1m[rows:1][0m SELECT SCHEMA_NAME from Information_schema.SCHEMATA where SCHEMA_NAME LIKE 'main%' ORDER BY SCHEMA_NAME='main' DESC,SCHEMA_NAME limit 1

2026/08/15 00:11:24 [32mE:/selfWork/newApi/sourceCode/new-api/model/main.go:261
[0m[33m[0.000ms] [34;1m[rows:-][0m SELECT count(*) FROM information_schema.tables WHERE table_schema = 'main' AND table_name = 'channel_model_health' AND table_type = 'BASE TABLE'

2026/08/15 00:11:24 [32mE:/selfWork/newApi/sourceCode/new-api/model/main.go:261
[0m[33m[0.000ms] [34;1m[rows:-][0m SELECT DATABASE()

2026/08/15 00:11:24 [32mE:/selfWork/newApi/sourceCode/new-api/model/main.go:261
[0m[33m[0.000ms] [34;1m[rows:1][0m SELECT SCHEMA_NAME from Information_schema.SCHEMATA where SCHEMA_NAME LIKE 'main%' ORDER BY SCHEMA_NAME='main' DESC,SCHEMA_NAME limit 1

2026/08/15 00:11:24 [32mE:/selfWork/newApi/sourceCode/new-api/model/main.go:261
[0m[33m[0.527ms] [34;1m[rows:-][0m SELECT * FROM `channel_model_health` LIMIT 1

2026/08/15 00:11:24 [32mE:/selfWork/newApi/sourceCode/new-api/model/main.go:261
[0m[33m[0.000ms] [34;1m[rows:-][0m SELECT column_name, column_default, is_nullable = 'YES', data_type, character_maximum_length, column_type, column_key, extra, column_comment, numeric_precision, numeric_scale , datetime_precision FROM information_schema.columns WHERE table_schema = 'main' AND table_name = 'channel_model_health' ORDER BY ORDINAL_POSITION

2026/08/15 00:11:24 [32mE:/selfWork/newApi/sourceCode/new-api/model/main.go:261
[0m[33m[0.000ms] [34;1m[rows:-][0m SELECT DATABASE()

2026/08/15 00:11:24 [32mE:/selfWork/newApi/sourceCode/new-api/model/main.go:261
[0m[33m[0.552ms] [34;1m[rows:1][0m SELECT SCHEMA_NAME from Information_schema.SCHEMATA where SCHEMA_NAME LIKE 'main%' ORDER BY SCHEMA_NAME='main' DESC,SCHEMA_NAME limit 1

2026/08/15 00:11:24 [32mE:/selfWork/newApi/sourceCode/new-api/model/main.go:261
[0m[33m[0.000ms] [34;1m[rows:-][0m SELECT count(*) FROM information_schema.statistics WHERE table_schema = 'main' AND table_name = 'channel_model_health' AND index_name = 'idx_channel_model_health_updated_at'

2026/08/15 00:11:24 [32mE:/selfWork/newApi/sourceCode/new-api/model/main.go:261
[0m[33m[0.567ms] [34;1m[rows:-][0m SELECT DATABASE()

2026/08/15 00:11:24 [32mE:/selfWork/newApi/sourceCode/new-api/model/main.go:261
[0m[33m[0.000ms] [34;1m[rows:1][0m SELECT SCHEMA_NAME from Information_schema.SCHEMATA where SCHEMA_NAME LIKE 'main%' ORDER BY SCHEMA_NAME='main' DESC,SCHEMA_NAME limit 1

2026/08/15 00:11:24 [32mE:/selfWork/newApi/sourceCode/new-api/model/main.go:261
[0m[33m[0.523ms] [34;1m[rows:-][0m SELECT count(*) FROM information_schema.statistics WHERE table_schema = 'main' AND table_name = 'channel_model_health' AND index_name = 'uniq_channel_model_health_key'

2026/08/15 00:11:24 [32mE:/selfWork/newApi/sourceCode/new-api/model/main.go:261
[0m[33m[0.000ms] [34;1m[rows:-][0m SELECT DATABASE()

2026/08/15 00:11:24 [32mE:/selfWork/newApi/sourceCode/new-api/model/main.go:261
[0m[33m[0.000ms] [34;1m[rows:1][0m SELECT SCHEMA_NAME from Information_schema.SCHEMATA where SCHEMA_NAME LIKE 'main%' ORDER BY SCHEMA_NAME='main' DESC,SCHEMA_NAME limit 1

2026/08/15 00:11:24 [32mE:/selfWork/newApi/sourceCode/new-api/model/main.go:261
[0m[33m[0.000ms] [34;1m[rows:-][0m SELECT count(*) FROM information_schema.statistics WHERE table_schema = 'main' AND table_name = 'channel_model_health' AND index_name = 'idx_channel_model_health_state'

2026/08/15 00:11:24 [32mE:/selfWork/newApi/sourceCode/new-api/model/main.go:261
[0m[33m[0.000ms] [34;1m[rows:-][0m SELECT DATABASE()

2026/08/15 00:11:24 [32mE:/selfWork/newApi/sourceCode/new-api/model/main.go:261
[0m[33m[0.000ms] [34;1m[rows:1][0m SELECT SCHEMA_NAME from Information_schema.SCHEMATA where SCHEMA_NAME LIKE 'main%' ORDER BY SCHEMA_NAME='main' DESC,SCHEMA_NAME limit 1

2026/08/15 00:11:24 [32mE:/selfWork/newApi/sourceCode/new-api/model/main.go:261
[0m[33m[0.000ms] [34;1m[rows:-][0m SELECT count(*) FROM information_schema.statistics WHERE table_schema = 'main' AND table_name = 'channel_model_health' AND index_name = 'idx_channel_model_health_cooldown_until'

2026/08/15 00:11:24 [32mE:/selfWork/newApi/sourceCode/new-api/model/main.go:261
[0m[33m[0.583ms] [34;1m[rows:-][0m SELECT DATABASE()

2026/08/15 00:11:24 [32mE:/selfWork/newApi/sourceCode/new-api/model/main.go:261
[0m[33m[0.000ms] [34;1m[rows:1][0m SELECT SCHEMA_NAME from Information_schema.SCHEMATA where SCHEMA_NAME LIKE 'main%' ORDER BY SCHEMA_NAME='main' DESC,SCHEMA_NAME limit 1

2026/08/15 00:11:24 [32mE:/selfWork/newApi/sourceCode/new-api/model/main.go:261
[0m[33m[0.000ms] [34;1m[rows:-][0m SELECT count(*) FROM information_schema.tables WHERE table_schema = 'main' AND table_name = 'channel_model_manual_disables' AND table_type = 'BASE TABLE'

2026/08/15 00:11:24 [32mE:/selfWork/newApi/sourceCode/new-api/model/main.go:261
[0m[33m[0.000ms] [34;1m[rows:-][0m SELECT DATABASE()

2026/08/15 00:11:24 [32mE:/selfWork/newApi/sourceCode/new-api/model/main.go:261
[0m[33m[0.000ms] [34;1m[rows:1][0m SELECT SCHEMA_NAME from Information_schema.SCHEMATA where SCHEMA_NAME LIKE 'main%' ORDER BY SCHEMA_NAME='main' DESC,SCHEMA_NAME limit 1

2026/08/15 00:11:24 [32mE:/selfWork/newApi/sourceCode/new-api/model/main.go:261
[0m[33m[0.887ms] [34;1m[rows:-][0m SELECT * FROM `channel_model_manual_disables` LIMIT 1

2026/08/15 00:11:24 [32mE:/selfWork/newApi/sourceCode/new-api/model/main.go:261
[0m[33m[0.507ms] [34;1m[rows:-][0m SELECT column_name, column_default, is_nullable = 'YES', data_type, character_maximum_length, column_type, column_key, extra, column_comment, numeric_precision, numeric_scale , datetime_precision FROM information_schema.columns WHERE table_schema = 'main' AND table_name = 'channel_model_manual_disables' ORDER BY ORDINAL_POSITION

2026/08/15 00:11:24 [32mE:/selfWork/newApi/sourceCode/new-api/model/main.go:261
[0m[33m[0.506ms] [34;1m[rows:-][0m SELECT DATABASE()

2026/08/15 00:11:24 [32mE:/selfWork/newApi/sourceCode/new-api/model/main.go:261
[0m[33m[0.000ms] [34;1m[rows:1][0m SELECT SCHEMA_NAME from Information_schema.SCHEMATA where SCHEMA_NAME LIKE 'main%' ORDER BY SCHEMA_NAME='main' DESC,SCHEMA_NAME limit 1

2026/08/15 00:11:24 [32mE:/selfWork/newApi/sourceCode/new-api/model/main.go:261
[0m[33m[0.551ms] [34;1m[rows:-][0m SELECT count(*) FROM information_schema.statistics WHERE table_schema = 'main' AND table_name = 'channel_model_manual_disables' AND index_name = 'uniq_channel_model_manual_disable_key'

2026/08/15 00:11:24 [32mE:/selfWork/newApi/sourceCode/new-api/model/main.go:261
[0m[33m[0.000ms] [34;1m[rows:-][0m SELECT DATABASE()

2026/08/15 00:11:24 [32mE:/selfWork/newApi/sourceCode/new-api/model/main.go:261
[0m[33m[0.000ms] [34;1m[rows:1][0m SELECT SCHEMA_NAME from Information_schema.SCHEMATA where SCHEMA_NAME LIKE 'main%' ORDER BY SCHEMA_NAME='main' DESC,SCHEMA_NAME limit 1

2026/08/15 00:11:24 [32mE:/selfWork/newApi/sourceCode/new-api/model/main.go:261
[0m[33m[0.577ms] [34;1m[rows:-][0m SELECT count(*) FROM information_schema.statistics WHERE table_schema = 'main' AND table_name = 'channel_model_manual_disables' AND index_name = 'idx_channel_model_manual_disables_active'

2026/08/15 00:11:24 [32mE:/selfWork/newApi/sourceCode/new-api/model/main.go:261
[0m[33m[0.000ms] [34;1m[rows:-][0m SELECT DATABASE()

2026/08/15 00:11:24 [32mE:/selfWork/newApi/sourceCode/new-api/model/main.go:261
[0m[33m[0.516ms] [34;1m[rows:1][0m SELECT SCHEMA_NAME from Information_schema.SCHEMATA where SCHEMA_NAME LIKE 'main%' ORDER BY SCHEMA_NAME='main' DESC,SCHEMA_NAME limit 1

2026/08/15 00:11:24 [32mE:/selfWork/newApi/sourceCode/new-api/model/main.go:261
[0m[33m[0.000ms] [34;1m[rows:-][0m SELECT count(*) FROM information_schema.statistics WHERE table_schema = 'main' AND table_name = 'channel_model_manual_disables' AND index_name = 'idx_channel_model_manual_disables_updated_at'

2026/08/15 00:11:24 [32mE:/selfWork/newApi/sourceCode/new-api/model/main.go:261
[0m[33m[0.000ms] [34;1m[rows:-][0m SELECT DATABASE()

2026/08/15 00:11:24 [32mE:/selfWork/newApi/sourceCode/new-api/model/main.go:261
[0m[33m[0.000ms] [34;1m[rows:1][0m SELECT SCHEMA_NAME from Information_schema.SCHEMATA where SCHEMA_NAME LIKE 'main%' ORDER BY SCHEMA_NAME='main' DESC,SCHEMA_NAME limit 1

2026/08/15 00:11:24 [32mE:/selfWork/newApi/sourceCode/new-api/model/main.go:261
[0m[33m[0.000ms] [34;1m[rows:-][0m SELECT count(*) FROM information_schema.tables WHERE table_schema = 'main' AND table_name = 'channel_upstream_metrics' AND table_type = 'BASE TABLE'

2026/08/15 00:11:24 [32mE:/selfWork/newApi/sourceCode/new-api/model/main.go:261
[0m[33m[0.000ms] [34;1m[rows:-][0m SELECT DATABASE()

2026/08/15 00:11:24 [32mE:/selfWork/newApi/sourceCode/new-api/model/main.go:261
[0m[33m[0.000ms] [34;1m[rows:1][0m SELECT SCHEMA_NAME from Information_schema.SCHEMATA where SCHEMA_NAME LIKE 'main%' ORDER BY SCHEMA_NAME='main' DESC,SCHEMA_NAME limit 1

2026/08/15 00:11:24 [32mE:/selfWork/newApi/sourceCode/new-api/model/main.go:261
[0m[33m[0.532ms] [34;1m[rows:-][0m SELECT * FROM `channel_upstream_metrics` LIMIT 1

2026/08/15 00:11:24 [32mE:/selfWork/newApi/sourceCode/new-api/model/main.go:261
[0m[33m[0.531ms] [34;1m[rows:-][0m SELECT column_name, column_default, is_nullable = 'YES', data_type, character_maximum_length, column_type, column_key, extra, column_comment, numeric_precision, numeric_scale , datetime_precision FROM information_schema.columns WHERE table_schema = 'main' AND table_name = 'channel_upstream_metrics' ORDER BY ORDINAL_POSITION

2026/08/15 00:11:24 [32mE:/selfWork/newApi/sourceCode/new-api/model/main.go:261
[0m[33m[0.519ms] [34;1m[rows:-][0m SELECT DATABASE()

2026/08/15 00:11:24 [32mE:/selfWork/newApi/sourceCode/new-api/model/main.go:261
[0m[33m[0.000ms] [34;1m[rows:1][0m SELECT SCHEMA_NAME from Information_schema.SCHEMATA where SCHEMA_NAME LIKE 'main%' ORDER BY SCHEMA_NAME='main' DESC,SCHEMA_NAME limit 1

2026/08/15 00:11:24 [32mE:/selfWork/newApi/sourceCode/new-api/model/main.go:261
[0m[33m[0.000ms] [34;1m[rows:-][0m SELECT count(*) FROM information_schema.statistics WHERE table_schema = 'main' AND table_name = 'channel_upstream_metrics' AND index_name = 'idx_channel_upstream_metrics_channel_id'

2026/08/15 00:11:24 [32mE:/selfWork/newApi/sourceCode/new-api/model/main.go:261
[0m[33m[0.000ms] [34;1m[rows:-][0m SELECT DATABASE()

2026/08/15 00:11:24 [32mE:/selfWork/newApi/sourceCode/new-api/model/main.go:261
[0m[33m[0.000ms] [34;1m[rows:1][0m SELECT SCHEMA_NAME from Information_schema.SCHEMATA where SCHEMA_NAME LIKE 'main%' ORDER BY SCHEMA_NAME='main' DESC,SCHEMA_NAME limit 1

2026/08/15 00:11:24 [32mE:/selfWork/newApi/sourceCode/new-api/model/main.go:261
[0m[33m[0.000ms] [34;1m[rows:-][0m SELECT count(*) FROM information_schema.tables WHERE table_schema = 'main' AND table_name = 'tokens' AND table_type = 'BASE TABLE'

2026/08/15 00:11:24 [32mE:/selfWork/newApi/sourceCode/new-api/model/main.go:261
[0m[33m[0.000ms] [34;1m[rows:-][0m SELECT DATABASE()

2026/08/15 00:11:24 [32mE:/selfWork/newApi/sourceCode/new-api/model/main.go:261
[0m[33m[0.000ms] [34;1m[rows:1][0m SELECT SCHEMA_NAME from Information_schema.SCHEMATA where SCHEMA_NAME LIKE 'main%' ORDER BY SCHEMA_NAME='main' DESC,SCHEMA_NAME limit 1

2026/08/15 00:11:24 [32mE:/selfWork/newApi/sourceCode/new-api/model/main.go:261
[0m[33m[1.405ms] [34;1m[rows:-][0m SELECT * FROM `tokens` LIMIT 1

2026/08/15 00:11:24 [32mE:/selfWork/newApi/sourceCode/new-api/model/main.go:261
[0m[33m[0.506ms] [34;1m[rows:-][0m SELECT column_name, column_default, is_nullable = 'YES', data_type, character_maximum_length, column_type, column_key, extra, column_comment, numeric_precision, numeric_scale , datetime_precision FROM information_schema.columns WHERE table_schema = 'main' AND table_name = 'tokens' ORDER BY ORDINAL_POSITION

2026/08/15 00:11:24 [32mE:/selfWork/newApi/sourceCode/new-api/model/main.go:261
[0m[33m[0.627ms] [34;1m[rows:-][0m SELECT DATABASE()

2026/08/15 00:11:24 [32mE:/selfWork/newApi/sourceCode/new-api/model/main.go:261
[0m[33m[0.000ms] [34;1m[rows:1][0m SELECT SCHEMA_NAME from Information_schema.SCHEMATA where SCHEMA_NAME LIKE 'main%' ORDER BY SCHEMA_NAME='main' DESC,SCHEMA_NAME limit 1

2026/08/15 00:11:24 [32mE:/selfWork/newApi/sourceCode/new-api/model/main.go:261
[0m[33m[0.536ms] [34;1m[rows:-][0m SELECT count(*) FROM information_schema.statistics WHERE table_schema = 'main' AND table_name = 'tokens' AND index_name = 'idx_tokens_user_id'

2026/08/15 00:11:24 [32mE:/selfWork/newApi/sourceCode/new-api/model/main.go:261
[0m[33m[0.000ms] [34;1m[rows:-][0m SELECT DATABASE()

2026/08/15 00:11:24 [32mE:/selfWork/newApi/sourceCode/new-api/model/main.go:261
[0m[33m[0.539ms] [34;1m[rows:1][0m SELECT SCHEMA_NAME from Information_schema.SCHEMATA where SCHEMA_NAME LIKE 'main%' ORDER BY SCHEMA_NAME='main' DESC,SCHEMA_NAME limit 1

2026/08/15 00:11:24 [32mE:/selfWork/newApi/sourceCode/new-api/model/main.go:261
[0m[33m[0.000ms] [34;1m[rows:-][0m SELECT count(*) FROM information_schema.statistics WHERE table_schema = 'main' AND table_name = 'tokens' AND index_name = 'idx_tokens_key'

2026/08/15 00:11:24 [32mE:/selfWork/newApi/sourceCode/new-api/model/main.go:261
[0m[33m[0.000ms] [34;1m[rows:-][0m SELECT DATABASE()

2026/08/15 00:11:24 [32mE:/selfWork/newApi/sourceCode/new-api/model/main.go:261
[0m[33m[0.000ms] [34;1m[rows:1][0m SELECT SCHEMA_NAME from Information_schema.SCHEMATA where SCHEMA_NAME LIKE 'main%' ORDER BY SCHEMA_NAME='main' DESC,SCHEMA_NAME limit 1

2026/08/15 00:11:24 [32mE:/selfWork/newApi/sourceCode/new-api/model/main.go:261
[0m[33m[0.534ms] [34;1m[rows:-][0m SELECT count(*) FROM information_schema.statistics WHERE table_schema = 'main' AND table_name = 'tokens' AND index_name = 'idx_tokens_name'

2026/08/15 00:11:24 [32mE:/selfWork/newApi/sourceCode/new-api/model/main.go:261
[0m[33m[0.000ms] [34;1m[rows:-][0m SELECT DATABASE()

2026/08/15 00:11:24 [32mE:/selfWork/newApi/sourceCode/new-api/model/main.go:261
[0m[33m[0.000ms] [34;1m[rows:1][0m SELECT SCHEMA_NAME from Information_schema.SCHEMATA where SCHEMA_NAME LIKE 'main%' ORDER BY SCHEMA_NAME='main' DESC,SCHEMA_NAME limit 1

2026/08/15 00:11:24 [32mE:/selfWork/newApi/sourceCode/new-api/model/main.go:261
[0m[33m[0.000ms] [34;1m[rows:-][0m SELECT count(*) FROM information_schema.statistics WHERE table_schema = 'main' AND table_name = 'tokens' AND index_name = 'idx_tokens_deleted_at'

2026/08/15 00:11:24 [32mE:/selfWork/newApi/sourceCode/new-api/model/main.go:261
[0m[33m[0.000ms] [34;1m[rows:-][0m SELECT DATABASE()

2026/08/15 00:11:24 [32mE:/selfWork/newApi/sourceCode/new-api/model/main.go:261
[0m[33m[0.000ms] [34;1m[rows:1][0m SELECT SCHEMA_NAME from Information_schema.SCHEMATA where SCHEMA_NAME LIKE 'main%' ORDER BY SCHEMA_NAME='main' DESC,SCHEMA_NAME limit 1

2026/08/15 00:11:24 [32mE:/selfWork/newApi/sourceCode/new-api/model/main.go:261
[0m[33m[0.000ms] [34;1m[rows:-][0m SELECT count(*) FROM information_schema.tables WHERE table_schema = 'main' AND table_name = 'users' AND table_type = 'BASE TABLE'

2026/08/15 00:11:24 [32mE:/selfWork/newApi/sourceCode/new-api/model/main.go:261
[0m[33m[0.000ms] [34;1m[rows:-][0m SELECT DATABASE()

2026/08/15 00:11:24 [32mE:/selfWork/newApi/sourceCode/new-api/model/main.go:261
[0m[33m[0.578ms] [34;1m[rows:1][0m SELECT SCHEMA_NAME from Information_schema.SCHEMATA where SCHEMA_NAME LIKE 'main%' ORDER BY SCHEMA_NAME='main' DESC,SCHEMA_NAME limit 1

2026/08/15 00:11:24 [32mE:/selfWork/newApi/sourceCode/new-api/model/main.go:261
[0m[33m[0.000ms] [34;1m[rows:-][0m SELECT * FROM `users` LIMIT 1

2026/08/15 00:11:24 [32mE:/selfWork/newApi/sourceCode/new-api/model/main.go:261
[0m[33m[0.523ms] [34;1m[rows:-][0m SELECT column_name, column_default, is_nullable = 'YES', data_type, character_maximum_length, column_type, column_key, extra, column_comment, numeric_precision, numeric_scale , datetime_precision FROM information_schema.columns WHERE table_schema = 'main' AND table_name = 'users' ORDER BY ORDINAL_POSITION

2026/08/15 00:11:24 [32mE:/selfWork/newApi/sourceCode/new-api/model/main.go:261
[0m[33m[0.000ms] [34;1m[rows:-][0m SELECT DATABASE()

2026/08/15 00:11:24 [32mE:/selfWork/newApi/sourceCode/new-api/model/main.go:261
[0m[33m[0.543ms] [34;1m[rows:1][0m SELECT SCHEMA_NAME from Information_schema.SCHEMATA where SCHEMA_NAME LIKE 'main%' ORDER BY SCHEMA_NAME='main' DESC,SCHEMA_NAME limit 1

2026/08/15 00:11:24 [32mE:/selfWork/newApi/sourceCode/new-api/model/main.go:261
[0m[33m[0.000ms] [34;1m[rows:-][0m SELECT count(*) FROM information_schema.statistics WHERE table_schema = 'main' AND table_name = 'users' AND index_name = 'idx_users_oidc_id'

2026/08/15 00:11:24 [32mE:/selfWork/newApi/sourceCode/new-api/model/main.go:261
[0m[33m[0.000ms] [34;1m[rows:-][0m SELECT DATABASE()

2026/08/15 00:11:24 [32mE:/selfWork/newApi/sourceCode/new-api/model/main.go:261
[0m[33m[0.535ms] [34;1m[rows:1][0m SELECT SCHEMA_NAME from Information_schema.SCHEMATA where SCHEMA_NAME LIKE 'main%' ORDER BY SCHEMA_NAME='main' DESC,SCHEMA_NAME limit 1

2026/08/15 00:11:24 [32mE:/selfWork/newApi/sourceCode/new-api/model/main.go:261
[0m[33m[0.000ms] [34;1m[rows:-][0m SELECT count(*) FROM information_schema.statistics WHERE table_schema = 'main' AND table_name = 'users' AND index_name = 'idx_users_inviter_id'

2026/08/15 00:11:24 [32mE:/selfWork/newApi/sourceCode/new-api/model/main.go:261
[0m[33m[0.000ms] [34;1m[rows:-][0m SELECT DATABASE()

2026/08/15 00:11:24 [32mE:/selfWork/newApi/sourceCode/new-api/model/main.go:261
[0m[33m[0.000ms] [34;1m[rows:1][0m SELECT SCHEMA_NAME from Information_schema.SCHEMATA where SCHEMA_NAME LIKE 'main%' ORDER BY SCHEMA_NAME='main' DESC,SCHEMA_NAME limit 1

2026/08/15 00:11:24 [32mE:/selfWork/newApi/sourceCode/new-api/model/main.go:261
[0m[33m[0.000ms] [34;1m[rows:-][0m SELECT count(*) FROM information_schema.statistics WHERE table_schema = 'main' AND table_name = 'users' AND index_name = 'idx_users_deleted_at'

2026/08/15 00:11:24 [32mE:/selfWork/newApi/sourceCode/new-api/model/main.go:261
[0m[33m[0.000ms] [34;1m[rows:-][0m SELECT DATABASE()

2026/08/15 00:11:24 [32mE:/selfWork/newApi/sourceCode/new-api/model/main.go:261
[0m[33m[0.000ms] [34;1m[rows:1][0m SELECT SCHEMA_NAME from Information_schema.SCHEMATA where SCHEMA_NAME LIKE 'main%' ORDER BY SCHEMA_NAME='main' DESC,SCHEMA_NAME limit 1

2026/08/15 00:11:24 [32mE:/selfWork/newApi/sourceCode/new-api/model/main.go:261
[0m[33m[0.519ms] [34;1m[rows:-][0m SELECT count(*) FROM information_schema.statistics WHERE table_schema = 'main' AND table_name = 'users' AND index_name = 'idx_users_linux_do_id'

2026/08/15 00:11:24 [32mE:/selfWork/newApi/sourceCode/new-api/model/main.go:261
[0m[33m[0.000ms] [34;1m[rows:-][0m SELECT DATABASE()

2026/08/15 00:11:24 [32mE:/selfWork/newApi/sourceCode/new-api/model/main.go:261
[0m[33m[0.000ms] [34;1m[rows:1][0m SELECT SCHEMA_NAME from Information_schema.SCHEMATA where SCHEMA_NAME LIKE 'main%' ORDER BY SCHEMA_NAME='main' DESC,SCHEMA_NAME limit 1

2026/08/15 00:11:24 [32mE:/selfWork/newApi/sourceCode/new-api/model/main.go:261
[0m[33m[0.000ms] [34;1m[rows:-][0m SELECT count(*) FROM information_schema.statistics WHERE table_schema = 'main' AND table_name = 'users' AND index_name = 'idx_users_stripe_customer'

2026/08/15 00:11:24 [32mE:/selfWork/newApi/sourceCode/new-api/model/main.go:261
[0m[33m[0.000ms] [34;1m[rows:-][0m SELECT DATABASE()

2026/08/15 00:11:24 [32mE:/selfWork/newApi/sourceCode/new-api/model/main.go:261
[0m[33m[0.000ms] [34;1m[rows:1][0m SELECT SCHEMA_NAME from Information_schema.SCHEMATA where SCHEMA_NAME LIKE 'main%' ORDER BY SCHEMA_NAME='main' DESC,SCHEMA_NAME limit 1

2026/08/15 00:11:24 [32mE:/selfWork/newApi/sourceCode/new-api/model/main.go:261
[0m[33m[0.000ms] [34;1m[rows:-][0m SELECT count(*) FROM information_schema.statistics WHERE table_schema = 'main' AND table_name = 'users' AND index_name = 'idx_users_email'

2026/08/15 00:11:24 [32mE:/selfWork/newApi/sourceCode/new-api/model/main.go:261
[0m[33m[0.000ms] [34;1m[rows:-][0m SELECT DATABASE()

2026/08/15 00:11:24 [32mE:/selfWork/newApi/sourceCode/new-api/model/main.go:261
[0m[33m[0.524ms] [34;1m[rows:1][0m SELECT SCHEMA_NAME from Information_schema.SCHEMATA where SCHEMA_NAME LIKE 'main%' ORDER BY SCHEMA_NAME='main' DESC,SCHEMA_NAME limit 1

2026/08/15 00:11:24 [32mE:/selfWork/newApi/sourceCode/new-api/model/main.go:261
[0m[33m[0.000ms] [34;1m[rows:-][0m SELECT count(*) FROM information_schema.statistics WHERE table_schema = 'main' AND table_name = 'users' AND index_name = 'idx_users_discord_id'

2026/08/15 00:11:24 [32mE:/selfWork/newApi/sourceCode/new-api/model/main.go:261
[0m[33m[0.000ms] [34;1m[rows:-][0m SELECT DATABASE()

2026/08/15 00:11:24 [32mE:/selfWork/newApi/sourceCode/new-api/model/main.go:261
[0m[33m[0.533ms] [34;1m[rows:1][0m SELECT SCHEMA_NAME from Information_schema.SCHEMATA where SCHEMA_NAME LIKE 'main%' ORDER BY SCHEMA_NAME='main' DESC,SCHEMA_NAME limit 1

2026/08/15 00:11:24 [32mE:/selfWork/newApi/sourceCode/new-api/model/main.go:261
[0m[33m[0.000ms] [34;1m[rows:-][0m SELECT count(*) FROM information_schema.statistics WHERE table_schema = 'main' AND table_name = 'users' AND index_name = 'idx_users_we_chat_id'

2026/08/15 00:11:24 [32mE:/selfWork/newApi/sourceCode/new-api/model/main.go:261
[0m[33m[0.000ms] [34;1m[rows:-][0m SELECT DATABASE()

2026/08/15 00:11:24 [32mE:/selfWork/newApi/sourceCode/new-api/model/main.go:261
[0m[33m[0.000ms] [34;1m[rows:1][0m SELECT SCHEMA_NAME from Information_schema.SCHEMATA where SCHEMA_NAME LIKE 'main%' ORDER BY SCHEMA_NAME='main' DESC,SCHEMA_NAME limit 1

2026/08/15 00:11:24 [32mE:/selfWork/newApi/sourceCode/new-api/model/main.go:261
[0m[33m[0.000ms] [34;1m[rows:-][0m SELECT count(*) FROM information_schema.statistics WHERE table_schema = 'main' AND table_name = 'users' AND index_name = 'idx_users_telegram_id'

2026/08/15 00:11:24 [32mE:/selfWork/newApi/sourceCode/new-api/model/main.go:261
[0m[33m[0.000ms] [34;1m[rows:-][0m SELECT DATABASE()

2026/08/15 00:11:24 [32mE:/selfWork/newApi/sourceCode/new-api/model/main.go:261
[0m[33m[0.000ms] [34;1m[rows:1][0m SELECT SCHEMA_NAME from Information_schema.SCHEMATA where SCHEMA_NAME LIKE 'main%' ORDER BY SCHEMA_NAME='main' DESC,SCHEMA_NAME limit 1

2026/08/15 00:11:24 [32mE:/selfWork/newApi/sourceCode/new-api/model/main.go:261
[0m[33m[0.000ms] [34;1m[rows:-][0m SELECT count(*) FROM information_schema.statistics WHERE table_schema = 'main' AND table_name = 'users' AND index_name = 'idx_users_access_token'

2026/08/15 00:11:24 [32mE:/selfWork/newApi/sourceCode/new-api/model/main.go:261
[0m[33m[0.000ms] [34;1m[rows:-][0m SELECT DATABASE()

2026/08/15 00:11:24 [32mE:/selfWork/newApi/sourceCode/new-api/model/main.go:261
[0m[33m[0.000ms] [34;1m[rows:1][0m SELECT SCHEMA_NAME from Information_schema.SCHEMATA where SCHEMA_NAME LIKE 'main%' ORDER BY SCHEMA_NAME='main' DESC,SCHEMA_NAME limit 1

2026/08/15 00:11:24 [32mE:/selfWork/newApi/sourceCode/new-api/model/main.go:261
[0m[33m[0.000ms] [34;1m[rows:-][0m SELECT count(*) FROM information_schema.statistics WHERE table_schema = 'main' AND table_name = 'users' AND index_name = 'idx_users_aff_code'

2026/08/15 00:11:24 [32mE:/selfWork/newApi/sourceCode/new-api/model/main.go:261
[0m[33m[0.000ms] [34;1m[rows:-][0m SELECT DATABASE()

2026/08/15 00:11:24 [32mE:/selfWork/newApi/sourceCode/new-api/model/main.go:261
[0m[33m[0.000ms] [34;1m[rows:1][0m SELECT SCHEMA_NAME from Information_schema.SCHEMATA where SCHEMA_NAME LIKE 'main%' ORDER BY SCHEMA_NAME='main' DESC,SCHEMA_NAME limit 1

2026/08/15 00:11:24 [32mE:/selfWork/newApi/sourceCode/new-api/model/main.go:261
[0m[33m[0.000ms] [34;1m[rows:-][0m SELECT count(*) FROM information_schema.statistics WHERE table_schema = 'main' AND table_name = 'users' AND index_name = 'idx_users_username'

2026/08/15 00:11:24 [32mE:/selfWork/newApi/sourceCode/new-api/model/main.go:261
[0m[33m[0.000ms] [34;1m[rows:-][0m SELECT DATABASE()

2026/08/15 00:11:24 [32mE:/selfWork/newApi/sourceCode/new-api/model/main.go:261
[0m[33m[0.000ms] [34;1m[rows:1][0m SELECT SCHEMA_NAME from Information_schema.SCHEMATA where SCHEMA_NAME LIKE 'main%' ORDER BY SCHEMA_NAME='main' DESC,SCHEMA_NAME limit 1

2026/08/15 00:11:24 [32mE:/selfWork/newApi/sourceCode/new-api/model/main.go:261
[0m[33m[0.533ms] [34;1m[rows:-][0m SELECT count(*) FROM information_schema.statistics WHERE table_schema = 'main' AND table_name = 'users' AND index_name = 'idx_users_display_name'

2026/08/15 00:11:24 [32mE:/selfWork/newApi/sourceCode/new-api/model/main.go:261
[0m[33m[0.000ms] [34;1m[rows:-][0m SELECT DATABASE()

2026/08/15 00:11:24 [32mE:/selfWork/newApi/sourceCode/new-api/model/main.go:261
[0m[33m[0.000ms] [34;1m[rows:1][0m SELECT SCHEMA_NAME from Information_schema.SCHEMATA where SCHEMA_NAME LIKE 'main%' ORDER BY SCHEMA_NAME='main' DESC,SCHEMA_NAME limit 1

2026/08/15 00:11:24 [32mE:/selfWork/newApi/sourceCode/new-api/model/main.go:261
[0m[33m[0.611ms] [34;1m[rows:-][0m SELECT count(*) FROM information_schema.statistics WHERE table_schema = 'main' AND table_name = 'users' AND index_name = 'idx_users_git_hub_id'

2026/08/15 00:11:24 [32mE:/selfWork/newApi/sourceCode/new-api/model/main.go:261
[0m[33m[0.000ms] [34;1m[rows:-][0m SELECT DATABASE()

2026/08/15 00:11:24 [32mE:/selfWork/newApi/sourceCode/new-api/model/main.go:261
[0m[33m[0.536ms] [34;1m[rows:1][0m SELECT SCHEMA_NAME from Information_schema.SCHEMATA where SCHEMA_NAME LIKE 'main%' ORDER BY SCHEMA_NAME='main' DESC,SCHEMA_NAME limit 1

2026/08/15 00:11:24 [32mE:/selfWork/newApi/sourceCode/new-api/model/main.go:261
[0m[33m[0.000ms] [34;1m[rows:-][0m SELECT count(*) FROM information_schema.tables WHERE table_schema = 'main' AND table_name = 'user_sessions' AND table_type = 'BASE TABLE'

2026/08/15 00:11:24 [32mE:/selfWork/newApi/sourceCode/new-api/model/main.go:261
[0m[33m[0.000ms] [34;1m[rows:-][0m SELECT DATABASE()

2026/08/15 00:11:24 [32mE:/selfWork/newApi/sourceCode/new-api/model/main.go:261
[0m[33m[0.590ms] [34;1m[rows:1][0m SELECT SCHEMA_NAME from Information_schema.SCHEMATA where SCHEMA_NAME LIKE 'main%' ORDER BY SCHEMA_NAME='main' DESC,SCHEMA_NAME limit 1

2026/08/15 00:11:24 [32mE:/selfWork/newApi/sourceCode/new-api/model/main.go:261
[0m[33m[0.000ms] [34;1m[rows:-][0m SELECT * FROM `user_sessions` LIMIT 1

2026/08/15 00:11:24 [32mE:/selfWork/newApi/sourceCode/new-api/model/main.go:261
[0m[33m[0.586ms] [34;1m[rows:-][0m SELECT column_name, column_default, is_nullable = 'YES', data_type, character_maximum_length, column_type, column_key, extra, column_comment, numeric_precision, numeric_scale , datetime_precision FROM information_schema.columns WHERE table_schema = 'main' AND table_name = 'user_sessions' ORDER BY ORDINAL_POSITION

2026/08/15 00:11:24 [32mE:/selfWork/newApi/sourceCode/new-api/model/main.go:261
[0m[33m[0.000ms] [34;1m[rows:-][0m SELECT DATABASE()

2026/08/15 00:11:24 [32mE:/selfWork/newApi/sourceCode/new-api/model/main.go:261
[0m[33m[0.748ms] [34;1m[rows:1][0m SELECT SCHEMA_NAME from Information_schema.SCHEMATA where SCHEMA_NAME LIKE 'main%' ORDER BY SCHEMA_NAME='main' DESC,SCHEMA_NAME limit 1

2026/08/15 00:11:24 [32mE:/selfWork/newApi/sourceCode/new-api/model/main.go:261
[0m[33m[0.000ms] [34;1m[rows:-][0m SELECT count(*) FROM information_schema.statistics WHERE table_schema = 'main' AND table_name = 'user_sessions' AND index_name = 'idx_user_sessions_expires_at'

2026/08/15 00:11:24 [32mE:/selfWork/newApi/sourceCode/new-api/model/main.go:261
[0m[33m[0.000ms] [34;1m[rows:-][0m SELECT DATABASE()

2026/08/15 00:11:24 [32mE:/selfWork/newApi/sourceCode/new-api/model/main.go:261
[0m[33m[0.535ms] [34;1m[rows:1][0m SELECT SCHEMA_NAME from Information_schema.SCHEMATA where SCHEMA_NAME LIKE 'main%' ORDER BY SCHEMA_NAME='main' DESC,SCHEMA_NAME limit 1

2026/08/15 00:11:24 [32mE:/selfWork/newApi/sourceCode/new-api/model/main.go:261
[0m[33m[0.000ms] [34;1m[rows:-][0m SELECT count(*) FROM information_schema.statistics WHERE table_schema = 'main' AND table_name = 'user_sessions' AND index_name = 'idx_user_sessions_user_status_expiry'

2026/08/15 00:11:24 [32mE:/selfWork/newApi/sourceCode/new-api/model/main.go:261
[0m[33m[0.000ms] [34;1m[rows:-][0m SELECT DATABASE()

2026/08/15 00:11:24 [32mE:/selfWork/newApi/sourceCode/new-api/model/main.go:261
[0m[33m[0.000ms] [34;1m[rows:1][0m SELECT SCHEMA_NAME from Information_schema.SCHEMATA where SCHEMA_NAME LIKE 'main%' ORDER BY SCHEMA_NAME='main' DESC,SCHEMA_NAME limit 1

2026/08/15 00:11:24 [32mE:/selfWork/newApi/sourceCode/new-api/model/main.go:261
[0m[33m[0.000ms] [34;1m[rows:-][0m SELECT count(*) FROM information_schema.statistics WHERE table_schema = 'main' AND table_name = 'user_sessions' AND index_name = 'idx_user_sessions_user_created'

2026/08/15 00:11:24 [32mE:/selfWork/newApi/sourceCode/new-api/model/main.go:261
[0m[33m[0.000ms] [34;1m[rows:-][0m SELECT DATABASE()

2026/08/15 00:11:24 [32mE:/selfWork/newApi/sourceCode/new-api/model/main.go:261
[0m[33m[0.000ms] [34;1m[rows:1][0m SELECT SCHEMA_NAME from Information_schema.SCHEMATA where SCHEMA_NAME LIKE 'main%' ORDER BY SCHEMA_NAME='main' DESC,SCHEMA_NAME limit 1

2026/08/15 00:11:24 [32mE:/selfWork/newApi/sourceCode/new-api/model/main.go:261
[0m[33m[0.532ms] [34;1m[rows:-][0m SELECT count(*) FROM information_schema.statistics WHERE table_schema = 'main' AND table_name = 'user_sessions' AND index_name = 'idx_user_sessions_status_revoked'

2026/08/15 00:11:24 [32mE:/selfWork/newApi/sourceCode/new-api/model/main.go:261
[0m[33m[0.000ms] [34;1m[rows:-][0m SELECT DATABASE()

2026/08/15 00:11:24 [32mE:/selfWork/newApi/sourceCode/new-api/model/main.go:261
[0m[33m[0.000ms] [34;1m[rows:1][0m SELECT SCHEMA_NAME from Information_schema.SCHEMATA where SCHEMA_NAME LIKE 'main%' ORDER BY SCHEMA_NAME='main' DESC,SCHEMA_NAME limit 1

2026/08/15 00:11:24 [32mE:/selfWork/newApi/sourceCode/new-api/model/main.go:261
[0m[33m[0.000ms] [34;1m[rows:-][0m SELECT count(*) FROM information_schema.tables WHERE table_schema = 'main' AND table_name = 'auth_flows' AND table_type = 'BASE TABLE'

2026/08/15 00:11:24 [32mE:/selfWork/newApi/sourceCode/new-api/model/main.go:261
[0m[33m[0.000ms] [34;1m[rows:-][0m SELECT DATABASE()

2026/08/15 00:11:24 [32mE:/selfWork/newApi/sourceCode/new-api/model/main.go:261
[0m[33m[0.000ms] [34;1m[rows:1][0m SELECT SCHEMA_NAME from Information_schema.SCHEMATA where SCHEMA_NAME LIKE 'main%' ORDER BY SCHEMA_NAME='main' DESC,SCHEMA_NAME limit 1

2026/08/15 00:11:24 [32mE:/selfWork/newApi/sourceCode/new-api/model/main.go:261
[0m[33m[1.321ms] [34;1m[rows:-][0m SELECT * FROM `auth_flows` LIMIT 1

2026/08/15 00:11:24 [32mE:/selfWork/newApi/sourceCode/new-api/model/main.go:261
[0m[33m[0.000ms] [34;1m[rows:-][0m SELECT column_name, column_default, is_nullable = 'YES', data_type, character_maximum_length, column_type, column_key, extra, column_comment, numeric_precision, numeric_scale , datetime_precision FROM information_schema.columns WHERE table_schema = 'main' AND table_name = 'auth_flows' ORDER BY ORDINAL_POSITION

2026/08/15 00:11:24 [32mE:/selfWork/newApi/sourceCode/new-api/model/main.go:261
[0m[33m[0.711ms] [34;1m[rows:-][0m SELECT DATABASE()

2026/08/15 00:11:24 [32mE:/selfWork/newApi/sourceCode/new-api/model/main.go:261
[0m[33m[0.000ms] [34;1m[rows:1][0m SELECT SCHEMA_NAME from Information_schema.SCHEMATA where SCHEMA_NAME LIKE 'main%' ORDER BY SCHEMA_NAME='main' DESC,SCHEMA_NAME limit 1

2026/08/15 00:11:24 [32mE:/selfWork/newApi/sourceCode/new-api/model/main.go:261
[0m[33m[0.000ms] [34;1m[rows:-][0m SELECT count(*) FROM information_schema.statistics WHERE table_schema = 'main' AND table_name = 'auth_flows' AND index_name = 'idx_auth_flows_user_id'

2026/08/15 00:11:24 [32mE:/selfWork/newApi/sourceCode/new-api/model/main.go:261
[0m[33m[0.000ms] [34;1m[rows:-][0m SELECT DATABASE()

2026/08/15 00:11:24 [32mE:/selfWork/newApi/sourceCode/new-api/model/main.go:261
[0m[33m[0.000ms] [34;1m[rows:1][0m SELECT SCHEMA_NAME from Information_schema.SCHEMATA where SCHEMA_NAME LIKE 'main%' ORDER BY SCHEMA_NAME='main' DESC,SCHEMA_NAME limit 1

2026/08/15 00:11:24 [32mE:/selfWork/newApi/sourceCode/new-api/model/main.go:261
[0m[33m[0.000ms] [34;1m[rows:-][0m SELECT count(*) FROM information_schema.statistics WHERE table_schema = 'main' AND table_name = 'auth_flows' AND index_name = 'idx_auth_flows_session_id'

2026/08/15 00:11:24 [32mE:/selfWork/newApi/sourceCode/new-api/model/main.go:261
[0m[33m[0.000ms] [34;1m[rows:-][0m SELECT DATABASE()

2026/08/15 00:11:24 [32mE:/selfWork/newApi/sourceCode/new-api/model/main.go:261
[0m[33m[0.000ms] [34;1m[rows:1][0m SELECT SCHEMA_NAME from Information_schema.SCHEMATA where SCHEMA_NAME LIKE 'main%' ORDER BY SCHEMA_NAME='main' DESC,SCHEMA_NAME limit 1

2026/08/15 00:11:24 [32mE:/selfWork/newApi/sourceCode/new-api/model/main.go:261
[0m[33m[0.000ms] [34;1m[rows:-][0m SELECT count(*) FROM information_schema.statistics WHERE table_schema = 'main' AND table_name = 'auth_flows' AND index_name = 'idx_auth_flows_consumed_at'

2026/08/15 00:11:24 [32mE:/selfWork/newApi/sourceCode/new-api/model/main.go:261
[0m[33m[0.000ms] [34;1m[rows:-][0m SELECT DATABASE()

2026/08/15 00:11:24 [32mE:/selfWork/newApi/sourceCode/new-api/model/main.go:261
[0m[33m[0.537ms] [34;1m[rows:1][0m SELECT SCHEMA_NAME from Information_schema.SCHEMATA where SCHEMA_NAME LIKE 'main%' ORDER BY SCHEMA_NAME='main' DESC,SCHEMA_NAME limit 1

2026/08/15 00:11:24 [32mE:/selfWork/newApi/sourceCode/new-api/model/main.go:261
[0m[33m[0.000ms] [34;1m[rows:-][0m SELECT count(*) FROM information_schema.statistics WHERE table_schema = 'main' AND table_name = 'auth_flows' AND index_name = 'idx_auth_flows_token_hash'

2026/08/15 00:11:24 [32mE:/selfWork/newApi/sourceCode/new-api/model/main.go:261
[0m[33m[0.000ms] [34;1m[rows:-][0m SELECT DATABASE()

2026/08/15 00:11:24 [32mE:/selfWork/newApi/sourceCode/new-api/model/main.go:261
[0m[33m[0.597ms] [34;1m[rows:1][0m SELECT SCHEMA_NAME from Information_schema.SCHEMATA where SCHEMA_NAME LIKE 'main%' ORDER BY SCHEMA_NAME='main' DESC,SCHEMA_NAME limit 1

2026/08/15 00:11:24 [32mE:/selfWork/newApi/sourceCode/new-api/model/main.go:261
[0m[33m[0.000ms] [34;1m[rows:-][0m SELECT count(*) FROM information_schema.statistics WHERE table_schema = 'main' AND table_name = 'auth_flows' AND index_name = 'idx_auth_flow_purpose_expiry'

2026/08/15 00:11:24 [32mE:/selfWork/newApi/sourceCode/new-api/model/main.go:261
[0m[33m[0.000ms] [34;1m[rows:-][0m SELECT DATABASE()

2026/08/15 00:11:24 [32mE:/selfWork/newApi/sourceCode/new-api/model/main.go:261
[0m[33m[0.645ms] [34;1m[rows:1][0m SELECT SCHEMA_NAME from Information_schema.SCHEMATA where SCHEMA_NAME LIKE 'main%' ORDER BY SCHEMA_NAME='main' DESC,SCHEMA_NAME limit 1

2026/08/15 00:11:24 [32mE:/selfWork/newApi/sourceCode/new-api/model/main.go:261
[0m[33m[0.000ms] [34;1m[rows:-][0m SELECT count(*) FROM information_schema.tables WHERE table_schema = 'main' AND table_name = 'external_identity_claims' AND table_type = 'BASE TABLE'

2026/08/15 00:11:24 [32mE:/selfWork/newApi/sourceCode/new-api/model/main.go:261
[0m[33m[0.000ms] [34;1m[rows:-][0m SELECT DATABASE()

2026/08/15 00:11:24 [32mE:/selfWork/newApi/sourceCode/new-api/model/main.go:261
[0m[33m[0.551ms] [34;1m[rows:1][0m SELECT SCHEMA_NAME from Information_schema.SCHEMATA where SCHEMA_NAME LIKE 'main%' ORDER BY SCHEMA_NAME='main' DESC,SCHEMA_NAME limit 1

2026/08/15 00:11:24 [32mE:/selfWork/newApi/sourceCode/new-api/model/main.go:261
[0m[33m[0.676ms] [34;1m[rows:-][0m SELECT * FROM `external_identity_claims` LIMIT 1

2026/08/15 00:11:24 [32mE:/selfWork/newApi/sourceCode/new-api/model/main.go:261
[0m[33m[0.000ms] [34;1m[rows:-][0m SELECT column_name, column_default, is_nullable = 'YES', data_type, character_maximum_length, column_type, column_key, extra, column_comment, numeric_precision, numeric_scale , datetime_precision FROM information_schema.columns WHERE table_schema = 'main' AND table_name = 'external_identity_claims' ORDER BY ORDINAL_POSITION

2026/08/15 00:11:24 [32mE:/selfWork/newApi/sourceCode/new-api/model/main.go:261
[0m[33m[0.589ms] [34;1m[rows:-][0m SELECT DATABASE()

2026/08/15 00:11:24 [32mE:/selfWork/newApi/sourceCode/new-api/model/main.go:261
[0m[33m[0.000ms] [34;1m[rows:1][0m SELECT SCHEMA_NAME from Information_schema.SCHEMATA where SCHEMA_NAME LIKE 'main%' ORDER BY SCHEMA_NAME='main' DESC,SCHEMA_NAME limit 1

2026/08/15 00:11:24 [32mE:/selfWork/newApi/sourceCode/new-api/model/main.go:261
[0m[33m[0.000ms] [34;1m[rows:-][0m SELECT count(*) FROM information_schema.statistics WHERE table_schema = 'main' AND table_name = 'external_identity_claims' AND index_name = 'idx_external_identity_subject'

2026/08/15 00:11:24 [32mE:/selfWork/newApi/sourceCode/new-api/model/main.go:261
[0m[33m[0.534ms] [34;1m[rows:-][0m SELECT DATABASE()

2026/08/15 00:11:24 [32mE:/selfWork/newApi/sourceCode/new-api/model/main.go:261
[0m[33m[0.000ms] [34;1m[rows:1][0m SELECT SCHEMA_NAME from Information_schema.SCHEMATA where SCHEMA_NAME LIKE 'main%' ORDER BY SCHEMA_NAME='main' DESC,SCHEMA_NAME limit 1

2026/08/15 00:11:24 [32mE:/selfWork/newApi/sourceCode/new-api/model/main.go:261
[0m[33m[0.000ms] [34;1m[rows:-][0m SELECT count(*) FROM information_schema.statistics WHERE table_schema = 'main' AND table_name = 'external_identity_claims' AND index_name = 'idx_external_identity_user'

2026/08/15 00:11:24 [32mE:/selfWork/newApi/sourceCode/new-api/model/main.go:261
[0m[33m[0.000ms] [34;1m[rows:-][0m SELECT DATABASE()

2026/08/15 00:11:24 [32mE:/selfWork/newApi/sourceCode/new-api/model/main.go:261
[0m[33m[0.000ms] [34;1m[rows:1][0m SELECT SCHEMA_NAME from Information_schema.SCHEMATA where SCHEMA_NAME LIKE 'main%' ORDER BY SCHEMA_NAME='main' DESC,SCHEMA_NAME limit 1

2026/08/15 00:11:24 [32mE:/selfWork/newApi/sourceCode/new-api/model/main.go:261
[0m[33m[0.000ms] [34;1m[rows:-][0m SELECT count(*) FROM information_schema.statistics WHERE table_schema = 'main' AND table_name = 'external_identity_claims' AND index_name = 'idx_external_identity_claims_user_id'

2026/08/15 00:11:24 [32mE:/selfWork/newApi/sourceCode/new-api/model/main.go:261
[0m[33m[0.000ms] [34;1m[rows:-][0m SELECT DATABASE()

2026/08/15 00:11:24 [32mE:/selfWork/newApi/sourceCode/new-api/model/main.go:261
[0m[33m[0.526ms] [34;1m[rows:1][0m SELECT SCHEMA_NAME from Information_schema.SCHEMATA where SCHEMA_NAME LIKE 'main%' ORDER BY SCHEMA_NAME='main' DESC,SCHEMA_NAME limit 1

2026/08/15 00:11:24 [32mE:/selfWork/newApi/sourceCode/new-api/model/main.go:261
[0m[33m[0.000ms] [34;1m[rows:-][0m SELECT count(*) FROM information_schema.tables WHERE table_schema = 'main' AND table_name = 'passkey_credentials' AND table_type = 'BASE TABLE'

2026/08/15 00:11:24 [32mE:/selfWork/newApi/sourceCode/new-api/model/main.go:261
[0m[33m[0.000ms] [34;1m[rows:-][0m SELECT DATABASE()

2026/08/15 00:11:24 [32mE:/selfWork/newApi/sourceCode/new-api/model/main.go:261
[0m[33m[0.000ms] [34;1m[rows:1][0m SELECT SCHEMA_NAME from Information_schema.SCHEMATA where SCHEMA_NAME LIKE 'main%' ORDER BY SCHEMA_NAME='main' DESC,SCHEMA_NAME limit 1

2026/08/15 00:11:24 [32mE:/selfWork/newApi/sourceCode/new-api/model/main.go:261
[0m[33m[1.553ms] [34;1m[rows:-][0m SELECT * FROM `passkey_credentials` LIMIT 1

2026/08/15 00:11:24 [32mE:/selfWork/newApi/sourceCode/new-api/model/main.go:261
[0m[33m[0.000ms] [34;1m[rows:-][0m SELECT column_name, column_default, is_nullable = 'YES', data_type, character_maximum_length, column_type, column_key, extra, column_comment, numeric_precision, numeric_scale , datetime_precision FROM information_schema.columns WHERE table_schema = 'main' AND table_name = 'passkey_credentials' ORDER BY ORDINAL_POSITION

2026/08/15 00:11:24 [32mE:/selfWork/newApi/sourceCode/new-api/model/main.go:261
[0m[33m[0.000ms] [34;1m[rows:-][0m SELECT DATABASE()

2026/08/15 00:11:24 [32mE:/selfWork/newApi/sourceCode/new-api/model/main.go:261
[0m[33m[0.000ms] [34;1m[rows:1][0m SELECT SCHEMA_NAME from Information_schema.SCHEMATA where SCHEMA_NAME LIKE 'main%' ORDER BY SCHEMA_NAME='main' DESC,SCHEMA_NAME limit 1

2026/08/15 00:11:24 [32mE:/selfWork/newApi/sourceCode/new-api/model/main.go:261
[0m[33m[0.540ms] [34;1m[rows:-][0m SELECT count(*) FROM information_schema.statistics WHERE table_schema = 'main' AND table_name = 'passkey_credentials' AND index_name = 'idx_passkey_credentials_user_id'

2026/08/15 00:11:24 [32mE:/selfWork/newApi/sourceCode/new-api/model/main.go:261
[0m[33m[0.000ms] [34;1m[rows:-][0m SELECT DATABASE()

2026/08/15 00:11:24 [32mE:/selfWork/newApi/sourceCode/new-api/model/main.go:261
[0m[33m[0.000ms] [34;1m[rows:1][0m SELECT SCHEMA_NAME from Information_schema.SCHEMATA where SCHEMA_NAME LIKE 'main%' ORDER BY SCHEMA_NAME='main' DESC,SCHEMA_NAME limit 1

2026/08/15 00:11:24 [32mE:/selfWork/newApi/sourceCode/new-api/model/main.go:261
[0m[33m[0.579ms] [34;1m[rows:-][0m SELECT count(*) FROM information_schema.statistics WHERE table_schema = 'main' AND table_name = 'passkey_credentials' AND index_name = 'idx_passkey_credentials_credential_id'

2026/08/15 00:11:24 [32mE:/selfWork/newApi/sourceCode/new-api/model/main.go:261
[0m[33m[0.000ms] [34;1m[rows:-][0m SELECT DATABASE()

2026/08/15 00:11:24 [32mE:/selfWork/newApi/sourceCode/new-api/model/main.go:261
[0m[33m[0.000ms] [34;1m[rows:1][0m SELECT SCHEMA_NAME from Information_schema.SCHEMATA where SCHEMA_NAME LIKE 'main%' ORDER BY SCHEMA_NAME='main' DESC,SCHEMA_NAME limit 1

2026/08/15 00:11:24 [32mE:/selfWork/newApi/sourceCode/new-api/model/main.go:261
[0m[33m[0.000ms] [34;1m[rows:-][0m SELECT count(*) FROM information_schema.statistics WHERE table_schema = 'main' AND table_name = 'passkey_credentials' AND index_name = 'idx_passkey_credentials_deleted_at'

2026/08/15 00:11:24 [32mE:/selfWork/newApi/sourceCode/new-api/model/main.go:261
[0m[33m[0.000ms] [34;1m[rows:-][0m SELECT DATABASE()

2026/08/15 00:11:24 [32mE:/selfWork/newApi/sourceCode/new-api/model/main.go:261
[0m[33m[0.000ms] [34;1m[rows:1][0m SELECT SCHEMA_NAME from Information_schema.SCHEMATA where SCHEMA_NAME LIKE 'main%' ORDER BY SCHEMA_NAME='main' DESC,SCHEMA_NAME limit 1

2026/08/15 00:11:24 [32mE:/selfWork/newApi/sourceCode/new-api/model/main.go:261
[0m[33m[0.000ms] [34;1m[rows:-][0m SELECT count(*) FROM information_schema.tables WHERE table_schema = 'main' AND table_name = 'options' AND table_type = 'BASE TABLE'

2026/08/15 00:11:24 [32mE:/selfWork/newApi/sourceCode/new-api/model/main.go:261
[0m[33m[0.000ms] [34;1m[rows:-][0m SELECT DATABASE()

2026/08/15 00:11:24 [32mE:/selfWork/newApi/sourceCode/new-api/model/main.go:261
[0m[33m[0.000ms] [34;1m[rows:1][0m SELECT SCHEMA_NAME from Information_schema.SCHEMATA where SCHEMA_NAME LIKE 'main%' ORDER BY SCHEMA_NAME='main' DESC,SCHEMA_NAME limit 1

2026/08/15 00:11:24 [32mE:/selfWork/newApi/sourceCode/new-api/model/main.go:261
[0m[33m[0.539ms] [34;1m[rows:-][0m SELECT * FROM `options` LIMIT 1

2026/08/15 00:11:24 [32mE:/selfWork/newApi/sourceCode/new-api/model/main.go:261
[0m[33m[0.000ms] [34;1m[rows:-][0m SELECT column_name, column_default, is_nullable = 'YES', data_type, character_maximum_length, column_type, column_key, extra, column_comment, numeric_precision, numeric_scale , datetime_precision FROM information_schema.columns WHERE table_schema = 'main' AND table_name = 'options' ORDER BY ORDINAL_POSITION

2026/08/15 00:11:24 [32mE:/selfWork/newApi/sourceCode/new-api/model/main.go:261
[0m[33m[0.000ms] [34;1m[rows:-][0m SELECT DATABASE()

2026/08/15 00:11:24 [32mE:/selfWork/newApi/sourceCode/new-api/model/main.go:261
[0m[33m[0.731ms] [34;1m[rows:1][0m SELECT SCHEMA_NAME from Information_schema.SCHEMATA where SCHEMA_NAME LIKE 'main%' ORDER BY SCHEMA_NAME='main' DESC,SCHEMA_NAME limit 1

2026/08/15 00:11:24 [32mE:/selfWork/newApi/sourceCode/new-api/model/main.go:261
[0m[33m[0.000ms] [34;1m[rows:-][0m SELECT count(*) FROM information_schema.tables WHERE table_schema = 'main' AND table_name = 'redemptions' AND table_type = 'BASE TABLE'

2026/08/15 00:11:24 [32mE:/selfWork/newApi/sourceCode/new-api/model/main.go:261
[0m[33m[0.000ms] [34;1m[rows:-][0m SELECT DATABASE()

2026/08/15 00:11:24 [32mE:/selfWork/newApi/sourceCode/new-api/model/main.go:261
[0m[33m[0.626ms] [34;1m[rows:1][0m SELECT SCHEMA_NAME from Information_schema.SCHEMATA where SCHEMA_NAME LIKE 'main%' ORDER BY SCHEMA_NAME='main' DESC,SCHEMA_NAME limit 1

2026/08/15 00:11:24 [32mE:/selfWork/newApi/sourceCode/new-api/model/main.go:261
[0m[33m[0.518ms] [34;1m[rows:-][0m SELECT * FROM `redemptions` LIMIT 1

2026/08/15 00:11:24 [32mE:/selfWork/newApi/sourceCode/new-api/model/main.go:261
[0m[33m[0.000ms] [34;1m[rows:-][0m SELECT column_name, column_default, is_nullable = 'YES', data_type, character_maximum_length, column_type, column_key, extra, column_comment, numeric_precision, numeric_scale , datetime_precision FROM information_schema.columns WHERE table_schema = 'main' AND table_name = 'redemptions' ORDER BY ORDINAL_POSITION

2026/08/15 00:11:24 [32mE:/selfWork/newApi/sourceCode/new-api/model/main.go:261
[0m[33m[0.000ms] [34;1m[rows:-][0m SELECT DATABASE()

2026/08/15 00:11:24 [32mE:/selfWork/newApi/sourceCode/new-api/model/main.go:261
[0m[33m[0.000ms] [34;1m[rows:1][0m SELECT SCHEMA_NAME from Information_schema.SCHEMATA where SCHEMA_NAME LIKE 'main%' ORDER BY SCHEMA_NAME='main' DESC,SCHEMA_NAME limit 1

2026/08/15 00:11:24 [32mE:/selfWork/newApi/sourceCode/new-api/model/main.go:261
[0m[33m[0.000ms] [34;1m[rows:-][0m SELECT count(*) FROM information_schema.statistics WHERE table_schema = 'main' AND table_name = 'redemptions' AND index_name = 'idx_redemptions_key'

2026/08/15 00:11:24 [32mE:/selfWork/newApi/sourceCode/new-api/model/main.go:261
[0m[33m[0.000ms] [34;1m[rows:-][0m SELECT DATABASE()

2026/08/15 00:11:24 [32mE:/selfWork/newApi/sourceCode/new-api/model/main.go:261
[0m[33m[0.537ms] [34;1m[rows:1][0m SELECT SCHEMA_NAME from Information_schema.SCHEMATA where SCHEMA_NAME LIKE 'main%' ORDER BY SCHEMA_NAME='main' DESC,SCHEMA_NAME limit 1

2026/08/15 00:11:24 [32mE:/selfWork/newApi/sourceCode/new-api/model/main.go:261
[0m[33m[0.000ms] [34;1m[rows:-][0m SELECT count(*) FROM information_schema.statistics WHERE table_schema = 'main' AND table_name = 'redemptions' AND index_name = 'idx_redemptions_name'

2026/08/15 00:11:24 [32mE:/selfWork/newApi/sourceCode/new-api/model/main.go:261
[0m[33m[0.000ms] [34;1m[rows:-][0m SELECT DATABASE()

2026/08/15 00:11:24 [32mE:/selfWork/newApi/sourceCode/new-api/model/main.go:261
[0m[33m[0.634ms] [34;1m[rows:1][0m SELECT SCHEMA_NAME from Information_schema.SCHEMATA where SCHEMA_NAME LIKE 'main%' ORDER BY SCHEMA_NAME='main' DESC,SCHEMA_NAME limit 1

2026/08/15 00:11:24 [32mE:/selfWork/newApi/sourceCode/new-api/model/main.go:261
[0m[33m[0.000ms] [34;1m[rows:-][0m SELECT count(*) FROM information_schema.statistics WHERE table_schema = 'main' AND table_name = 'redemptions' AND index_name = 'idx_redemptions_deleted_at'

2026/08/15 00:11:24 [32mE:/selfWork/newApi/sourceCode/new-api/model/main.go:261
[0m[33m[0.000ms] [34;1m[rows:-][0m SELECT DATABASE()

2026/08/15 00:11:24 [32mE:/selfWork/newApi/sourceCode/new-api/model/main.go:261
[0m[33m[0.514ms] [34;1m[rows:1][0m SELECT SCHEMA_NAME from Information_schema.SCHEMATA where SCHEMA_NAME LIKE 'main%' ORDER BY SCHEMA_NAME='main' DESC,SCHEMA_NAME limit 1

2026/08/15 00:11:24 [32mE:/selfWork/newApi/sourceCode/new-api/model/main.go:261
[0m[33m[0.000ms] [34;1m[rows:-][0m SELECT count(*) FROM information_schema.tables WHERE table_schema = 'main' AND table_name = 'abilities' AND table_type = 'BASE TABLE'

2026/08/15 00:11:24 [32mE:/selfWork/newApi/sourceCode/new-api/model/main.go:261
[0m[33m[0.000ms] [34;1m[rows:-][0m SELECT DATABASE()

2026/08/15 00:11:24 [32mE:/selfWork/newApi/sourceCode/new-api/model/main.go:261
[0m[33m[0.000ms] [34;1m[rows:1][0m SELECT SCHEMA_NAME from Information_schema.SCHEMATA where SCHEMA_NAME LIKE 'main%' ORDER BY SCHEMA_NAME='main' DESC,SCHEMA_NAME limit 1

2026/08/15 00:11:24 [32mE:/selfWork/newApi/sourceCode/new-api/model/main.go:261
[0m[33m[0.533ms] [34;1m[rows:-][0m SELECT * FROM `abilities` LIMIT 1

2026/08/15 00:11:24 [32mE:/selfWork/newApi/sourceCode/new-api/model/main.go:261
[0m[33m[0.000ms] [34;1m[rows:-][0m SELECT column_name, column_default, is_nullable = 'YES', data_type, character_maximum_length, column_type, column_key, extra, column_comment, numeric_precision, numeric_scale , datetime_precision FROM information_schema.columns WHERE table_schema = 'main' AND table_name = 'abilities' ORDER BY ORDINAL_POSITION

2026/08/15 00:11:24 [32mE:/selfWork/newApi/sourceCode/new-api/model/main.go:261
[0m[33m[0.000ms] [34;1m[rows:-][0m SELECT DATABASE()

2026/08/15 00:11:24 [32mE:/selfWork/newApi/sourceCode/new-api/model/main.go:261
[0m[33m[0.000ms] [34;1m[rows:1][0m SELECT SCHEMA_NAME from Information_schema.SCHEMATA where SCHEMA_NAME LIKE 'main%' ORDER BY SCHEMA_NAME='main' DESC,SCHEMA_NAME limit 1

2026/08/15 00:11:24 [32mE:/selfWork/newApi/sourceCode/new-api/model/main.go:261
[0m[33m[0.544ms] [34;1m[rows:-][0m SELECT count(*) FROM information_schema.statistics WHERE table_schema = 'main' AND table_name = 'abilities' AND index_name = 'idx_abilities_channel_id'

2026/08/15 00:11:24 [32mE:/selfWork/newApi/sourceCode/new-api/model/main.go:261
[0m[33m[0.000ms] [34;1m[rows:-][0m SELECT DATABASE()

2026/08/15 00:11:24 [32mE:/selfWork/newApi/sourceCode/new-api/model/main.go:261
[0m[33m[0.000ms] [34;1m[rows:1][0m SELECT SCHEMA_NAME from Information_schema.SCHEMATA where SCHEMA_NAME LIKE 'main%' ORDER BY SCHEMA_NAME='main' DESC,SCHEMA_NAME limit 1

2026/08/15 00:11:24 [32mE:/selfWork/newApi/sourceCode/new-api/model/main.go:261
[0m[33m[0.000ms] [34;1m[rows:-][0m SELECT count(*) FROM information_schema.statistics WHERE table_schema = 'main' AND table_name = 'abilities' AND index_name = 'idx_abilities_priority'

2026/08/15 00:11:24 [32mE:/selfWork/newApi/sourceCode/new-api/model/main.go:261
[0m[33m[0.000ms] [34;1m[rows:-][0m SELECT DATABASE()

2026/08/15 00:11:24 [32mE:/selfWork/newApi/sourceCode/new-api/model/main.go:261
[0m[33m[0.539ms] [34;1m[rows:1][0m SELECT SCHEMA_NAME from Information_schema.SCHEMATA where SCHEMA_NAME LIKE 'main%' ORDER BY SCHEMA_NAME='main' DESC,SCHEMA_NAME limit 1

2026/08/15 00:11:24 [32mE:/selfWork/newApi/sourceCode/new-api/model/main.go:261
[0m[33m[0.000ms] [34;1m[rows:-][0m SELECT count(*) FROM information_schema.statistics WHERE table_schema = 'main' AND table_name = 'abilities' AND index_name = 'idx_abilities_weight'

2026/08/15 00:11:24 [32mE:/selfWork/newApi/sourceCode/new-api/model/main.go:261
[0m[33m[0.000ms] [34;1m[rows:-][0m SELECT DATABASE()

2026/08/15 00:11:24 [32mE:/selfWork/newApi/sourceCode/new-api/model/main.go:261
[0m[33m[0.603ms] [34;1m[rows:1][0m SELECT SCHEMA_NAME from Information_schema.SCHEMATA where SCHEMA_NAME LIKE 'main%' ORDER BY SCHEMA_NAME='main' DESC,SCHEMA_NAME limit 1

2026/08/15 00:11:24 [32mE:/selfWork/newApi/sourceCode/new-api/model/main.go:261
[0m[33m[0.000ms] [34;1m[rows:-][0m SELECT count(*) FROM information_schema.statistics WHERE table_schema = 'main' AND table_name = 'abilities' AND index_name = 'idx_abilities_tag'

2026/08/15 00:11:24 [32mE:/selfWork/newApi/sourceCode/new-api/model/main.go:261
[0m[33m[0.000ms] [34;1m[rows:-][0m SELECT DATABASE()

2026/08/15 00:11:24 [32mE:/selfWork/newApi/sourceCode/new-api/model/main.go:261
[0m[33m[0.684ms] [34;1m[rows:1][0m SELECT SCHEMA_NAME from Information_schema.SCHEMATA where SCHEMA_NAME LIKE 'main%' ORDER BY SCHEMA_NAME='main' DESC,SCHEMA_NAME limit 1

2026/08/15 00:11:24 [32mE:/selfWork/newApi/sourceCode/new-api/model/main.go:261
[0m[33m[0.000ms] [34;1m[rows:-][0m SELECT count(*) FROM information_schema.tables WHERE table_schema = 'main' AND table_name = 'logs' AND table_type = 'BASE TABLE'

2026/08/15 00:11:24 [32mE:/selfWork/newApi/sourceCode/new-api/model/main.go:261
[0m[33m[0.000ms] [34;1m[rows:-][0m SELECT DATABASE()

2026/08/15 00:11:24 [32mE:/selfWork/newApi/sourceCode/new-api/model/main.go:261
[0m[33m[0.524ms] [34;1m[rows:1][0m SELECT SCHEMA_NAME from Information_schema.SCHEMATA where SCHEMA_NAME LIKE 'main%' ORDER BY SCHEMA_NAME='main' DESC,SCHEMA_NAME limit 1

2026/08/15 00:11:24 [32mE:/selfWork/newApi/sourceCode/new-api/model/main.go:261
[0m[33m[0.563ms] [34;1m[rows:-][0m SELECT * FROM `logs` LIMIT 1

2026/08/15 00:11:24 [32mE:/selfWork/newApi/sourceCode/new-api/model/main.go:261
[0m[33m[0.000ms] [34;1m[rows:-][0m SELECT column_name, column_default, is_nullable = 'YES', data_type, character_maximum_length, column_type, column_key, extra, column_comment, numeric_precision, numeric_scale , datetime_precision FROM information_schema.columns WHERE table_schema = 'main' AND table_name = 'logs' ORDER BY ORDINAL_POSITION

2026/08/15 00:11:24 [32mE:/selfWork/newApi/sourceCode/new-api/model/main.go:261
[0m[33m[0.000ms] [34;1m[rows:-][0m SELECT DATABASE()

2026/08/15 00:11:24 [32mE:/selfWork/newApi/sourceCode/new-api/model/main.go:261
[0m[33m[0.000ms] [34;1m[rows:1][0m SELECT SCHEMA_NAME from Information_schema.SCHEMATA where SCHEMA_NAME LIKE 'main%' ORDER BY SCHEMA_NAME='main' DESC,SCHEMA_NAME limit 1

2026/08/15 00:11:24 [32mE:/selfWork/newApi/sourceCode/new-api/model/main.go:261
[0m[33m[0.000ms] [34;1m[rows:-][0m SELECT count(*) FROM information_schema.statistics WHERE table_schema = 'main' AND table_name = 'logs' AND index_name = 'idx_logs_user_id'

2026/08/15 00:11:24 [32mE:/selfWork/newApi/sourceCode/new-api/model/main.go:261
[0m[33m[0.000ms] [34;1m[rows:-][0m SELECT DATABASE()

2026/08/15 00:11:24 [32mE:/selfWork/newApi/sourceCode/new-api/model/main.go:261
[0m[33m[0.533ms] [34;1m[rows:1][0m SELECT SCHEMA_NAME from Information_schema.SCHEMATA where SCHEMA_NAME LIKE 'main%' ORDER BY SCHEMA_NAME='main' DESC,SCHEMA_NAME limit 1

2026/08/15 00:11:24 [32mE:/selfWork/newApi/sourceCode/new-api/model/main.go:261
[0m[33m[0.000ms] [34;1m[rows:-][0m SELECT count(*) FROM information_schema.statistics WHERE table_schema = 'main' AND table_name = 'logs' AND index_name = 'idx_created_at_type'

2026/08/15 00:11:24 [32mE:/selfWork/newApi/sourceCode/new-api/model/main.go:261
[0m[33m[0.000ms] [34;1m[rows:-][0m SELECT DATABASE()

2026/08/15 00:11:24 [32mE:/selfWork/newApi/sourceCode/new-api/model/main.go:261
[0m[33m[0.652ms] [34;1m[rows:1][0m SELECT SCHEMA_NAME from Information_schema.SCHEMATA where SCHEMA_NAME LIKE 'main%' ORDER BY SCHEMA_NAME='main' DESC,SCHEMA_NAME limit 1

2026/08/15 00:11:24 [32mE:/selfWork/newApi/sourceCode/new-api/model/main.go:261
[0m[33m[0.000ms] [34;1m[rows:-][0m SELECT count(*) FROM information_schema.statistics WHERE table_schema = 'main' AND table_name = 'logs' AND index_name = 'idx_logs_username'

2026/08/15 00:11:24 [32mE:/selfWork/newApi/sourceCode/new-api/model/main.go:261
[0m[33m[0.579ms] [34;1m[rows:-][0m SELECT DATABASE()

2026/08/15 00:11:24 [32mE:/selfWork/newApi/sourceCode/new-api/model/main.go:261
[0m[33m[0.000ms] [34;1m[rows:1][0m SELECT SCHEMA_NAME from Information_schema.SCHEMATA where SCHEMA_NAME LIKE 'main%' ORDER BY SCHEMA_NAME='main' DESC,SCHEMA_NAME limit 1

2026/08/15 00:11:24 [32mE:/selfWork/newApi/sourceCode/new-api/model/main.go:261
[0m[33m[0.000ms] [34;1m[rows:-][0m SELECT count(*) FROM information_schema.statistics WHERE table_schema = 'main' AND table_name = 'logs' AND index_name = 'idx_logs_token_name'

2026/08/15 00:11:24 [32mE:/selfWork/newApi/sourceCode/new-api/model/main.go:261
[0m[33m[0.000ms] [34;1m[rows:-][0m SELECT DATABASE()

2026/08/15 00:11:24 [32mE:/selfWork/newApi/sourceCode/new-api/model/main.go:261
[0m[33m[0.000ms] [34;1m[rows:1][0m SELECT SCHEMA_NAME from Information_schema.SCHEMATA where SCHEMA_NAME LIKE 'main%' ORDER BY SCHEMA_NAME='main' DESC,SCHEMA_NAME limit 1

2026/08/15 00:11:24 [32mE:/selfWork/newApi/sourceCode/new-api/model/main.go:261
[0m[33m[0.544ms] [34;1m[rows:-][0m SELECT count(*) FROM information_schema.statistics WHERE table_schema = 'main' AND table_name = 'logs' AND index_name = 'idx_logs_channel_id'

2026/08/15 00:11:24 [32mE:/selfWork/newApi/sourceCode/new-api/model/main.go:261
[0m[33m[0.000ms] [34;1m[rows:-][0m SELECT DATABASE()

2026/08/15 00:11:24 [32mE:/selfWork/newApi/sourceCode/new-api/model/main.go:261
[0m[33m[0.533ms] [34;1m[rows:1][0m SELECT SCHEMA_NAME from Information_schema.SCHEMATA where SCHEMA_NAME LIKE 'main%' ORDER BY SCHEMA_NAME='main' DESC,SCHEMA_NAME limit 1

2026/08/15 00:11:24 [32mE:/selfWork/newApi/sourceCode/new-api/model/main.go:261
[0m[33m[0.000ms] [34;1m[rows:-][0m SELECT count(*) FROM information_schema.statistics WHERE table_schema = 'main' AND table_name = 'logs' AND index_name = 'idx_created_at_id'

2026/08/15 00:11:24 [32mE:/selfWork/newApi/sourceCode/new-api/model/main.go:261
[0m[33m[0.000ms] [34;1m[rows:-][0m SELECT DATABASE()

2026/08/15 00:11:24 [32mE:/selfWork/newApi/sourceCode/new-api/model/main.go:261
[0m[33m[0.000ms] [34;1m[rows:1][0m SELECT SCHEMA_NAME from Information_schema.SCHEMATA where SCHEMA_NAME LIKE 'main%' ORDER BY SCHEMA_NAME='main' DESC,SCHEMA_NAME limit 1

2026/08/15 00:11:24 [32mE:/selfWork/newApi/sourceCode/new-api/model/main.go:261
[0m[33m[0.000ms] [34;1m[rows:-][0m SELECT count(*) FROM information_schema.statistics WHERE table_schema = 'main' AND table_name = 'logs' AND index_name = 'index_username_model_name'

2026/08/15 00:11:24 [32mE:/selfWork/newApi/sourceCode/new-api/model/main.go:261
[0m[33m[0.538ms] [34;1m[rows:-][0m SELECT DATABASE()

2026/08/15 00:11:24 [32mE:/selfWork/newApi/sourceCode/new-api/model/main.go:261
[0m[33m[0.000ms] [34;1m[rows:1][0m SELECT SCHEMA_NAME from Information_schema.SCHEMATA where SCHEMA_NAME LIKE 'main%' ORDER BY SCHEMA_NAME='main' DESC,SCHEMA_NAME limit 1

2026/08/15 00:11:24 [32mE:/selfWork/newApi/sourceCode/new-api/model/main.go:261
[0m[33m[0.522ms] [34;1m[rows:-][0m SELECT count(*) FROM information_schema.statistics WHERE table_schema = 'main' AND table_name = 'logs' AND index_name = 'idx_logs_model_name'

2026/08/15 00:11:24 [32mE:/selfWork/newApi/sourceCode/new-api/model/main.go:261
[0m[33m[0.000ms] [34;1m[rows:-][0m SELECT DATABASE()

2026/08/15 00:11:24 [32mE:/selfWork/newApi/sourceCode/new-api/model/main.go:261
[0m[33m[0.536ms] [34;1m[rows:1][0m SELECT SCHEMA_NAME from Information_schema.SCHEMATA where SCHEMA_NAME LIKE 'main%' ORDER BY SCHEMA_NAME='main' DESC,SCHEMA_NAME limit 1

2026/08/15 00:11:24 [32mE:/selfWork/newApi/sourceCode/new-api/model/main.go:261
[0m[33m[0.000ms] [34;1m[rows:-][0m SELECT count(*) FROM information_schema.statistics WHERE table_schema = 'main' AND table_name = 'logs' AND index_name = 'idx_logs_token_id'

2026/08/15 00:11:24 [32mE:/selfWork/newApi/sourceCode/new-api/model/main.go:261
[0m[33m[0.533ms] [34;1m[rows:-][0m SELECT DATABASE()

2026/08/15 00:11:24 [32mE:/selfWork/newApi/sourceCode/new-api/model/main.go:261
[0m[33m[0.000ms] [34;1m[rows:1][0m SELECT SCHEMA_NAME from Information_schema.SCHEMATA where SCHEMA_NAME LIKE 'main%' ORDER BY SCHEMA_NAME='main' DESC,SCHEMA_NAME limit 1

2026/08/15 00:11:24 [32mE:/selfWork/newApi/sourceCode/new-api/model/main.go:261
[0m[33m[0.539ms] [34;1m[rows:-][0m SELECT count(*) FROM information_schema.statistics WHERE table_schema = 'main' AND table_name = 'logs' AND index_name = 'idx_logs_group'

2026/08/15 00:11:24 [32mE:/selfWork/newApi/sourceCode/new-api/model/main.go:261
[0m[33m[0.000ms] [34;1m[rows:-][0m SELECT DATABASE()

2026/08/15 00:11:24 [32mE:/selfWork/newApi/sourceCode/new-api/model/main.go:261
[0m[33m[0.534ms] [34;1m[rows:1][0m SELECT SCHEMA_NAME from Information_schema.SCHEMATA where SCHEMA_NAME LIKE 'main%' ORDER BY SCHEMA_NAME='main' DESC,SCHEMA_NAME limit 1

2026/08/15 00:11:24 [32mE:/selfWork/newApi/sourceCode/new-api/model/main.go:261
[0m[33m[0.000ms] [34;1m[rows:-][0m SELECT count(*) FROM information_schema.statistics WHERE table_schema = 'main' AND table_name = 'logs' AND index_name = 'idx_logs_ip'

2026/08/15 00:11:24 [32mE:/selfWork/newApi/sourceCode/new-api/model/main.go:261
[0m[33m[0.000ms] [34;1m[rows:-][0m SELECT DATABASE()

2026/08/15 00:11:24 [32mE:/selfWork/newApi/sourceCode/new-api/model/main.go:261
[0m[33m[0.547ms] [34;1m[rows:1][0m SELECT SCHEMA_NAME from Information_schema.SCHEMATA where SCHEMA_NAME LIKE 'main%' ORDER BY SCHEMA_NAME='main' DESC,SCHEMA_NAME limit 1

2026/08/15 00:11:24 [32mE:/selfWork/newApi/sourceCode/new-api/model/main.go:261
[0m[33m[0.000ms] [34;1m[rows:-][0m SELECT count(*) FROM information_schema.statistics WHERE table_schema = 'main' AND table_name = 'logs' AND index_name = 'idx_logs_request_id'

2026/08/15 00:11:24 [32mE:/selfWork/newApi/sourceCode/new-api/model/main.go:261
[0m[33m[0.000ms] [34;1m[rows:-][0m SELECT DATABASE()

2026/08/15 00:11:24 [32mE:/selfWork/newApi/sourceCode/new-api/model/main.go:261
[0m[33m[0.579ms] [34;1m[rows:1][0m SELECT SCHEMA_NAME from Information_schema.SCHEMATA where SCHEMA_NAME LIKE 'main%' ORDER BY SCHEMA_NAME='main' DESC,SCHEMA_NAME limit 1

2026/08/15 00:11:24 [32mE:/selfWork/newApi/sourceCode/new-api/model/main.go:261
[0m[33m[0.000ms] [34;1m[rows:-][0m SELECT count(*) FROM information_schema.statistics WHERE table_schema = 'main' AND table_name = 'logs' AND index_name = 'idx_logs_upstream_request_id'

2026/08/15 00:11:24 [32mE:/selfWork/newApi/sourceCode/new-api/model/main.go:261
[0m[33m[0.000ms] [34;1m[rows:-][0m SELECT DATABASE()

2026/08/15 00:11:24 [32mE:/selfWork/newApi/sourceCode/new-api/model/main.go:261
[0m[33m[0.537ms] [34;1m[rows:1][0m SELECT SCHEMA_NAME from Information_schema.SCHEMATA where SCHEMA_NAME LIKE 'main%' ORDER BY SCHEMA_NAME='main' DESC,SCHEMA_NAME limit 1

2026/08/15 00:11:24 [32mE:/selfWork/newApi/sourceCode/new-api/model/main.go:261
[0m[33m[0.000ms] [34;1m[rows:-][0m SELECT count(*) FROM information_schema.statistics WHERE table_schema = 'main' AND table_name = 'logs' AND index_name = 'idx_user_id_id'

2026/08/15 00:11:24 [32mE:/selfWork/newApi/sourceCode/new-api/model/main.go:261
[0m[33m[0.533ms] [34;1m[rows:-][0m SELECT DATABASE()

2026/08/15 00:11:24 [32mE:/selfWork/newApi/sourceCode/new-api/model/main.go:261
[0m[33m[0.000ms] [34;1m[rows:1][0m SELECT SCHEMA_NAME from Information_schema.SCHEMATA where SCHEMA_NAME LIKE 'main%' ORDER BY SCHEMA_NAME='main' DESC,SCHEMA_NAME limit 1

2026/08/15 00:11:24 [32mE:/selfWork/newApi/sourceCode/new-api/model/main.go:261
[0m[33m[0.520ms] [34;1m[rows:-][0m SELECT count(*) FROM information_schema.tables WHERE table_schema = 'main' AND table_name = 'midjourneys' AND table_type = 'BASE TABLE'

2026/08/15 00:11:24 [32mE:/selfWork/newApi/sourceCode/new-api/model/main.go:261
[0m[33m[0.000ms] [34;1m[rows:-][0m SELECT DATABASE()

2026/08/15 00:11:24 [32mE:/selfWork/newApi/sourceCode/new-api/model/main.go:261
[0m[33m[0.000ms] [34;1m[rows:1][0m SELECT SCHEMA_NAME from Information_schema.SCHEMATA where SCHEMA_NAME LIKE 'main%' ORDER BY SCHEMA_NAME='main' DESC,SCHEMA_NAME limit 1

2026/08/15 00:11:24 [32mE:/selfWork/newApi/sourceCode/new-api/model/main.go:261
[0m[33m[0.000ms] [34;1m[rows:-][0m SELECT * FROM `midjourneys` LIMIT 1

2026/08/15 00:11:24 [32mE:/selfWork/newApi/sourceCode/new-api/model/main.go:261
[0m[33m[0.000ms] [34;1m[rows:-][0m SELECT column_name, column_default, is_nullable = 'YES', data_type, character_maximum_length, column_type, column_key, extra, column_comment, numeric_precision, numeric_scale , datetime_precision FROM information_schema.columns WHERE table_schema = 'main' AND table_name = 'midjourneys' ORDER BY ORDINAL_POSITION

2026/08/15 00:11:24 [32mE:/selfWork/newApi/sourceCode/new-api/model/main.go:261
[0m[33m[0.532ms] [34;1m[rows:-][0m SELECT DATABASE()

2026/08/15 00:11:24 [32mE:/selfWork/newApi/sourceCode/new-api/model/main.go:261
[0m[33m[0.000ms] [34;1m[rows:1][0m SELECT SCHEMA_NAME from Information_schema.SCHEMATA where SCHEMA_NAME LIKE 'main%' ORDER BY SCHEMA_NAME='main' DESC,SCHEMA_NAME limit 1

2026/08/15 00:11:24 [32mE:/selfWork/newApi/sourceCode/new-api/model/main.go:261
[0m[33m[0.000ms] [34;1m[rows:-][0m SELECT count(*) FROM information_schema.statistics WHERE table_schema = 'main' AND table_name = 'midjourneys' AND index_name = 'idx_midjourneys_mj_id'

2026/08/15 00:11:24 [32mE:/selfWork/newApi/sourceCode/new-api/model/main.go:261
[0m[33m[0.000ms] [34;1m[rows:-][0m SELECT DATABASE()

2026/08/15 00:11:24 [32mE:/selfWork/newApi/sourceCode/new-api/model/main.go:261
[0m[33m[0.000ms] [34;1m[rows:1][0m SELECT SCHEMA_NAME from Information_schema.SCHEMATA where SCHEMA_NAME LIKE 'main%' ORDER BY SCHEMA_NAME='main' DESC,SCHEMA_NAME limit 1

2026/08/15 00:11:24 [32mE:/selfWork/newApi/sourceCode/new-api/model/main.go:261
[0m[33m[0.546ms] [34;1m[rows:-][0m SELECT count(*) FROM information_schema.statistics WHERE table_schema = 'main' AND table_name = 'midjourneys' AND index_name = 'idx_midjourneys_submit_time'

2026/08/15 00:11:24 [32mE:/selfWork/newApi/sourceCode/new-api/model/main.go:261
[0m[33m[0.000ms] [34;1m[rows:-][0m SELECT DATABASE()

2026/08/15 00:11:24 [32mE:/selfWork/newApi/sourceCode/new-api/model/main.go:261
[0m[33m[0.000ms] [34;1m[rows:1][0m SELECT SCHEMA_NAME from Information_schema.SCHEMATA where SCHEMA_NAME LIKE 'main%' ORDER BY SCHEMA_NAME='main' DESC,SCHEMA_NAME limit 1

2026/08/15 00:11:24 [32mE:/selfWork/newApi/sourceCode/new-api/model/main.go:261
[0m[33m[0.000ms] [34;1m[rows:-][0m SELECT count(*) FROM information_schema.statistics WHERE table_schema = 'main' AND table_name = 'midjourneys' AND index_name = 'idx_midjourneys_start_time'

2026/08/15 00:11:24 [32mE:/selfWork/newApi/sourceCode/new-api/model/main.go:261
[0m[33m[0.000ms] [34;1m[rows:-][0m SELECT DATABASE()

2026/08/15 00:11:24 [32mE:/selfWork/newApi/sourceCode/new-api/model/main.go:261
[0m[33m[0.559ms] [34;1m[rows:1][0m SELECT SCHEMA_NAME from Information_schema.SCHEMATA where SCHEMA_NAME LIKE 'main%' ORDER BY SCHEMA_NAME='main' DESC,SCHEMA_NAME limit 1

2026/08/15 00:11:24 [32mE:/selfWork/newApi/sourceCode/new-api/model/main.go:261
[0m[33m[0.000ms] [34;1m[rows:-][0m SELECT count(*) FROM information_schema.statistics WHERE table_schema = 'main' AND table_name = 'midjourneys' AND index_name = 'idx_midjourneys_finish_time'

2026/08/15 00:11:24 [32mE:/selfWork/newApi/sourceCode/new-api/model/main.go:261
[0m[33m[0.000ms] [34;1m[rows:-][0m SELECT DATABASE()

2026/08/15 00:11:24 [32mE:/selfWork/newApi/sourceCode/new-api/model/main.go:261
[0m[33m[0.000ms] [34;1m[rows:1][0m SELECT SCHEMA_NAME from Information_schema.SCHEMATA where SCHEMA_NAME LIKE 'main%' ORDER BY SCHEMA_NAME='main' DESC,SCHEMA_NAME limit 1

2026/08/15 00:11:24 [32mE:/selfWork/newApi/sourceCode/new-api/model/main.go:261
[0m[33m[0.000ms] [34;1m[rows:-][0m SELECT count(*) FROM information_schema.statistics WHERE table_schema = 'main' AND table_name = 'midjourneys' AND index_name = 'idx_midjourneys_status'

2026/08/15 00:11:24 [32mE:/selfWork/newApi/sourceCode/new-api/model/main.go:261
[0m[33m[0.000ms] [34;1m[rows:-][0m SELECT DATABASE()

2026/08/15 00:11:24 [32mE:/selfWork/newApi/sourceCode/new-api/model/main.go:261
[0m[33m[0.534ms] [34;1m[rows:1][0m SELECT SCHEMA_NAME from Information_schema.SCHEMATA where SCHEMA_NAME LIKE 'main%' ORDER BY SCHEMA_NAME='main' DESC,SCHEMA_NAME limit 1

2026/08/15 00:11:24 [32mE:/selfWork/newApi/sourceCode/new-api/model/main.go:261
[0m[33m[0.000ms] [34;1m[rows:-][0m SELECT count(*) FROM information_schema.statistics WHERE table_schema = 'main' AND table_name = 'midjourneys' AND index_name = 'idx_midjourneys_progress'

2026/08/15 00:11:24 [32mE:/selfWork/newApi/sourceCode/new-api/model/main.go:261
[0m[33m[0.000ms] [34;1m[rows:-][0m SELECT DATABASE()

2026/08/15 00:11:24 [32mE:/selfWork/newApi/sourceCode/new-api/model/main.go:261
[0m[33m[0.000ms] [34;1m[rows:1][0m SELECT SCHEMA_NAME from Information_schema.SCHEMATA where SCHEMA_NAME LIKE 'main%' ORDER BY SCHEMA_NAME='main' DESC,SCHEMA_NAME limit 1

2026/08/15 00:11:24 [32mE:/selfWork/newApi/sourceCode/new-api/model/main.go:261
[0m[33m[0.000ms] [34;1m[rows:-][0m SELECT count(*) FROM information_schema.statistics WHERE table_schema = 'main' AND table_name = 'midjourneys' AND index_name = 'idx_midjourneys_user_id'

2026/08/15 00:11:24 [32mE:/selfWork/newApi/sourceCode/new-api/model/main.go:261
[0m[33m[0.000ms] [34;1m[rows:-][0m SELECT DATABASE()

2026/08/15 00:11:24 [32mE:/selfWork/newApi/sourceCode/new-api/model/main.go:261
[0m[33m[0.000ms] [34;1m[rows:1][0m SELECT SCHEMA_NAME from Information_schema.SCHEMATA where SCHEMA_NAME LIKE 'main%' ORDER BY SCHEMA_NAME='main' DESC,SCHEMA_NAME limit 1

2026/08/15 00:11:24 [32mE:/selfWork/newApi/sourceCode/new-api/model/main.go:261
[0m[33m[0.000ms] [34;1m[rows:-][0m SELECT count(*) FROM information_schema.statistics WHERE table_schema = 'main' AND table_name = 'midjourneys' AND index_name = 'idx_midjourneys_action'

2026/08/15 00:11:24 [32mE:/selfWork/newApi/sourceCode/new-api/model/main.go:261
[0m[33m[0.000ms] [34;1m[rows:-][0m SELECT DATABASE()

2026/08/15 00:11:24 [32mE:/selfWork/newApi/sourceCode/new-api/model/main.go:261
[0m[33m[0.000ms] [34;1m[rows:1][0m SELECT SCHEMA_NAME from Information_schema.SCHEMATA where SCHEMA_NAME LIKE 'main%' ORDER BY SCHEMA_NAME='main' DESC,SCHEMA_NAME limit 1

2026/08/15 00:11:24 [32mE:/selfWork/newApi/sourceCode/new-api/model/main.go:261
[0m[33m[0.533ms] [34;1m[rows:-][0m SELECT count(*) FROM information_schema.tables WHERE table_schema = 'main' AND table_name = 'top_ups' AND table_type = 'BASE TABLE'

2026/08/15 00:11:24 [32mE:/selfWork/newApi/sourceCode/new-api/model/main.go:261
[0m[33m[0.000ms] [34;1m[rows:-][0m SELECT DATABASE()

2026/08/15 00:11:24 [32mE:/selfWork/newApi/sourceCode/new-api/model/main.go:261
[0m[33m[0.000ms] [34;1m[rows:1][0m SELECT SCHEMA_NAME from Information_schema.SCHEMATA where SCHEMA_NAME LIKE 'main%' ORDER BY SCHEMA_NAME='main' DESC,SCHEMA_NAME limit 1

2026/08/15 00:11:24 [32mE:/selfWork/newApi/sourceCode/new-api/model/main.go:261
[0m[33m[0.547ms] [34;1m[rows:-][0m SELECT * FROM `top_ups` LIMIT 1

2026/08/15 00:11:24 [32mE:/selfWork/newApi/sourceCode/new-api/model/main.go:261
[0m[33m[0.000ms] [34;1m[rows:-][0m SELECT column_name, column_default, is_nullable = 'YES', data_type, character_maximum_length, column_type, column_key, extra, column_comment, numeric_precision, numeric_scale , datetime_precision FROM information_schema.columns WHERE table_schema = 'main' AND table_name = 'top_ups' ORDER BY ORDINAL_POSITION

2026/08/15 00:11:24 [32mE:/selfWork/newApi/sourceCode/new-api/model/main.go:261
[0m[33m[0.000ms] [34;1m[rows:-][0m SELECT DATABASE()

2026/08/15 00:11:24 [32mE:/selfWork/newApi/sourceCode/new-api/model/main.go:261
[0m[33m[0.000ms] [34;1m[rows:1][0m SELECT SCHEMA_NAME from Information_schema.SCHEMATA where SCHEMA_NAME LIKE 'main%' ORDER BY SCHEMA_NAME='main' DESC,SCHEMA_NAME limit 1

2026/08/15 00:11:24 [32mE:/selfWork/newApi/sourceCode/new-api/model/main.go:261
[0m[33m[0.540ms] [34;1m[rows:-][0m SELECT count(*) FROM information_schema.statistics WHERE table_schema = 'main' AND table_name = 'top_ups' AND index_name = 'idx_top_ups_user_id'

2026/08/15 00:11:24 [32mE:/selfWork/newApi/sourceCode/new-api/model/main.go:261
[0m[33m[0.000ms] [34;1m[rows:-][0m SELECT DATABASE()

2026/08/15 00:11:24 [32mE:/selfWork/newApi/sourceCode/new-api/model/main.go:261
[0m[33m[0.000ms] [34;1m[rows:1][0m SELECT SCHEMA_NAME from Information_schema.SCHEMATA where SCHEMA_NAME LIKE 'main%' ORDER BY SCHEMA_NAME='main' DESC,SCHEMA_NAME limit 1

2026/08/15 00:11:24 [32mE:/selfWork/newApi/sourceCode/new-api/model/main.go:261
[0m[33m[0.000ms] [34;1m[rows:-][0m SELECT count(*) FROM information_schema.statistics WHERE table_schema = 'main' AND table_name = 'top_ups' AND index_name = 'idx_top_ups_trade_no'

2026/08/15 00:11:24 [32mE:/selfWork/newApi/sourceCode/new-api/model/main.go:261
[0m[33m[0.000ms] [34;1m[rows:-][0m SELECT DATABASE()

2026/08/15 00:11:24 [32mE:/selfWork/newApi/sourceCode/new-api/model/main.go:261
[0m[33m[0.535ms] [34;1m[rows:1][0m SELECT SCHEMA_NAME from Information_schema.SCHEMATA where SCHEMA_NAME LIKE 'main%' ORDER BY SCHEMA_NAME='main' DESC,SCHEMA_NAME limit 1

2026/08/15 00:11:24 [32mE:/selfWork/newApi/sourceCode/new-api/model/main.go:261
[0m[33m[0.000ms] [34;1m[rows:-][0m SELECT count(*) FROM information_schema.tables WHERE table_schema = 'main' AND table_name = 'quota_data' AND table_type = 'BASE TABLE'

2026/08/15 00:11:24 [32mE:/selfWork/newApi/sourceCode/new-api/model/main.go:261
[0m[33m[0.000ms] [34;1m[rows:-][0m SELECT DATABASE()

2026/08/15 00:11:24 [32mE:/selfWork/newApi/sourceCode/new-api/model/main.go:261
[0m[33m[0.000ms] [34;1m[rows:1][0m SELECT SCHEMA_NAME from Information_schema.SCHEMATA where SCHEMA_NAME LIKE 'main%' ORDER BY SCHEMA_NAME='main' DESC,SCHEMA_NAME limit 1

2026/08/15 00:11:24 [32mE:/selfWork/newApi/sourceCode/new-api/model/main.go:261
[0m[33m[1.205ms] [34;1m[rows:-][0m SELECT * FROM `quota_data` LIMIT 1

2026/08/15 00:11:24 [32mE:/selfWork/newApi/sourceCode/new-api/model/main.go:261
[0m[33m[0.000ms] [34;1m[rows:-][0m SELECT column_name, column_default, is_nullable = 'YES', data_type, character_maximum_length, column_type, column_key, extra, column_comment, numeric_precision, numeric_scale , datetime_precision FROM information_schema.columns WHERE table_schema = 'main' AND table_name = 'quota_data' ORDER BY ORDINAL_POSITION

2026/08/15 00:11:24 [32mE:/selfWork/newApi/sourceCode/new-api/model/main.go:261
[0m[33m[0.000ms] [34;1m[rows:-][0m SELECT DATABASE()

2026/08/15 00:11:24 [32mE:/selfWork/newApi/sourceCode/new-api/model/main.go:261
[0m[33m[0.530ms] [34;1m[rows:1][0m SELECT SCHEMA_NAME from Information_schema.SCHEMATA where SCHEMA_NAME LIKE 'main%' ORDER BY SCHEMA_NAME='main' DESC,SCHEMA_NAME limit 1

2026/08/15 00:11:24 [32mE:/selfWork/newApi/sourceCode/new-api/model/main.go:261
[0m[33m[0.000ms] [34;1m[rows:-][0m SELECT count(*) FROM information_schema.statistics WHERE table_schema = 'main' AND table_name = 'quota_data' AND index_name = 'idx_quota_data_channel_id'

2026/08/15 00:11:24 [32mE:/selfWork/newApi/sourceCode/new-api/model/main.go:261
[0m[33m[0.000ms] [34;1m[rows:-][0m SELECT DATABASE()

2026/08/15 00:11:24 [32mE:/selfWork/newApi/sourceCode/new-api/model/main.go:261
[0m[33m[0.595ms] [34;1m[rows:1][0m SELECT SCHEMA_NAME from Information_schema.SCHEMATA where SCHEMA_NAME LIKE 'main%' ORDER BY SCHEMA_NAME='main' DESC,SCHEMA_NAME limit 1

2026/08/15 00:11:24 [32mE:/selfWork/newApi/sourceCode/new-api/model/main.go:261
[0m[33m[0.000ms] [34;1m[rows:-][0m SELECT count(*) FROM information_schema.statistics WHERE table_schema = 'main' AND table_name = 'quota_data' AND index_name = 'idx_quota_data_node_name'

2026/08/15 00:11:24 [32mE:/selfWork/newApi/sourceCode/new-api/model/main.go:261
[0m[33m[0.000ms] [34;1m[rows:-][0m SELECT DATABASE()

2026/08/15 00:11:24 [32mE:/selfWork/newApi/sourceCode/new-api/model/main.go:261
[0m[33m[0.640ms] [34;1m[rows:1][0m SELECT SCHEMA_NAME from Information_schema.SCHEMATA where SCHEMA_NAME LIKE 'main%' ORDER BY SCHEMA_NAME='main' DESC,SCHEMA_NAME limit 1

2026/08/15 00:11:24 [32mE:/selfWork/newApi/sourceCode/new-api/model/main.go:261
[0m[33m[0.000ms] [34;1m[rows:-][0m SELECT count(*) FROM information_schema.statistics WHERE table_schema = 'main' AND table_name = 'quota_data' AND index_name = 'idx_quota_data_user_id'

2026/08/15 00:11:24 [32mE:/selfWork/newApi/sourceCode/new-api/model/main.go:261
[0m[33m[0.000ms] [34;1m[rows:-][0m SELECT DATABASE()

2026/08/15 00:11:24 [32mE:/selfWork/newApi/sourceCode/new-api/model/main.go:261
[0m[33m[0.583ms] [34;1m[rows:1][0m SELECT SCHEMA_NAME from Information_schema.SCHEMATA where SCHEMA_NAME LIKE 'main%' ORDER BY SCHEMA_NAME='main' DESC,SCHEMA_NAME limit 1

2026/08/15 00:11:24 [32mE:/selfWork/newApi/sourceCode/new-api/model/main.go:261
[0m[33m[0.000ms] [34;1m[rows:-][0m SELECT count(*) FROM information_schema.statistics WHERE table_schema = 'main' AND table_name = 'quota_data' AND index_name = 'idx_qdt_model_user_name'

2026/08/15 00:11:24 [32mE:/selfWork/newApi/sourceCode/new-api/model/main.go:261
[0m[33m[0.000ms] [34;1m[rows:-][0m SELECT DATABASE()

2026/08/15 00:11:24 [32mE:/selfWork/newApi/sourceCode/new-api/model/main.go:261
[0m[33m[0.000ms] [34;1m[rows:1][0m SELECT SCHEMA_NAME from Information_schema.SCHEMATA where SCHEMA_NAME LIKE 'main%' ORDER BY SCHEMA_NAME='main' DESC,SCHEMA_NAME limit 1

2026/08/15 00:11:24 [32mE:/selfWork/newApi/sourceCode/new-api/model/main.go:261
[0m[33m[0.000ms] [34;1m[rows:-][0m SELECT count(*) FROM information_schema.statistics WHERE table_schema = 'main' AND table_name = 'quota_data' AND index_name = 'idx_qdt_created_at'

2026/08/15 00:11:24 [32mE:/selfWork/newApi/sourceCode/new-api/model/main.go:261
[0m[33m[0.000ms] [34;1m[rows:-][0m SELECT DATABASE()

2026/08/15 00:11:24 [32mE:/selfWork/newApi/sourceCode/new-api/model/main.go:261
[0m[33m[0.000ms] [34;1m[rows:1][0m SELECT SCHEMA_NAME from Information_schema.SCHEMATA where SCHEMA_NAME LIKE 'main%' ORDER BY SCHEMA_NAME='main' DESC,SCHEMA_NAME limit 1

2026/08/15 00:11:24 [32mE:/selfWork/newApi/sourceCode/new-api/model/main.go:261
[0m[33m[0.000ms] [34;1m[rows:-][0m SELECT count(*) FROM information_schema.statistics WHERE table_schema = 'main' AND table_name = 'quota_data' AND index_name = 'idx_quota_data_use_group'

2026/08/15 00:11:24 [32mE:/selfWork/newApi/sourceCode/new-api/model/main.go:261
[0m[33m[0.000ms] [34;1m[rows:-][0m SELECT DATABASE()

2026/08/15 00:11:24 [32mE:/selfWork/newApi/sourceCode/new-api/model/main.go:261
[0m[33m[0.000ms] [34;1m[rows:1][0m SELECT SCHEMA_NAME from Information_schema.SCHEMATA where SCHEMA_NAME LIKE 'main%' ORDER BY SCHEMA_NAME='main' DESC,SCHEMA_NAME limit 1

2026/08/15 00:11:24 [32mE:/selfWork/newApi/sourceCode/new-api/model/main.go:261
[0m[33m[0.000ms] [34;1m[rows:-][0m SELECT count(*) FROM information_schema.statistics WHERE table_schema = 'main' AND table_name = 'quota_data' AND index_name = 'idx_quota_data_token_id'

2026/08/15 00:11:24 [32mE:/selfWork/newApi/sourceCode/new-api/model/main.go:261
[0m[33m[0.539ms] [34;1m[rows:-][0m SELECT DATABASE()

2026/08/15 00:11:24 [32mE:/selfWork/newApi/sourceCode/new-api/model/main.go:261
[0m[33m[0.777ms] [34;1m[rows:1][0m SELECT SCHEMA_NAME from Information_schema.SCHEMATA where SCHEMA_NAME LIKE 'main%' ORDER BY SCHEMA_NAME='main' DESC,SCHEMA_NAME limit 1

2026/08/15 00:11:24 [32mE:/selfWork/newApi/sourceCode/new-api/model/main.go:261
[0m[33m[0.000ms] [34;1m[rows:-][0m SELECT count(*) FROM information_schema.tables WHERE table_schema = 'main' AND table_name = 'tasks' AND table_type = 'BASE TABLE'

2026/08/15 00:11:24 [32mE:/selfWork/newApi/sourceCode/new-api/model/main.go:261
[0m[33m[0.000ms] [34;1m[rows:-][0m SELECT DATABASE()

2026/08/15 00:11:24 [32mE:/selfWork/newApi/sourceCode/new-api/model/main.go:261
[0m[33m[0.715ms] [34;1m[rows:1][0m SELECT SCHEMA_NAME from Information_schema.SCHEMATA where SCHEMA_NAME LIKE 'main%' ORDER BY SCHEMA_NAME='main' DESC,SCHEMA_NAME limit 1

2026/08/15 00:11:24 [32mE:/selfWork/newApi/sourceCode/new-api/model/main.go:261
[0m[33m[0.697ms] [34;1m[rows:-][0m SELECT * FROM `tasks` LIMIT 1

2026/08/15 00:11:24 [32mE:/selfWork/newApi/sourceCode/new-api/model/main.go:261
[0m[33m[0.000ms] [34;1m[rows:-][0m SELECT column_name, column_default, is_nullable = 'YES', data_type, character_maximum_length, column_type, column_key, extra, column_comment, numeric_precision, numeric_scale , datetime_precision FROM information_schema.columns WHERE table_schema = 'main' AND table_name = 'tasks' ORDER BY ORDINAL_POSITION

2026/08/15 00:11:24 [32mE:/selfWork/newApi/sourceCode/new-api/model/main.go:261
[0m[33m[0.000ms] [34;1m[rows:-][0m SELECT DATABASE()

2026/08/15 00:11:24 [32mE:/selfWork/newApi/sourceCode/new-api/model/main.go:261
[0m[33m[0.000ms] [34;1m[rows:1][0m SELECT SCHEMA_NAME from Information_schema.SCHEMATA where SCHEMA_NAME LIKE 'main%' ORDER BY SCHEMA_NAME='main' DESC,SCHEMA_NAME limit 1

2026/08/15 00:11:24 [32mE:/selfWork/newApi/sourceCode/new-api/model/main.go:261
[0m[33m[0.535ms] [34;1m[rows:-][0m SELECT count(*) FROM information_schema.statistics WHERE table_schema = 'main' AND table_name = 'tasks' AND index_name = 'idx_tasks_channel_id'

2026/08/15 00:11:24 [32mE:/selfWork/newApi/sourceCode/new-api/model/main.go:261
[0m[33m[0.000ms] [34;1m[rows:-][0m SELECT DATABASE()

2026/08/15 00:11:24 [32mE:/selfWork/newApi/sourceCode/new-api/model/main.go:261
[0m[33m[0.000ms] [34;1m[rows:1][0m SELECT SCHEMA_NAME from Information_schema.SCHEMATA where SCHEMA_NAME LIKE 'main%' ORDER BY SCHEMA_NAME='main' DESC,SCHEMA_NAME limit 1

2026/08/15 00:11:24 [32mE:/selfWork/newApi/sourceCode/new-api/model/main.go:261
[0m[33m[0.607ms] [34;1m[rows:-][0m SELECT count(*) FROM information_schema.statistics WHERE table_schema = 'main' AND table_name = 'tasks' AND index_name = 'idx_tasks_action'

2026/08/15 00:11:24 [32mE:/selfWork/newApi/sourceCode/new-api/model/main.go:261
[0m[33m[0.000ms] [34;1m[rows:-][0m SELECT DATABASE()

2026/08/15 00:11:24 [32mE:/selfWork/newApi/sourceCode/new-api/model/main.go:261
[0m[33m[0.000ms] [34;1m[rows:1][0m SELECT SCHEMA_NAME from Information_schema.SCHEMATA where SCHEMA_NAME LIKE 'main%' ORDER BY SCHEMA_NAME='main' DESC,SCHEMA_NAME limit 1

2026/08/15 00:11:24 [32mE:/selfWork/newApi/sourceCode/new-api/model/main.go:261
[0m[33m[0.000ms] [34;1m[rows:-][0m SELECT count(*) FROM information_schema.statistics WHERE table_schema = 'main' AND table_name = 'tasks' AND index_name = 'idx_tasks_status'

2026/08/15 00:11:24 [32mE:/selfWork/newApi/sourceCode/new-api/model/main.go:261
[0m[33m[0.000ms] [34;1m[rows:-][0m SELECT DATABASE()

2026/08/15 00:11:24 [32mE:/selfWork/newApi/sourceCode/new-api/model/main.go:261
[0m[33m[0.000ms] [34;1m[rows:1][0m SELECT SCHEMA_NAME from Information_schema.SCHEMATA where SCHEMA_NAME LIKE 'main%' ORDER BY SCHEMA_NAME='main' DESC,SCHEMA_NAME limit 1

2026/08/15 00:11:24 [32mE:/selfWork/newApi/sourceCode/new-api/model/main.go:261
[0m[33m[0.000ms] [34;1m[rows:-][0m SELECT count(*) FROM information_schema.statistics WHERE table_schema = 'main' AND table_name = 'tasks' AND index_name = 'idx_tasks_progress'

2026/08/15 00:11:24 [32mE:/selfWork/newApi/sourceCode/new-api/model/main.go:261
[0m[33m[0.000ms] [34;1m[rows:-][0m SELECT DATABASE()

2026/08/15 00:11:24 [32mE:/selfWork/newApi/sourceCode/new-api/model/main.go:261
[0m[33m[0.537ms] [34;1m[rows:1][0m SELECT SCHEMA_NAME from Information_schema.SCHEMATA where SCHEMA_NAME LIKE 'main%' ORDER BY SCHEMA_NAME='main' DESC,SCHEMA_NAME limit 1

2026/08/15 00:11:24 [32mE:/selfWork/newApi/sourceCode/new-api/model/main.go:261
[0m[33m[0.000ms] [34;1m[rows:-][0m SELECT count(*) FROM information_schema.statistics WHERE table_schema = 'main' AND table_name = 'tasks' AND index_name = 'idx_tasks_created_at'

2026/08/15 00:11:24 [32mE:/selfWork/newApi/sourceCode/new-api/model/main.go:261
[0m[33m[0.000ms] [34;1m[rows:-][0m SELECT DATABASE()

2026/08/15 00:11:24 [32mE:/selfWork/newApi/sourceCode/new-api/model/main.go:261
[0m[33m[0.000ms] [34;1m[rows:1][0m SELECT SCHEMA_NAME from Information_schema.SCHEMATA where SCHEMA_NAME LIKE 'main%' ORDER BY SCHEMA_NAME='main' DESC,SCHEMA_NAME limit 1

2026/08/15 00:11:24 [32mE:/selfWork/newApi/sourceCode/new-api/model/main.go:261
[0m[33m[0.000ms] [34;1m[rows:-][0m SELECT count(*) FROM information_schema.statistics WHERE table_schema = 'main' AND table_name = 'tasks' AND index_name = 'idx_tasks_task_id'

2026/08/15 00:11:24 [32mE:/selfWork/newApi/sourceCode/new-api/model/main.go:261
[0m[33m[0.000ms] [34;1m[rows:-][0m SELECT DATABASE()

2026/08/15 00:11:24 [32mE:/selfWork/newApi/sourceCode/new-api/model/main.go:261
[0m[33m[0.000ms] [34;1m[rows:1][0m SELECT SCHEMA_NAME from Information_schema.SCHEMATA where SCHEMA_NAME LIKE 'main%' ORDER BY SCHEMA_NAME='main' DESC,SCHEMA_NAME limit 1

2026/08/15 00:11:24 [32mE:/selfWork/newApi/sourceCode/new-api/model/main.go:261
[0m[33m[0.000ms] [34;1m[rows:-][0m SELECT count(*) FROM information_schema.statistics WHERE table_schema = 'main' AND table_name = 'tasks' AND index_name = 'idx_tasks_platform'

2026/08/15 00:11:24 [32mE:/selfWork/newApi/sourceCode/new-api/model/main.go:261
[0m[33m[0.000ms] [34;1m[rows:-][0m SELECT DATABASE()

2026/08/15 00:11:24 [32mE:/selfWork/newApi/sourceCode/new-api/model/main.go:261
[0m[33m[0.000ms] [34;1m[rows:1][0m SELECT SCHEMA_NAME from Information_schema.SCHEMATA where SCHEMA_NAME LIKE 'main%' ORDER BY SCHEMA_NAME='main' DESC,SCHEMA_NAME limit 1

2026/08/15 00:11:24 [32mE:/selfWork/newApi/sourceCode/new-api/model/main.go:261
[0m[33m[0.000ms] [34;1m[rows:-][0m SELECT count(*) FROM information_schema.statistics WHERE table_schema = 'main' AND table_name = 'tasks' AND index_name = 'idx_tasks_user_id'

2026/08/15 00:11:24 [32mE:/selfWork/newApi/sourceCode/new-api/model/main.go:261
[0m[33m[0.000ms] [34;1m[rows:-][0m SELECT DATABASE()

2026/08/15 00:11:24 [32mE:/selfWork/newApi/sourceCode/new-api/model/main.go:261
[0m[33m[0.567ms] [34;1m[rows:1][0m SELECT SCHEMA_NAME from Information_schema.SCHEMATA where SCHEMA_NAME LIKE 'main%' ORDER BY SCHEMA_NAME='main' DESC,SCHEMA_NAME limit 1

2026/08/15 00:11:24 [32mE:/selfWork/newApi/sourceCode/new-api/model/main.go:261
[0m[33m[0.000ms] [34;1m[rows:-][0m SELECT count(*) FROM information_schema.statistics WHERE table_schema = 'main' AND table_name = 'tasks' AND index_name = 'idx_tasks_submit_time'

2026/08/15 00:11:24 [32mE:/selfWork/newApi/sourceCode/new-api/model/main.go:261
[0m[33m[0.547ms] [34;1m[rows:-][0m SELECT DATABASE()

2026/08/15 00:11:24 [32mE:/selfWork/newApi/sourceCode/new-api/model/main.go:261
[0m[33m[0.000ms] [34;1m[rows:1][0m SELECT SCHEMA_NAME from Information_schema.SCHEMATA where SCHEMA_NAME LIKE 'main%' ORDER BY SCHEMA_NAME='main' DESC,SCHEMA_NAME limit 1

2026/08/15 00:11:24 [32mE:/selfWork/newApi/sourceCode/new-api/model/main.go:261
[0m[33m[0.000ms] [34;1m[rows:-][0m SELECT count(*) FROM information_schema.statistics WHERE table_schema = 'main' AND table_name = 'tasks' AND index_name = 'idx_tasks_start_time'

2026/08/15 00:11:24 [32mE:/selfWork/newApi/sourceCode/new-api/model/main.go:261
[0m[33m[0.000ms] [34;1m[rows:-][0m SELECT DATABASE()

2026/08/15 00:11:24 [32mE:/selfWork/newApi/sourceCode/new-api/model/main.go:261
[0m[33m[0.000ms] [34;1m[rows:1][0m SELECT SCHEMA_NAME from Information_schema.SCHEMATA where SCHEMA_NAME LIKE 'main%' ORDER BY SCHEMA_NAME='main' DESC,SCHEMA_NAME limit 1

2026/08/15 00:11:24 [32mE:/selfWork/newApi/sourceCode/new-api/model/main.go:261
[0m[33m[0.000ms] [34;1m[rows:-][0m SELECT count(*) FROM information_schema.statistics WHERE table_schema = 'main' AND table_name = 'tasks' AND index_name = 'idx_tasks_finish_time'

2026/08/15 00:11:24 [32mE:/selfWork/newApi/sourceCode/new-api/model/main.go:261
[0m[33m[0.000ms] [34;1m[rows:-][0m SELECT DATABASE()

2026/08/15 00:11:24 [32mE:/selfWork/newApi/sourceCode/new-api/model/main.go:261
[0m[33m[0.532ms] [34;1m[rows:1][0m SELECT SCHEMA_NAME from Information_schema.SCHEMATA where SCHEMA_NAME LIKE 'main%' ORDER BY SCHEMA_NAME='main' DESC,SCHEMA_NAME limit 1

2026/08/15 00:11:24 [32mE:/selfWork/newApi/sourceCode/new-api/model/main.go:261
[0m[33m[0.000ms] [34;1m[rows:-][0m SELECT count(*) FROM information_schema.tables WHERE table_schema = 'main' AND table_name = 'models' AND table_type = 'BASE TABLE'

2026/08/15 00:11:24 [32mE:/selfWork/newApi/sourceCode/new-api/model/main.go:261
[0m[33m[0.000ms] [34;1m[rows:-][0m SELECT DATABASE()

2026/08/15 00:11:24 [32mE:/selfWork/newApi/sourceCode/new-api/model/main.go:261
[0m[33m[0.538ms] [34;1m[rows:1][0m SELECT SCHEMA_NAME from Information_schema.SCHEMATA where SCHEMA_NAME LIKE 'main%' ORDER BY SCHEMA_NAME='main' DESC,SCHEMA_NAME limit 1

2026/08/15 00:11:24 [32mE:/selfWork/newApi/sourceCode/new-api/model/main.go:261
[0m[33m[0.543ms] [34;1m[rows:-][0m SELECT * FROM `models` LIMIT 1

2026/08/15 00:11:24 [32mE:/selfWork/newApi/sourceCode/new-api/model/main.go:261
[0m[33m[0.520ms] [34;1m[rows:-][0m SELECT column_name, column_default, is_nullable = 'YES', data_type, character_maximum_length, column_type, column_key, extra, column_comment, numeric_precision, numeric_scale , datetime_precision FROM information_schema.columns WHERE table_schema = 'main' AND table_name = 'models' ORDER BY ORDINAL_POSITION

2026/08/15 00:11:24 [32mE:/selfWork/newApi/sourceCode/new-api/model/main.go:261
[0m[33m[0.000ms] [34;1m[rows:-][0m SELECT DATABASE()

2026/08/15 00:11:24 [32mE:/selfWork/newApi/sourceCode/new-api/model/main.go:261
[0m[33m[0.611ms] [34;1m[rows:1][0m SELECT SCHEMA_NAME from Information_schema.SCHEMATA where SCHEMA_NAME LIKE 'main%' ORDER BY SCHEMA_NAME='main' DESC,SCHEMA_NAME limit 1

2026/08/15 00:11:24 [32mE:/selfWork/newApi/sourceCode/new-api/model/main.go:261
[0m[33m[0.000ms] [34;1m[rows:-][0m SELECT count(*) FROM information_schema.statistics WHERE table_schema = 'main' AND table_name = 'models' AND index_name = 'uk_model_name_delete_at'

2026/08/15 00:11:24 [32mE:/selfWork/newApi/sourceCode/new-api/model/main.go:261
[0m[33m[0.000ms] [34;1m[rows:-][0m SELECT DATABASE()

2026/08/15 00:11:24 [32mE:/selfWork/newApi/sourceCode/new-api/model/main.go:261
[0m[33m[0.000ms] [34;1m[rows:1][0m SELECT SCHEMA_NAME from Information_schema.SCHEMATA where SCHEMA_NAME LIKE 'main%' ORDER BY SCHEMA_NAME='main' DESC,SCHEMA_NAME limit 1

2026/08/15 00:11:24 [32mE:/selfWork/newApi/sourceCode/new-api/model/main.go:261
[0m[33m[0.000ms] [34;1m[rows:-][0m SELECT count(*) FROM information_schema.statistics WHERE table_schema = 'main' AND table_name = 'models' AND index_name = 'idx_models_vendor_id'

2026/08/15 00:11:24 [32mE:/selfWork/newApi/sourceCode/new-api/model/main.go:261
[0m[33m[0.000ms] [34;1m[rows:-][0m SELECT DATABASE()

2026/08/15 00:11:24 [32mE:/selfWork/newApi/sourceCode/new-api/model/main.go:261
[0m[33m[0.000ms] [34;1m[rows:1][0m SELECT SCHEMA_NAME from Information_schema.SCHEMATA where SCHEMA_NAME LIKE 'main%' ORDER BY SCHEMA_NAME='main' DESC,SCHEMA_NAME limit 1

2026/08/15 00:11:24 [32mE:/selfWork/newApi/sourceCode/new-api/model/main.go:261
[0m[33m[0.000ms] [34;1m[rows:-][0m SELECT count(*) FROM information_schema.statistics WHERE table_schema = 'main' AND table_name = 'models' AND index_name = 'idx_models_deleted_at'

2026/08/15 00:11:24 [32mE:/selfWork/newApi/sourceCode/new-api/model/main.go:261
[0m[33m[0.000ms] [34;1m[rows:-][0m SELECT DATABASE()

2026/08/15 00:11:24 [32mE:/selfWork/newApi/sourceCode/new-api/model/main.go:261
[0m[33m[0.543ms] [34;1m[rows:1][0m SELECT SCHEMA_NAME from Information_schema.SCHEMATA where SCHEMA_NAME LIKE 'main%' ORDER BY SCHEMA_NAME='main' DESC,SCHEMA_NAME limit 1

2026/08/15 00:11:24 [32mE:/selfWork/newApi/sourceCode/new-api/model/main.go:261
[0m[33m[0.000ms] [34;1m[rows:-][0m SELECT count(*) FROM information_schema.tables WHERE table_schema = 'main' AND table_name = 'vendors' AND table_type = 'BASE TABLE'

2026/08/15 00:11:24 [32mE:/selfWork/newApi/sourceCode/new-api/model/main.go:261
[0m[33m[0.000ms] [34;1m[rows:-][0m SELECT DATABASE()

2026/08/15 00:11:24 [32mE:/selfWork/newApi/sourceCode/new-api/model/main.go:261
[0m[33m[0.569ms] [34;1m[rows:1][0m SELECT SCHEMA_NAME from Information_schema.SCHEMATA where SCHEMA_NAME LIKE 'main%' ORDER BY SCHEMA_NAME='main' DESC,SCHEMA_NAME limit 1

2026/08/15 00:11:24 [32mE:/selfWork/newApi/sourceCode/new-api/model/main.go:261
[0m[33m[0.579ms] [34;1m[rows:-][0m SELECT * FROM `vendors` LIMIT 1

2026/08/15 00:11:24 [32mE:/selfWork/newApi/sourceCode/new-api/model/main.go:261
[0m[33m[0.000ms] [34;1m[rows:-][0m SELECT column_name, column_default, is_nullable = 'YES', data_type, character_maximum_length, column_type, column_key, extra, column_comment, numeric_precision, numeric_scale , datetime_precision FROM information_schema.columns WHERE table_schema = 'main' AND table_name = 'vendors' ORDER BY ORDINAL_POSITION

2026/08/15 00:11:24 [32mE:/selfWork/newApi/sourceCode/new-api/model/main.go:261
[0m[33m[0.000ms] [34;1m[rows:-][0m SELECT DATABASE()

2026/08/15 00:11:24 [32mE:/selfWork/newApi/sourceCode/new-api/model/main.go:261
[0m[33m[0.000ms] [34;1m[rows:1][0m SELECT SCHEMA_NAME from Information_schema.SCHEMATA where SCHEMA_NAME LIKE 'main%' ORDER BY SCHEMA_NAME='main' DESC,SCHEMA_NAME limit 1

2026/08/15 00:11:24 [32mE:/selfWork/newApi/sourceCode/new-api/model/main.go:261
[0m[33m[0.000ms] [34;1m[rows:-][0m SELECT count(*) FROM information_schema.statistics WHERE table_schema = 'main' AND table_name = 'vendors' AND index_name = 'uk_vendor_name_delete_at'

2026/08/15 00:11:24 [32mE:/selfWork/newApi/sourceCode/new-api/model/main.go:261
[0m[33m[0.544ms] [34;1m[rows:-][0m SELECT DATABASE()

2026/08/15 00:11:24 [32mE:/selfWork/newApi/sourceCode/new-api/model/main.go:261
[0m[33m[0.000ms] [34;1m[rows:1][0m SELECT SCHEMA_NAME from Information_schema.SCHEMATA where SCHEMA_NAME LIKE 'main%' ORDER BY SCHEMA_NAME='main' DESC,SCHEMA_NAME limit 1

2026/08/15 00:11:24 [32mE:/selfWork/newApi/sourceCode/new-api/model/main.go:261
[0m[33m[0.567ms] [34;1m[rows:-][0m SELECT count(*) FROM information_schema.statistics WHERE table_schema = 'main' AND table_name = 'vendors' AND index_name = 'idx_vendors_deleted_at'

2026/08/15 00:11:24 [32mE:/selfWork/newApi/sourceCode/new-api/model/main.go:261
[0m[33m[0.000ms] [34;1m[rows:-][0m SELECT DATABASE()

2026/08/15 00:11:24 [32mE:/selfWork/newApi/sourceCode/new-api/model/main.go:261
[0m[33m[0.000ms] [34;1m[rows:1][0m SELECT SCHEMA_NAME from Information_schema.SCHEMATA where SCHEMA_NAME LIKE 'main%' ORDER BY SCHEMA_NAME='main' DESC,SCHEMA_NAME limit 1

2026/08/15 00:11:24 [32mE:/selfWork/newApi/sourceCode/new-api/model/main.go:261
[0m[33m[0.000ms] [34;1m[rows:-][0m SELECT count(*) FROM information_schema.tables WHERE table_schema = 'main' AND table_name = 'prefill_groups' AND table_type = 'BASE TABLE'

2026/08/15 00:11:24 [32mE:/selfWork/newApi/sourceCode/new-api/model/main.go:261
[0m[33m[0.000ms] [34;1m[rows:-][0m SELECT DATABASE()

2026/08/15 00:11:24 [32mE:/selfWork/newApi/sourceCode/new-api/model/main.go:261
[0m[33m[0.533ms] [34;1m[rows:1][0m SELECT SCHEMA_NAME from Information_schema.SCHEMATA where SCHEMA_NAME LIKE 'main%' ORDER BY SCHEMA_NAME='main' DESC,SCHEMA_NAME limit 1

2026/08/15 00:11:24 [32mE:/selfWork/newApi/sourceCode/new-api/model/main.go:261
[0m[33m[0.526ms] [34;1m[rows:-][0m SELECT * FROM `prefill_groups` LIMIT 1

2026/08/15 00:11:24 [32mE:/selfWork/newApi/sourceCode/new-api/model/main.go:261
[0m[33m[0.000ms] [34;1m[rows:-][0m SELECT column_name, column_default, is_nullable = 'YES', data_type, character_maximum_length, column_type, column_key, extra, column_comment, numeric_precision, numeric_scale , datetime_precision FROM information_schema.columns WHERE table_schema = 'main' AND table_name = 'prefill_groups' ORDER BY ORDINAL_POSITION

2026/08/15 00:11:24 [32mE:/selfWork/newApi/sourceCode/new-api/model/main.go:261
[0m[33m[0.000ms] [34;1m[rows:-][0m SELECT DATABASE()

2026/08/15 00:11:24 [32mE:/selfWork/newApi/sourceCode/new-api/model/main.go:261
[0m[33m[0.000ms] [34;1m[rows:1][0m SELECT SCHEMA_NAME from Information_schema.SCHEMATA where SCHEMA_NAME LIKE 'main%' ORDER BY SCHEMA_NAME='main' DESC,SCHEMA_NAME limit 1

2026/08/15 00:11:24 [32mE:/selfWork/newApi/sourceCode/new-api/model/main.go:261
[0m[33m[0.533ms] [34;1m[rows:-][0m SELECT count(*) FROM information_schema.statistics WHERE table_schema = 'main' AND table_name = 'prefill_groups' AND index_name = 'uk_prefill_name'

2026/08/15 00:11:24 [32mE:/selfWork/newApi/sourceCode/new-api/model/main.go:261
[0m[33m[0.000ms] [34;1m[rows:-][0m SELECT DATABASE()

2026/08/15 00:11:24 [32mE:/selfWork/newApi/sourceCode/new-api/model/main.go:261
[0m[33m[0.000ms] [34;1m[rows:1][0m SELECT SCHEMA_NAME from Information_schema.SCHEMATA where SCHEMA_NAME LIKE 'main%' ORDER BY SCHEMA_NAME='main' DESC,SCHEMA_NAME limit 1

2026/08/15 00:11:24 [32mE:/selfWork/newApi/sourceCode/new-api/model/main.go:261
[0m[33m[0.709ms] [34;1m[rows:-][0m SELECT count(*) FROM information_schema.statistics WHERE table_schema = 'main' AND table_name = 'prefill_groups' AND index_name = 'idx_prefill_groups_type'

2026/08/15 00:11:24 [32mE:/selfWork/newApi/sourceCode/new-api/model/main.go:261
[0m[33m[0.000ms] [34;1m[rows:-][0m SELECT DATABASE()

2026/08/15 00:11:24 [32mE:/selfWork/newApi/sourceCode/new-api/model/main.go:261
[0m[33m[0.000ms] [34;1m[rows:1][0m SELECT SCHEMA_NAME from Information_schema.SCHEMATA where SCHEMA_NAME LIKE 'main%' ORDER BY SCHEMA_NAME='main' DESC,SCHEMA_NAME limit 1

2026/08/15 00:11:24 [32mE:/selfWork/newApi/sourceCode/new-api/model/main.go:261
[0m[33m[0.535ms] [34;1m[rows:-][0m SELECT count(*) FROM information_schema.statistics WHERE table_schema = 'main' AND table_name = 'prefill_groups' AND index_name = 'idx_prefill_groups_deleted_at'

2026/08/15 00:11:24 [32mE:/selfWork/newApi/sourceCode/new-api/model/main.go:261
[0m[33m[0.000ms] [34;1m[rows:-][0m SELECT DATABASE()

2026/08/15 00:11:24 [32mE:/selfWork/newApi/sourceCode/new-api/model/main.go:261
[0m[33m[0.000ms] [34;1m[rows:1][0m SELECT SCHEMA_NAME from Information_schema.SCHEMATA where SCHEMA_NAME LIKE 'main%' ORDER BY SCHEMA_NAME='main' DESC,SCHEMA_NAME limit 1

2026/08/15 00:11:24 [32mE:/selfWork/newApi/sourceCode/new-api/model/main.go:261
[0m[33m[0.589ms] [34;1m[rows:-][0m SELECT count(*) FROM information_schema.tables WHERE table_schema = 'main' AND table_name = 'setups' AND table_type = 'BASE TABLE'

2026/08/15 00:11:24 [32mE:/selfWork/newApi/sourceCode/new-api/model/main.go:261
[0m[33m[0.000ms] [34;1m[rows:-][0m SELECT DATABASE()

2026/08/15 00:11:24 [32mE:/selfWork/newApi/sourceCode/new-api/model/main.go:261
[0m[33m[0.000ms] [34;1m[rows:1][0m SELECT SCHEMA_NAME from Information_schema.SCHEMATA where SCHEMA_NAME LIKE 'main%' ORDER BY SCHEMA_NAME='main' DESC,SCHEMA_NAME limit 1

2026/08/15 00:11:24 [32mE:/selfWork/newApi/sourceCode/new-api/model/main.go:261
[0m[33m[1.100ms] [34;1m[rows:-][0m SELECT * FROM `setups` LIMIT 1

2026/08/15 00:11:24 [32mE:/selfWork/newApi/sourceCode/new-api/model/main.go:261
[0m[33m[0.000ms] [34;1m[rows:-][0m SELECT column_name, column_default, is_nullable = 'YES', data_type, character_maximum_length, column_type, column_key, extra, column_comment, numeric_precision, numeric_scale , datetime_precision FROM information_schema.columns WHERE table_schema = 'main' AND table_name = 'setups' ORDER BY ORDINAL_POSITION

2026/08/15 00:11:24 [32mE:/selfWork/newApi/sourceCode/new-api/model/main.go:261
[0m[33m[0.000ms] [34;1m[rows:-][0m SELECT DATABASE()

2026/08/15 00:11:24 [32mE:/selfWork/newApi/sourceCode/new-api/model/main.go:261
[0m[33m[0.000ms] [34;1m[rows:1][0m SELECT SCHEMA_NAME from Information_schema.SCHEMATA where SCHEMA_NAME LIKE 'main%' ORDER BY SCHEMA_NAME='main' DESC,SCHEMA_NAME limit 1

2026/08/15 00:11:24 [32mE:/selfWork/newApi/sourceCode/new-api/model/main.go:261
[0m[33m[0.548ms] [34;1m[rows:-][0m SELECT count(*) FROM information_schema.tables WHERE table_schema = 'main' AND table_name = 'two_fas' AND table_type = 'BASE TABLE'

2026/08/15 00:11:24 [32mE:/selfWork/newApi/sourceCode/new-api/model/main.go:261
[0m[33m[0.000ms] [34;1m[rows:-][0m SELECT DATABASE()

2026/08/15 00:11:24 [32mE:/selfWork/newApi/sourceCode/new-api/model/main.go:261
[0m[33m[0.000ms] [34;1m[rows:1][0m SELECT SCHEMA_NAME from Information_schema.SCHEMATA where SCHEMA_NAME LIKE 'main%' ORDER BY SCHEMA_NAME='main' DESC,SCHEMA_NAME limit 1

2026/08/15 00:11:24 [32mE:/selfWork/newApi/sourceCode/new-api/model/main.go:261
[0m[33m[1.075ms] [34;1m[rows:-][0m SELECT * FROM `two_fas` LIMIT 1

2026/08/15 00:11:24 [32mE:/selfWork/newApi/sourceCode/new-api/model/main.go:261
[0m[33m[0.566ms] [34;1m[rows:-][0m SELECT column_name, column_default, is_nullable = 'YES', data_type, character_maximum_length, column_type, column_key, extra, column_comment, numeric_precision, numeric_scale , datetime_precision FROM information_schema.columns WHERE table_schema = 'main' AND table_name = 'two_fas' ORDER BY ORDINAL_POSITION

2026/08/15 00:11:24 [32mE:/selfWork/newApi/sourceCode/new-api/model/main.go:261
[0m[33m[0.000ms] [34;1m[rows:-][0m SELECT DATABASE()

2026/08/15 00:11:24 [32mE:/selfWork/newApi/sourceCode/new-api/model/main.go:261
[0m[33m[0.574ms] [34;1m[rows:1][0m SELECT SCHEMA_NAME from Information_schema.SCHEMATA where SCHEMA_NAME LIKE 'main%' ORDER BY SCHEMA_NAME='main' DESC,SCHEMA_NAME limit 1

2026/08/15 00:11:24 [32mE:/selfWork/newApi/sourceCode/new-api/model/main.go:261
[0m[33m[0.000ms] [34;1m[rows:-][0m SELECT count(*) FROM information_schema.statistics WHERE table_schema = 'main' AND table_name = 'two_fas' AND index_name = 'idx_two_fas_user_id'

2026/08/15 00:11:24 [32mE:/selfWork/newApi/sourceCode/new-api/model/main.go:261
[0m[33m[0.625ms] [34;1m[rows:-][0m SELECT DATABASE()

2026/08/15 00:11:24 [32mE:/selfWork/newApi/sourceCode/new-api/model/main.go:261
[0m[33m[0.000ms] [34;1m[rows:1][0m SELECT SCHEMA_NAME from Information_schema.SCHEMATA where SCHEMA_NAME LIKE 'main%' ORDER BY SCHEMA_NAME='main' DESC,SCHEMA_NAME limit 1

2026/08/15 00:11:24 [32mE:/selfWork/newApi/sourceCode/new-api/model/main.go:261
[0m[33m[0.597ms] [34;1m[rows:-][0m SELECT count(*) FROM information_schema.statistics WHERE table_schema = 'main' AND table_name = 'two_fas' AND index_name = 'idx_two_fas_deleted_at'

2026/08/15 00:11:24 [32mE:/selfWork/newApi/sourceCode/new-api/model/main.go:261
[0m[33m[0.000ms] [34;1m[rows:-][0m SELECT DATABASE()

2026/08/15 00:11:24 [32mE:/selfWork/newApi/sourceCode/new-api/model/main.go:261
[0m[33m[0.000ms] [34;1m[rows:1][0m SELECT SCHEMA_NAME from Information_schema.SCHEMATA where SCHEMA_NAME LIKE 'main%' ORDER BY SCHEMA_NAME='main' DESC,SCHEMA_NAME limit 1

2026/08/15 00:11:24 [32mE:/selfWork/newApi/sourceCode/new-api/model/main.go:261
[0m[33m[0.000ms] [34;1m[rows:-][0m SELECT count(*) FROM information_schema.tables WHERE table_schema = 'main' AND table_name = 'two_fa_backup_codes' AND table_type = 'BASE TABLE'

2026/08/15 00:11:24 [32mE:/selfWork/newApi/sourceCode/new-api/model/main.go:261
[0m[33m[0.000ms] [34;1m[rows:-][0m SELECT DATABASE()

2026/08/15 00:11:24 [32mE:/selfWork/newApi/sourceCode/new-api/model/main.go:261
[0m[33m[0.000ms] [34;1m[rows:1][0m SELECT SCHEMA_NAME from Information_schema.SCHEMATA where SCHEMA_NAME LIKE 'main%' ORDER BY SCHEMA_NAME='main' DESC,SCHEMA_NAME limit 1

2026/08/15 00:11:24 [32mE:/selfWork/newApi/sourceCode/new-api/model/main.go:261
[0m[33m[0.540ms] [34;1m[rows:-][0m SELECT * FROM `two_fa_backup_codes` LIMIT 1

2026/08/15 00:11:24 [32mE:/selfWork/newApi/sourceCode/new-api/model/main.go:261
[0m[33m[0.000ms] [34;1m[rows:-][0m SELECT column_name, column_default, is_nullable = 'YES', data_type, character_maximum_length, column_type, column_key, extra, column_comment, numeric_precision, numeric_scale , datetime_precision FROM information_schema.columns WHERE table_schema = 'main' AND table_name = 'two_fa_backup_codes' ORDER BY ORDINAL_POSITION

2026/08/15 00:11:24 [32mE:/selfWork/newApi/sourceCode/new-api/model/main.go:261
[0m[33m[0.000ms] [34;1m[rows:-][0m SELECT DATABASE()

2026/08/15 00:11:24 [32mE:/selfWork/newApi/sourceCode/new-api/model/main.go:261
[0m[33m[0.000ms] [34;1m[rows:1][0m SELECT SCHEMA_NAME from Information_schema.SCHEMATA where SCHEMA_NAME LIKE 'main%' ORDER BY SCHEMA_NAME='main' DESC,SCHEMA_NAME limit 1

2026/08/15 00:11:24 [32mE:/selfWork/newApi/sourceCode/new-api/model/main.go:261
[0m[33m[0.530ms] [34;1m[rows:-][0m SELECT count(*) FROM information_schema.statistics WHERE table_schema = 'main' AND table_name = 'two_fa_backup_codes' AND index_name = 'idx_two_fa_backup_codes_user_id'

2026/08/15 00:11:24 [32mE:/selfWork/newApi/sourceCode/new-api/model/main.go:261
[0m[33m[0.000ms] [34;1m[rows:-][0m SELECT DATABASE()

2026/08/15 00:11:24 [32mE:/selfWork/newApi/sourceCode/new-api/model/main.go:261
[0m[33m[0.000ms] [34;1m[rows:1][0m SELECT SCHEMA_NAME from Information_schema.SCHEMATA where SCHEMA_NAME LIKE 'main%' ORDER BY SCHEMA_NAME='main' DESC,SCHEMA_NAME limit 1

2026/08/15 00:11:24 [32mE:/selfWork/newApi/sourceCode/new-api/model/main.go:261
[0m[33m[0.539ms] [34;1m[rows:-][0m SELECT count(*) FROM information_schema.statistics WHERE table_schema = 'main' AND table_name = 'two_fa_backup_codes' AND index_name = 'idx_two_fa_backup_codes_deleted_at'

2026/08/15 00:11:24 [32mE:/selfWork/newApi/sourceCode/new-api/model/main.go:261
[0m[33m[0.000ms] [34;1m[rows:-][0m SELECT DATABASE()

2026/08/15 00:11:24 [32mE:/selfWork/newApi/sourceCode/new-api/model/main.go:261
[0m[33m[0.000ms] [34;1m[rows:1][0m SELECT SCHEMA_NAME from Information_schema.SCHEMATA where SCHEMA_NAME LIKE 'main%' ORDER BY SCHEMA_NAME='main' DESC,SCHEMA_NAME limit 1

2026/08/15 00:11:24 [32mE:/selfWork/newApi/sourceCode/new-api/model/main.go:261
[0m[33m[0.000ms] [34;1m[rows:-][0m SELECT count(*) FROM information_schema.tables WHERE table_schema = 'main' AND table_name = 'checkins' AND table_type = 'BASE TABLE'

2026/08/15 00:11:24 [32mE:/selfWork/newApi/sourceCode/new-api/model/main.go:261
[0m[33m[0.000ms] [34;1m[rows:-][0m SELECT DATABASE()

2026/08/15 00:11:24 [32mE:/selfWork/newApi/sourceCode/new-api/model/main.go:261
[0m[33m[0.000ms] [34;1m[rows:1][0m SELECT SCHEMA_NAME from Information_schema.SCHEMATA where SCHEMA_NAME LIKE 'main%' ORDER BY SCHEMA_NAME='main' DESC,SCHEMA_NAME limit 1

2026/08/15 00:11:24 [32mE:/selfWork/newApi/sourceCode/new-api/model/main.go:261
[0m[33m[0.544ms] [34;1m[rows:-][0m SELECT * FROM `checkins` LIMIT 1

2026/08/15 00:11:24 [32mE:/selfWork/newApi/sourceCode/new-api/model/main.go:261
[0m[33m[0.000ms] [34;1m[rows:-][0m SELECT column_name, column_default, is_nullable = 'YES', data_type, character_maximum_length, column_type, column_key, extra, column_comment, numeric_precision, numeric_scale , datetime_precision FROM information_schema.columns WHERE table_schema = 'main' AND table_name = 'checkins' ORDER BY ORDINAL_POSITION

2026/08/15 00:11:24 [32mE:/selfWork/newApi/sourceCode/new-api/model/main.go:261
[0m[33m[0.000ms] [34;1m[rows:-][0m SELECT DATABASE()

2026/08/15 00:11:24 [32mE:/selfWork/newApi/sourceCode/new-api/model/main.go:261
[0m[33m[0.000ms] [34;1m[rows:1][0m SELECT SCHEMA_NAME from Information_schema.SCHEMATA where SCHEMA_NAME LIKE 'main%' ORDER BY SCHEMA_NAME='main' DESC,SCHEMA_NAME limit 1

2026/08/15 00:11:24 [32mE:/selfWork/newApi/sourceCode/new-api/model/main.go:261
[0m[33m[0.000ms] [34;1m[rows:-][0m SELECT count(*) FROM information_schema.statistics WHERE table_schema = 'main' AND table_name = 'checkins' AND index_name = 'idx_user_checkin_date'

2026/08/15 00:11:24 [32mE:/selfWork/newApi/sourceCode/new-api/model/main.go:261
[0m[33m[0.000ms] [34;1m[rows:-][0m SELECT DATABASE()

2026/08/15 00:11:24 [32mE:/selfWork/newApi/sourceCode/new-api/model/main.go:261
[0m[33m[0.549ms] [34;1m[rows:1][0m SELECT SCHEMA_NAME from Information_schema.SCHEMATA where SCHEMA_NAME LIKE 'main%' ORDER BY SCHEMA_NAME='main' DESC,SCHEMA_NAME limit 1

2026/08/15 00:11:24 [32mE:/selfWork/newApi/sourceCode/new-api/model/main.go:261
[0m[33m[0.000ms] [34;1m[rows:-][0m SELECT count(*) FROM information_schema.tables WHERE table_schema = 'main' AND table_name = 'subscription_orders' AND table_type = 'BASE TABLE'

2026/08/15 00:11:24 [32mE:/selfWork/newApi/sourceCode/new-api/model/main.go:261
[0m[33m[0.000ms] [34;1m[rows:-][0m SELECT DATABASE()

2026/08/15 00:11:24 [32mE:/selfWork/newApi/sourceCode/new-api/model/main.go:261
[0m[33m[0.603ms] [34;1m[rows:1][0m SELECT SCHEMA_NAME from Information_schema.SCHEMATA where SCHEMA_NAME LIKE 'main%' ORDER BY SCHEMA_NAME='main' DESC,SCHEMA_NAME limit 1

2026/08/15 00:11:24 [32mE:/selfWork/newApi/sourceCode/new-api/model/main.go:261
[0m[33m[0.630ms] [34;1m[rows:-][0m SELECT * FROM `subscription_orders` LIMIT 1

2026/08/15 00:11:24 [32mE:/selfWork/newApi/sourceCode/new-api/model/main.go:261
[0m[33m[0.000ms] [34;1m[rows:-][0m SELECT column_name, column_default, is_nullable = 'YES', data_type, character_maximum_length, column_type, column_key, extra, column_comment, numeric_precision, numeric_scale , datetime_precision FROM information_schema.columns WHERE table_schema = 'main' AND table_name = 'subscription_orders' ORDER BY ORDINAL_POSITION

2026/08/15 00:11:24 [32mE:/selfWork/newApi/sourceCode/new-api/model/main.go:261
[0m[33m[0.000ms] [34;1m[rows:-][0m SELECT DATABASE()

2026/08/15 00:11:24 [32mE:/selfWork/newApi/sourceCode/new-api/model/main.go:261
[0m[33m[0.000ms] [34;1m[rows:1][0m SELECT SCHEMA_NAME from Information_schema.SCHEMATA where SCHEMA_NAME LIKE 'main%' ORDER BY SCHEMA_NAME='main' DESC,SCHEMA_NAME limit 1

2026/08/15 00:11:24 [32mE:/selfWork/newApi/sourceCode/new-api/model/main.go:261
[0m[33m[0.534ms] [34;1m[rows:-][0m SELECT count(*) FROM information_schema.statistics WHERE table_schema = 'main' AND table_name = 'subscription_orders' AND index_name = 'idx_subscription_orders_trade_no'

2026/08/15 00:11:24 [32mE:/selfWork/newApi/sourceCode/new-api/model/main.go:261
[0m[33m[0.000ms] [34;1m[rows:-][0m SELECT DATABASE()

2026/08/15 00:11:24 [32mE:/selfWork/newApi/sourceCode/new-api/model/main.go:261
[0m[33m[0.000ms] [34;1m[rows:1][0m SELECT SCHEMA_NAME from Information_schema.SCHEMATA where SCHEMA_NAME LIKE 'main%' ORDER BY SCHEMA_NAME='main' DESC,SCHEMA_NAME limit 1

2026/08/15 00:11:24 [32mE:/selfWork/newApi/sourceCode/new-api/model/main.go:261
[0m[33m[0.519ms] [34;1m[rows:-][0m SELECT count(*) FROM information_schema.statistics WHERE table_schema = 'main' AND table_name = 'subscription_orders' AND index_name = 'idx_subscription_orders_user_id'

2026/08/15 00:11:24 [32mE:/selfWork/newApi/sourceCode/new-api/model/main.go:261
[0m[33m[0.000ms] [34;1m[rows:-][0m SELECT DATABASE()

2026/08/15 00:11:24 [32mE:/selfWork/newApi/sourceCode/new-api/model/main.go:261
[0m[33m[0.000ms] [34;1m[rows:1][0m SELECT SCHEMA_NAME from Information_schema.SCHEMATA where SCHEMA_NAME LIKE 'main%' ORDER BY SCHEMA_NAME='main' DESC,SCHEMA_NAME limit 1

2026/08/15 00:11:24 [32mE:/selfWork/newApi/sourceCode/new-api/model/main.go:261
[0m[33m[0.565ms] [34;1m[rows:-][0m SELECT count(*) FROM information_schema.statistics WHERE table_schema = 'main' AND table_name = 'subscription_orders' AND index_name = 'idx_subscription_orders_plan_id'

2026/08/15 00:11:24 [32mE:/selfWork/newApi/sourceCode/new-api/model/main.go:261
[0m[33m[0.000ms] [34;1m[rows:-][0m SELECT DATABASE()

2026/08/15 00:11:24 [32mE:/selfWork/newApi/sourceCode/new-api/model/main.go:261
[0m[33m[0.000ms] [34;1m[rows:1][0m SELECT SCHEMA_NAME from Information_schema.SCHEMATA where SCHEMA_NAME LIKE 'main%' ORDER BY SCHEMA_NAME='main' DESC,SCHEMA_NAME limit 1

2026/08/15 00:11:24 [32mE:/selfWork/newApi/sourceCode/new-api/model/main.go:261
[0m[33m[0.000ms] [34;1m[rows:-][0m SELECT count(*) FROM information_schema.tables WHERE table_schema = 'main' AND table_name = 'user_subscriptions' AND table_type = 'BASE TABLE'

2026/08/15 00:11:24 [32mE:/selfWork/newApi/sourceCode/new-api/model/main.go:261
[0m[33m[0.529ms] [34;1m[rows:-][0m SELECT DATABASE()

2026/08/15 00:11:24 [32mE:/selfWork/newApi/sourceCode/new-api/model/main.go:261
[0m[33m[0.000ms] [34;1m[rows:1][0m SELECT SCHEMA_NAME from Information_schema.SCHEMATA where SCHEMA_NAME LIKE 'main%' ORDER BY SCHEMA_NAME='main' DESC,SCHEMA_NAME limit 1

2026/08/15 00:11:24 [32mE:/selfWork/newApi/sourceCode/new-api/model/main.go:261
[0m[33m[0.520ms] [34;1m[rows:-][0m SELECT * FROM `user_subscriptions` LIMIT 1

2026/08/15 00:11:24 [32mE:/selfWork/newApi/sourceCode/new-api/model/main.go:261
[0m[33m[0.000ms] [34;1m[rows:-][0m SELECT column_name, column_default, is_nullable = 'YES', data_type, character_maximum_length, column_type, column_key, extra, column_comment, numeric_precision, numeric_scale , datetime_precision FROM information_schema.columns WHERE table_schema = 'main' AND table_name = 'user_subscriptions' ORDER BY ORDINAL_POSITION

2026/08/15 00:11:24 [32mE:/selfWork/newApi/sourceCode/new-api/model/main.go:261
[0m[33m[0.000ms] [34;1m[rows:-][0m SELECT DATABASE()

2026/08/15 00:11:24 [32mE:/selfWork/newApi/sourceCode/new-api/model/main.go:261
[0m[33m[0.000ms] [34;1m[rows:1][0m SELECT SCHEMA_NAME from Information_schema.SCHEMATA where SCHEMA_NAME LIKE 'main%' ORDER BY SCHEMA_NAME='main' DESC,SCHEMA_NAME limit 1

2026/08/15 00:11:24 [32mE:/selfWork/newApi/sourceCode/new-api/model/main.go:261
[0m[33m[0.554ms] [34;1m[rows:-][0m SELECT count(*) FROM information_schema.statistics WHERE table_schema = 'main' AND table_name = 'user_subscriptions' AND index_name = 'idx_user_sub_active'

2026/08/15 00:11:24 [32mE:/selfWork/newApi/sourceCode/new-api/model/main.go:261
[0m[33m[0.000ms] [34;1m[rows:-][0m SELECT DATABASE()

2026/08/15 00:11:24 [32mE:/selfWork/newApi/sourceCode/new-api/model/main.go:261
[0m[33m[0.000ms] [34;1m[rows:1][0m SELECT SCHEMA_NAME from Information_schema.SCHEMATA where SCHEMA_NAME LIKE 'main%' ORDER BY SCHEMA_NAME='main' DESC,SCHEMA_NAME limit 1

2026/08/15 00:11:24 [32mE:/selfWork/newApi/sourceCode/new-api/model/main.go:261
[0m[33m[0.000ms] [34;1m[rows:-][0m SELECT count(*) FROM information_schema.statistics WHERE table_schema = 'main' AND table_name = 'user_subscriptions' AND index_name = 'idx_user_subscriptions_plan_id'

2026/08/15 00:11:24 [32mE:/selfWork/newApi/sourceCode/new-api/model/main.go:261
[0m[33m[0.000ms] [34;1m[rows:-][0m SELECT DATABASE()

2026/08/15 00:11:24 [32mE:/selfWork/newApi/sourceCode/new-api/model/main.go:261
[0m[33m[0.533ms] [34;1m[rows:1][0m SELECT SCHEMA_NAME from Information_schema.SCHEMATA where SCHEMA_NAME LIKE 'main%' ORDER BY SCHEMA_NAME='main' DESC,SCHEMA_NAME limit 1

2026/08/15 00:11:24 [32mE:/selfWork/newApi/sourceCode/new-api/model/main.go:261
[0m[33m[0.000ms] [34;1m[rows:-][0m SELECT count(*) FROM information_schema.statistics WHERE table_schema = 'main' AND table_name = 'user_subscriptions' AND index_name = 'idx_user_subscriptions_end_time'

2026/08/15 00:11:24 [32mE:/selfWork/newApi/sourceCode/new-api/model/main.go:261
[0m[33m[0.000ms] [34;1m[rows:-][0m SELECT DATABASE()

2026/08/15 00:11:24 [32mE:/selfWork/newApi/sourceCode/new-api/model/main.go:261
[0m[33m[0.544ms] [34;1m[rows:1][0m SELECT SCHEMA_NAME from Information_schema.SCHEMATA where SCHEMA_NAME LIKE 'main%' ORDER BY SCHEMA_NAME='main' DESC,SCHEMA_NAME limit 1

2026/08/15 00:11:24 [32mE:/selfWork/newApi/sourceCode/new-api/model/main.go:261
[0m[33m[0.000ms] [34;1m[rows:-][0m SELECT count(*) FROM information_schema.statistics WHERE table_schema = 'main' AND table_name = 'user_subscriptions' AND index_name = 'idx_user_subscriptions_status'

2026/08/15 00:11:24 [32mE:/selfWork/newApi/sourceCode/new-api/model/main.go:261
[0m[33m[0.000ms] [34;1m[rows:-][0m SELECT DATABASE()

2026/08/15 00:11:24 [32mE:/selfWork/newApi/sourceCode/new-api/model/main.go:261
[0m[33m[0.625ms] [34;1m[rows:1][0m SELECT SCHEMA_NAME from Information_schema.SCHEMATA where SCHEMA_NAME LIKE 'main%' ORDER BY SCHEMA_NAME='main' DESC,SCHEMA_NAME limit 1

2026/08/15 00:11:24 [32mE:/selfWork/newApi/sourceCode/new-api/model/main.go:261
[0m[33m[0.000ms] [34;1m[rows:-][0m SELECT count(*) FROM information_schema.statistics WHERE table_schema = 'main' AND table_name = 'user_subscriptions' AND index_name = 'idx_user_subscriptions_next_reset_time'

2026/08/15 00:11:24 [32mE:/selfWork/newApi/sourceCode/new-api/model/main.go:261
[0m[33m[0.000ms] [34;1m[rows:-][0m SELECT DATABASE()

2026/08/15 00:11:24 [32mE:/selfWork/newApi/sourceCode/new-api/model/main.go:261
[0m[33m[0.602ms] [34;1m[rows:1][0m SELECT SCHEMA_NAME from Information_schema.SCHEMATA where SCHEMA_NAME LIKE 'main%' ORDER BY SCHEMA_NAME='main' DESC,SCHEMA_NAME limit 1

2026/08/15 00:11:24 [32mE:/selfWork/newApi/sourceCode/new-api/model/main.go:261
[0m[33m[0.000ms] [34;1m[rows:-][0m SELECT count(*) FROM information_schema.statistics WHERE table_schema = 'main' AND table_name = 'user_subscriptions' AND index_name = 'idx_user_subscriptions_user_id'

2026/08/15 00:11:24 [32mE:/selfWork/newApi/sourceCode/new-api/model/main.go:261
[0m[33m[0.000ms] [34;1m[rows:-][0m SELECT DATABASE()

2026/08/15 00:11:24 [32mE:/selfWork/newApi/sourceCode/new-api/model/main.go:261
[0m[33m[0.000ms] [34;1m[rows:1][0m SELECT SCHEMA_NAME from Information_schema.SCHEMATA where SCHEMA_NAME LIKE 'main%' ORDER BY SCHEMA_NAME='main' DESC,SCHEMA_NAME limit 1

2026/08/15 00:11:24 [32mE:/selfWork/newApi/sourceCode/new-api/model/main.go:261
[0m[33m[0.000ms] [34;1m[rows:-][0m SELECT count(*) FROM information_schema.tables WHERE table_schema = 'main' AND table_name = 'subscription_pre_consume_records' AND table_type = 'BASE TABLE'

2026/08/15 00:11:24 [32mE:/selfWork/newApi/sourceCode/new-api/model/main.go:261
[0m[33m[0.000ms] [34;1m[rows:-][0m SELECT DATABASE()

2026/08/15 00:11:24 [32mE:/selfWork/newApi/sourceCode/new-api/model/main.go:261
[0m[33m[0.529ms] [34;1m[rows:1][0m SELECT SCHEMA_NAME from Information_schema.SCHEMATA where SCHEMA_NAME LIKE 'main%' ORDER BY SCHEMA_NAME='main' DESC,SCHEMA_NAME limit 1

2026/08/15 00:11:24 [32mE:/selfWork/newApi/sourceCode/new-api/model/main.go:261
[0m[33m[1.283ms] [34;1m[rows:-][0m SELECT * FROM `subscription_pre_consume_records` LIMIT 1

2026/08/15 00:11:24 [32mE:/selfWork/newApi/sourceCode/new-api/model/main.go:261
[0m[33m[0.598ms] [34;1m[rows:-][0m SELECT column_name, column_default, is_nullable = 'YES', data_type, character_maximum_length, column_type, column_key, extra, column_comment, numeric_precision, numeric_scale , datetime_precision FROM information_schema.columns WHERE table_schema = 'main' AND table_name = 'subscription_pre_consume_records' ORDER BY ORDINAL_POSITION

2026/08/15 00:11:24 [32mE:/selfWork/newApi/sourceCode/new-api/model/main.go:261
[0m[33m[0.000ms] [34;1m[rows:-][0m SELECT DATABASE()

2026/08/15 00:11:24 [32mE:/selfWork/newApi/sourceCode/new-api/model/main.go:261
[0m[33m[0.684ms] [34;1m[rows:1][0m SELECT SCHEMA_NAME from Information_schema.SCHEMATA where SCHEMA_NAME LIKE 'main%' ORDER BY SCHEMA_NAME='main' DESC,SCHEMA_NAME limit 1

2026/08/15 00:11:24 [32mE:/selfWork/newApi/sourceCode/new-api/model/main.go:261
[0m[33m[0.000ms] [34;1m[rows:-][0m SELECT count(*) FROM information_schema.statistics WHERE table_schema = 'main' AND table_name = 'subscription_pre_consume_records' AND index_name = 'idx_subscription_pre_consume_records_request_id'

2026/08/15 00:11:24 [32mE:/selfWork/newApi/sourceCode/new-api/model/main.go:261
[0m[33m[0.000ms] [34;1m[rows:-][0m SELECT DATABASE()

2026/08/15 00:11:24 [32mE:/selfWork/newApi/sourceCode/new-api/model/main.go:261
[0m[33m[0.000ms] [34;1m[rows:1][0m SELECT SCHEMA_NAME from Information_schema.SCHEMATA where SCHEMA_NAME LIKE 'main%' ORDER BY SCHEMA_NAME='main' DESC,SCHEMA_NAME limit 1

2026/08/15 00:11:24 [32mE:/selfWork/newApi/sourceCode/new-api/model/main.go:261
[0m[33m[0.515ms] [34;1m[rows:-][0m SELECT count(*) FROM information_schema.statistics WHERE table_schema = 'main' AND table_name = 'subscription_pre_consume_records' AND index_name = 'idx_subscription_pre_consume_records_user_id'

2026/08/15 00:11:24 [32mE:/selfWork/newApi/sourceCode/new-api/model/main.go:261
[0m[33m[0.000ms] [34;1m[rows:-][0m SELECT DATABASE()

2026/08/15 00:11:24 [32mE:/selfWork/newApi/sourceCode/new-api/model/main.go:261
[0m[33m[0.000ms] [34;1m[rows:1][0m SELECT SCHEMA_NAME from Information_schema.SCHEMATA where SCHEMA_NAME LIKE 'main%' ORDER BY SCHEMA_NAME='main' DESC,SCHEMA_NAME limit 1

2026/08/15 00:11:24 [32mE:/selfWork/newApi/sourceCode/new-api/model/main.go:261
[0m[33m[0.569ms] [34;1m[rows:-][0m SELECT count(*) FROM information_schema.statistics WHERE table_schema = 'main' AND table_name = 'subscription_pre_consume_records' AND index_name = 'idx_subscription_pre_consume_records_user_subscription_id'

2026/08/15 00:11:24 [32mE:/selfWork/newApi/sourceCode/new-api/model/main.go:261
[0m[33m[0.000ms] [34;1m[rows:-][0m SELECT DATABASE()

2026/08/15 00:11:24 [32mE:/selfWork/newApi/sourceCode/new-api/model/main.go:261
[0m[33m[0.000ms] [34;1m[rows:1][0m SELECT SCHEMA_NAME from Information_schema.SCHEMATA where SCHEMA_NAME LIKE 'main%' ORDER BY SCHEMA_NAME='main' DESC,SCHEMA_NAME limit 1

2026/08/15 00:11:24 [32mE:/selfWork/newApi/sourceCode/new-api/model/main.go:261
[0m[33m[0.000ms] [34;1m[rows:-][0m SELECT count(*) FROM information_schema.statistics WHERE table_schema = 'main' AND table_name = 'subscription_pre_consume_records' AND index_name = 'idx_subscription_pre_consume_records_status'

2026/08/15 00:11:24 [32mE:/selfWork/newApi/sourceCode/new-api/model/main.go:261
[0m[33m[0.000ms] [34;1m[rows:-][0m SELECT DATABASE()

2026/08/15 00:11:24 [32mE:/selfWork/newApi/sourceCode/new-api/model/main.go:261
[0m[33m[0.000ms] [34;1m[rows:1][0m SELECT SCHEMA_NAME from Information_schema.SCHEMATA where SCHEMA_NAME LIKE 'main%' ORDER BY SCHEMA_NAME='main' DESC,SCHEMA_NAME limit 1

2026/08/15 00:11:24 [32mE:/selfWork/newApi/sourceCode/new-api/model/main.go:261
[0m[33m[0.000ms] [34;1m[rows:-][0m SELECT count(*) FROM information_schema.statistics WHERE table_schema = 'main' AND table_name = 'subscription_pre_consume_records' AND index_name = 'idx_subscription_pre_consume_records_updated_at'

2026/08/15 00:11:24 [32mE:/selfWork/newApi/sourceCode/new-api/model/main.go:261
[0m[33m[0.000ms] [34;1m[rows:-][0m SELECT DATABASE()

2026/08/15 00:11:24 [32mE:/selfWork/newApi/sourceCode/new-api/model/main.go:261
[0m[33m[1.239ms] [34;1m[rows:1][0m SELECT SCHEMA_NAME from Information_schema.SCHEMATA where SCHEMA_NAME LIKE 'main%' ORDER BY SCHEMA_NAME='main' DESC,SCHEMA_NAME limit 1

2026/08/15 00:11:24 [32mE:/selfWork/newApi/sourceCode/new-api/model/main.go:261
[0m[33m[0.000ms] [34;1m[rows:-][0m SELECT count(*) FROM information_schema.tables WHERE table_schema = 'main' AND table_name = 'custom_oauth_providers' AND table_type = 'BASE TABLE'

2026/08/15 00:11:24 [32mE:/selfWork/newApi/sourceCode/new-api/model/main.go:261
[0m[33m[0.000ms] [34;1m[rows:-][0m SELECT DATABASE()

2026/08/15 00:11:24 [32mE:/selfWork/newApi/sourceCode/new-api/model/main.go:261
[0m[33m[0.000ms] [34;1m[rows:1][0m SELECT SCHEMA_NAME from Information_schema.SCHEMATA where SCHEMA_NAME LIKE 'main%' ORDER BY SCHEMA_NAME='main' DESC,SCHEMA_NAME limit 1

2026/08/15 00:11:24 [32mE:/selfWork/newApi/sourceCode/new-api/model/main.go:261
[0m[33m[0.540ms] [34;1m[rows:-][0m SELECT * FROM `custom_oauth_providers` LIMIT 1

2026/08/15 00:11:24 [32mE:/selfWork/newApi/sourceCode/new-api/model/main.go:261
[0m[33m[0.628ms] [34;1m[rows:-][0m SELECT column_name, column_default, is_nullable = 'YES', data_type, character_maximum_length, column_type, column_key, extra, column_comment, numeric_precision, numeric_scale , datetime_precision FROM information_schema.columns WHERE table_schema = 'main' AND table_name = 'custom_oauth_providers' ORDER BY ORDINAL_POSITION

2026/08/15 00:11:24 [32mE:/selfWork/newApi/sourceCode/new-api/model/main.go:261
[0m[33m[2.579ms] [34;1m[rows:0][0m ALTER TABLE `custom_oauth_providers` MODIFY COLUMN `enabled` boolean DEFAULT false

2026/08/15 00:11:24 [32mE:/selfWork/newApi/sourceCode/new-api/model/main.go:261
[0m[33m[0.000ms] [34;1m[rows:-][0m SELECT DATABASE()

2026/08/15 00:11:24 [32mE:/selfWork/newApi/sourceCode/new-api/model/main.go:261
[0m[33m[0.581ms] [34;1m[rows:1][0m SELECT SCHEMA_NAME from Information_schema.SCHEMATA where SCHEMA_NAME LIKE 'main%' ORDER BY SCHEMA_NAME='main' DESC,SCHEMA_NAME limit 1

2026/08/15 00:11:24 [32mE:/selfWork/newApi/sourceCode/new-api/model/main.go:261
[0m[33m[0.000ms] [34;1m[rows:-][0m SELECT count(*) FROM information_schema.statistics WHERE table_schema = 'main' AND table_name = 'custom_oauth_providers' AND index_name = 'idx_custom_oauth_providers_slug'

2026/08/15 00:11:24 [32mE:/selfWork/newApi/sourceCode/new-api/model/main.go:261
[0m[33m[0.000ms] [34;1m[rows:-][0m SELECT DATABASE()

2026/08/15 00:11:24 [32mE:/selfWork/newApi/sourceCode/new-api/model/main.go:261
[0m[33m[0.676ms] [34;1m[rows:1][0m SELECT SCHEMA_NAME from Information_schema.SCHEMATA where SCHEMA_NAME LIKE 'main%' ORDER BY SCHEMA_NAME='main' DESC,SCHEMA_NAME limit 1

2026/08/15 00:11:24 [32mE:/selfWork/newApi/sourceCode/new-api/model/main.go:261
[0m[33m[0.000ms] [34;1m[rows:-][0m SELECT count(*) FROM information_schema.tables WHERE table_schema = 'main' AND table_name = 'user_oauth_bindings' AND table_type = 'BASE TABLE'

2026/08/15 00:11:24 [32mE:/selfWork/newApi/sourceCode/new-api/model/main.go:261
[0m[33m[0.000ms] [34;1m[rows:-][0m SELECT DATABASE()

2026/08/15 00:11:24 [32mE:/selfWork/newApi/sourceCode/new-api/model/main.go:261
[0m[33m[0.000ms] [34;1m[rows:1][0m SELECT SCHEMA_NAME from Information_schema.SCHEMATA where SCHEMA_NAME LIKE 'main%' ORDER BY SCHEMA_NAME='main' DESC,SCHEMA_NAME limit 1

2026/08/15 00:11:24 [32mE:/selfWork/newApi/sourceCode/new-api/model/main.go:261
[0m[33m[0.596ms] [34;1m[rows:-][0m SELECT * FROM `user_oauth_bindings` LIMIT 1

2026/08/15 00:11:24 [32mE:/selfWork/newApi/sourceCode/new-api/model/main.go:261
[0m[33m[0.000ms] [34;1m[rows:-][0m SELECT column_name, column_default, is_nullable = 'YES', data_type, character_maximum_length, column_type, column_key, extra, column_comment, numeric_precision, numeric_scale , datetime_precision FROM information_schema.columns WHERE table_schema = 'main' AND table_name = 'user_oauth_bindings' ORDER BY ORDINAL_POSITION

2026/08/15 00:11:24 [32mE:/selfWork/newApi/sourceCode/new-api/model/main.go:261
[0m[33m[0.541ms] [34;1m[rows:-][0m SELECT DATABASE()

2026/08/15 00:11:24 [32mE:/selfWork/newApi/sourceCode/new-api/model/main.go:261
[0m[33m[0.000ms] [34;1m[rows:1][0m SELECT SCHEMA_NAME from Information_schema.SCHEMATA where SCHEMA_NAME LIKE 'main%' ORDER BY SCHEMA_NAME='main' DESC,SCHEMA_NAME limit 1

2026/08/15 00:11:24 [32mE:/selfWork/newApi/sourceCode/new-api/model/main.go:261
[0m[33m[0.534ms] [34;1m[rows:-][0m SELECT count(*) FROM information_schema.statistics WHERE table_schema = 'main' AND table_name = 'user_oauth_bindings' AND index_name = 'ux_user_provider'

2026/08/15 00:11:24 [32mE:/selfWork/newApi/sourceCode/new-api/model/main.go:261
[0m[33m[0.000ms] [34;1m[rows:-][0m SELECT DATABASE()

2026/08/15 00:11:24 [32mE:/selfWork/newApi/sourceCode/new-api/model/main.go:261
[0m[33m[0.000ms] [34;1m[rows:1][0m SELECT SCHEMA_NAME from Information_schema.SCHEMATA where SCHEMA_NAME LIKE 'main%' ORDER BY SCHEMA_NAME='main' DESC,SCHEMA_NAME limit 1

2026/08/15 00:11:24 [32mE:/selfWork/newApi/sourceCode/new-api/model/main.go:261
[0m[33m[0.000ms] [34;1m[rows:-][0m SELECT count(*) FROM information_schema.statistics WHERE table_schema = 'main' AND table_name = 'user_oauth_bindings' AND index_name = 'ux_provider_userid'

2026/08/15 00:11:24 [32mE:/selfWork/newApi/sourceCode/new-api/model/main.go:261
[0m[33m[0.000ms] [34;1m[rows:-][0m SELECT DATABASE()

2026/08/15 00:11:24 [32mE:/selfWork/newApi/sourceCode/new-api/model/main.go:261
[0m[33m[0.000ms] [34;1m[rows:1][0m SELECT SCHEMA_NAME from Information_schema.SCHEMATA where SCHEMA_NAME LIKE 'main%' ORDER BY SCHEMA_NAME='main' DESC,SCHEMA_NAME limit 1

2026/08/15 00:11:24 [32mE:/selfWork/newApi/sourceCode/new-api/model/main.go:261
[0m[33m[0.000ms] [34;1m[rows:-][0m SELECT count(*) FROM information_schema.tables WHERE table_schema = 'main' AND table_name = 'perf_metrics' AND table_type = 'BASE TABLE'

2026/08/15 00:11:24 [32mE:/selfWork/newApi/sourceCode/new-api/model/main.go:261
[0m[33m[0.000ms] [34;1m[rows:-][0m SELECT DATABASE()

2026/08/15 00:11:24 [32mE:/selfWork/newApi/sourceCode/new-api/model/main.go:261
[0m[33m[0.000ms] [34;1m[rows:1][0m SELECT SCHEMA_NAME from Information_schema.SCHEMATA where SCHEMA_NAME LIKE 'main%' ORDER BY SCHEMA_NAME='main' DESC,SCHEMA_NAME limit 1

2026/08/15 00:11:24 [32mE:/selfWork/newApi/sourceCode/new-api/model/main.go:261
[0m[33m[0.972ms] [34;1m[rows:-][0m SELECT * FROM `perf_metrics` LIMIT 1

2026/08/15 00:11:24 [32mE:/selfWork/newApi/sourceCode/new-api/model/main.go:261
[0m[33m[0.000ms] [34;1m[rows:-][0m SELECT column_name, column_default, is_nullable = 'YES', data_type, character_maximum_length, column_type, column_key, extra, column_comment, numeric_precision, numeric_scale , datetime_precision FROM information_schema.columns WHERE table_schema = 'main' AND table_name = 'perf_metrics' ORDER BY ORDINAL_POSITION

2026/08/15 00:11:24 [32mE:/selfWork/newApi/sourceCode/new-api/model/main.go:261
[0m[33m[0.000ms] [34;1m[rows:-][0m SELECT DATABASE()

2026/08/15 00:11:24 [32mE:/selfWork/newApi/sourceCode/new-api/model/main.go:261
[0m[33m[0.000ms] [34;1m[rows:1][0m SELECT SCHEMA_NAME from Information_schema.SCHEMATA where SCHEMA_NAME LIKE 'main%' ORDER BY SCHEMA_NAME='main' DESC,SCHEMA_NAME limit 1

2026/08/15 00:11:24 [32mE:/selfWork/newApi/sourceCode/new-api/model/main.go:261
[0m[33m[0.000ms] [34;1m[rows:-][0m SELECT count(*) FROM information_schema.statistics WHERE table_schema = 'main' AND table_name = 'perf_metrics' AND index_name = 'idx_perf_bucket_ts'

2026/08/15 00:11:24 [32mE:/selfWork/newApi/sourceCode/new-api/model/main.go:261
[0m[33m[0.000ms] [34;1m[rows:-][0m SELECT DATABASE()

2026/08/15 00:11:24 [32mE:/selfWork/newApi/sourceCode/new-api/model/main.go:261
[0m[33m[0.000ms] [34;1m[rows:1][0m SELECT SCHEMA_NAME from Information_schema.SCHEMATA where SCHEMA_NAME LIKE 'main%' ORDER BY SCHEMA_NAME='main' DESC,SCHEMA_NAME limit 1

2026/08/15 00:11:24 [32mE:/selfWork/newApi/sourceCode/new-api/model/main.go:261
[0m[33m[0.000ms] [34;1m[rows:-][0m SELECT count(*) FROM information_schema.statistics WHERE table_schema = 'main' AND table_name = 'perf_metrics' AND index_name = 'idx_perf_model_group_bucket'

2026/08/15 00:11:24 [32mE:/selfWork/newApi/sourceCode/new-api/model/main.go:261
[0m[33m[0.549ms] [34;1m[rows:-][0m SELECT DATABASE()

2026/08/15 00:11:24 [32mE:/selfWork/newApi/sourceCode/new-api/model/main.go:261
[0m[33m[0.000ms] [34;1m[rows:1][0m SELECT SCHEMA_NAME from Information_schema.SCHEMATA where SCHEMA_NAME LIKE 'main%' ORDER BY SCHEMA_NAME='main' DESC,SCHEMA_NAME limit 1

2026/08/15 00:11:24 [32mE:/selfWork/newApi/sourceCode/new-api/model/main.go:261
[0m[33m[0.000ms] [34;1m[rows:-][0m SELECT count(*) FROM information_schema.tables WHERE table_schema = 'main' AND table_name = 'system_instances' AND table_type = 'BASE TABLE'

2026/08/15 00:11:24 [32mE:/selfWork/newApi/sourceCode/new-api/model/main.go:261
[0m[33m[0.000ms] [34;1m[rows:-][0m SELECT DATABASE()

2026/08/15 00:11:24 [32mE:/selfWork/newApi/sourceCode/new-api/model/main.go:261
[0m[33m[0.000ms] [34;1m[rows:1][0m SELECT SCHEMA_NAME from Information_schema.SCHEMATA where SCHEMA_NAME LIKE 'main%' ORDER BY SCHEMA_NAME='main' DESC,SCHEMA_NAME limit 1

2026/08/15 00:11:24 [32mE:/selfWork/newApi/sourceCode/new-api/model/main.go:261
[0m[33m[0.000ms] [34;1m[rows:-][0m SELECT * FROM `system_instances` LIMIT 1

2026/08/15 00:11:24 [32mE:/selfWork/newApi/sourceCode/new-api/model/main.go:261
[0m[33m[0.000ms] [34;1m[rows:-][0m SELECT column_name, column_default, is_nullable = 'YES', data_type, character_maximum_length, column_type, column_key, extra, column_comment, numeric_precision, numeric_scale , datetime_precision FROM information_schema.columns WHERE table_schema = 'main' AND table_name = 'system_instances' ORDER BY ORDINAL_POSITION

2026/08/15 00:11:24 [32mE:/selfWork/newApi/sourceCode/new-api/model/main.go:261
[0m[33m[0.000ms] [34;1m[rows:-][0m SELECT DATABASE()

2026/08/15 00:11:24 [32mE:/selfWork/newApi/sourceCode/new-api/model/main.go:261
[0m[33m[0.528ms] [34;1m[rows:1][0m SELECT SCHEMA_NAME from Information_schema.SCHEMATA where SCHEMA_NAME LIKE 'main%' ORDER BY SCHEMA_NAME='main' DESC,SCHEMA_NAME limit 1

2026/08/15 00:11:24 [32mE:/selfWork/newApi/sourceCode/new-api/model/main.go:261
[0m[33m[0.000ms] [34;1m[rows:-][0m SELECT count(*) FROM information_schema.statistics WHERE table_schema = 'main' AND table_name = 'system_instances' AND index_name = 'idx_system_instances_started_at'

2026/08/15 00:11:24 [32mE:/selfWork/newApi/sourceCode/new-api/model/main.go:261
[0m[33m[0.000ms] [34;1m[rows:-][0m SELECT DATABASE()

2026/08/15 00:11:24 [32mE:/selfWork/newApi/sourceCode/new-api/model/main.go:261
[0m[33m[0.000ms] [34;1m[rows:1][0m SELECT SCHEMA_NAME from Information_schema.SCHEMATA where SCHEMA_NAME LIKE 'main%' ORDER BY SCHEMA_NAME='main' DESC,SCHEMA_NAME limit 1

2026/08/15 00:11:24 [32mE:/selfWork/newApi/sourceCode/new-api/model/main.go:261
[0m[33m[0.000ms] [34;1m[rows:-][0m SELECT count(*) FROM information_schema.statistics WHERE table_schema = 'main' AND table_name = 'system_instances' AND index_name = 'idx_system_instances_last_seen_at'

2026/08/15 00:11:24 [32mE:/selfWork/newApi/sourceCode/new-api/model/main.go:261
[0m[33m[0.000ms] [34;1m[rows:-][0m SELECT DATABASE()

2026/08/15 00:11:24 [32mE:/selfWork/newApi/sourceCode/new-api/model/main.go:261
[0m[33m[1.028ms] [34;1m[rows:1][0m SELECT SCHEMA_NAME from Information_schema.SCHEMATA where SCHEMA_NAME LIKE 'main%' ORDER BY SCHEMA_NAME='main' DESC,SCHEMA_NAME limit 1

2026/08/15 00:11:24 [32mE:/selfWork/newApi/sourceCode/new-api/model/main.go:261
[0m[33m[0.000ms] [34;1m[rows:-][0m SELECT count(*) FROM information_schema.statistics WHERE table_schema = 'main' AND table_name = 'system_instances' AND index_name = 'idx_system_instances_created_at'

2026/08/15 00:11:24 [32mE:/selfWork/newApi/sourceCode/new-api/model/main.go:261
[0m[33m[0.000ms] [34;1m[rows:-][0m SELECT DATABASE()

2026/08/15 00:11:24 [32mE:/selfWork/newApi/sourceCode/new-api/model/main.go:261
[0m[33m[0.000ms] [34;1m[rows:1][0m SELECT SCHEMA_NAME from Information_schema.SCHEMATA where SCHEMA_NAME LIKE 'main%' ORDER BY SCHEMA_NAME='main' DESC,SCHEMA_NAME limit 1

2026/08/15 00:11:24 [32mE:/selfWork/newApi/sourceCode/new-api/model/main.go:261
[0m[33m[0.000ms] [34;1m[rows:-][0m SELECT count(*) FROM information_schema.statistics WHERE table_schema = 'main' AND table_name = 'system_instances' AND index_name = 'idx_system_instances_updated_at'

2026/08/15 00:11:24 [32mE:/selfWork/newApi/sourceCode/new-api/model/main.go:261
[0m[33m[0.000ms] [34;1m[rows:-][0m SELECT DATABASE()

2026/08/15 00:11:24 [32mE:/selfWork/newApi/sourceCode/new-api/model/main.go:261
[0m[33m[0.525ms] [34;1m[rows:1][0m SELECT SCHEMA_NAME from Information_schema.SCHEMATA where SCHEMA_NAME LIKE 'main%' ORDER BY SCHEMA_NAME='main' DESC,SCHEMA_NAME limit 1

2026/08/15 00:11:24 [32mE:/selfWork/newApi/sourceCode/new-api/model/main.go:261
[0m[33m[0.000ms] [34;1m[rows:-][0m SELECT count(*) FROM information_schema.tables WHERE table_schema = 'main' AND table_name = 'system_tasks' AND table_type = 'BASE TABLE'

2026/08/15 00:11:24 [32mE:/selfWork/newApi/sourceCode/new-api/model/main.go:261
[0m[33m[0.000ms] [34;1m[rows:-][0m SELECT DATABASE()

2026/08/15 00:11:24 [32mE:/selfWork/newApi/sourceCode/new-api/model/main.go:261
[0m[33m[0.588ms] [34;1m[rows:1][0m SELECT SCHEMA_NAME from Information_schema.SCHEMATA where SCHEMA_NAME LIKE 'main%' ORDER BY SCHEMA_NAME='main' DESC,SCHEMA_NAME limit 1

2026/08/15 00:11:24 [32mE:/selfWork/newApi/sourceCode/new-api/model/main.go:261
[0m[33m[0.000ms] [34;1m[rows:-][0m SELECT * FROM `system_tasks` LIMIT 1

2026/08/15 00:11:24 [32mE:/selfWork/newApi/sourceCode/new-api/model/main.go:261
[0m[33m[0.548ms] [34;1m[rows:-][0m SELECT column_name, column_default, is_nullable = 'YES', data_type, character_maximum_length, column_type, column_key, extra, column_comment, numeric_precision, numeric_scale , datetime_precision FROM information_schema.columns WHERE table_schema = 'main' AND table_name = 'system_tasks' ORDER BY ORDINAL_POSITION

2026/08/15 00:11:24 [32mE:/selfWork/newApi/sourceCode/new-api/model/main.go:261
[0m[33m[0.000ms] [34;1m[rows:-][0m SELECT DATABASE()

2026/08/15 00:11:24 [32mE:/selfWork/newApi/sourceCode/new-api/model/main.go:261
[0m[33m[0.701ms] [34;1m[rows:1][0m SELECT SCHEMA_NAME from Information_schema.SCHEMATA where SCHEMA_NAME LIKE 'main%' ORDER BY SCHEMA_NAME='main' DESC,SCHEMA_NAME limit 1

2026/08/15 00:11:24 [32mE:/selfWork/newApi/sourceCode/new-api/model/main.go:261
[0m[33m[0.000ms] [34;1m[rows:-][0m SELECT count(*) FROM information_schema.statistics WHERE table_schema = 'main' AND table_name = 'system_tasks' AND index_name = 'idx_system_tasks_task_id'

2026/08/15 00:11:24 [32mE:/selfWork/newApi/sourceCode/new-api/model/main.go:261
[0m[33m[0.000ms] [34;1m[rows:-][0m SELECT DATABASE()

2026/08/15 00:11:24 [32mE:/selfWork/newApi/sourceCode/new-api/model/main.go:261
[0m[33m[0.000ms] [34;1m[rows:1][0m SELECT SCHEMA_NAME from Information_schema.SCHEMATA where SCHEMA_NAME LIKE 'main%' ORDER BY SCHEMA_NAME='main' DESC,SCHEMA_NAME limit 1

2026/08/15 00:11:24 [32mE:/selfWork/newApi/sourceCode/new-api/model/main.go:261
[0m[33m[0.000ms] [34;1m[rows:-][0m SELECT count(*) FROM information_schema.statistics WHERE table_schema = 'main' AND table_name = 'system_tasks' AND index_name = 'idx_system_tasks_type'

2026/08/15 00:11:24 [32mE:/selfWork/newApi/sourceCode/new-api/model/main.go:261
[0m[33m[0.000ms] [34;1m[rows:-][0m SELECT DATABASE()

2026/08/15 00:11:24 [32mE:/selfWork/newApi/sourceCode/new-api/model/main.go:261
[0m[33m[0.000ms] [34;1m[rows:1][0m SELECT SCHEMA_NAME from Information_schema.SCHEMATA where SCHEMA_NAME LIKE 'main%' ORDER BY SCHEMA_NAME='main' DESC,SCHEMA_NAME limit 1

2026/08/15 00:11:24 [32mE:/selfWork/newApi/sourceCode/new-api/model/main.go:261
[0m[33m[0.538ms] [34;1m[rows:-][0m SELECT count(*) FROM information_schema.statistics WHERE table_schema = 'main' AND table_name = 'system_tasks' AND index_name = 'idx_system_tasks_status'

2026/08/15 00:11:24 [32mE:/selfWork/newApi/sourceCode/new-api/model/main.go:261
[0m[33m[0.000ms] [34;1m[rows:-][0m SELECT DATABASE()

2026/08/15 00:11:24 [32mE:/selfWork/newApi/sourceCode/new-api/model/main.go:261
[0m[33m[0.000ms] [34;1m[rows:1][0m SELECT SCHEMA_NAME from Information_schema.SCHEMATA where SCHEMA_NAME LIKE 'main%' ORDER BY SCHEMA_NAME='main' DESC,SCHEMA_NAME limit 1

2026/08/15 00:11:24 [32mE:/selfWork/newApi/sourceCode/new-api/model/main.go:261
[0m[33m[0.584ms] [34;1m[rows:-][0m SELECT count(*) FROM information_schema.statistics WHERE table_schema = 'main' AND table_name = 'system_tasks' AND index_name = 'idx_system_tasks_active_key'

2026/08/15 00:11:24 [32mE:/selfWork/newApi/sourceCode/new-api/model/main.go:261
[0m[33m[0.000ms] [34;1m[rows:-][0m SELECT DATABASE()

2026/08/15 00:11:24 [32mE:/selfWork/newApi/sourceCode/new-api/model/main.go:261
[0m[33m[0.000ms] [34;1m[rows:1][0m SELECT SCHEMA_NAME from Information_schema.SCHEMATA where SCHEMA_NAME LIKE 'main%' ORDER BY SCHEMA_NAME='main' DESC,SCHEMA_NAME limit 1

2026/08/15 00:11:24 [32mE:/selfWork/newApi/sourceCode/new-api/model/main.go:261
[0m[33m[0.000ms] [34;1m[rows:-][0m SELECT count(*) FROM information_schema.statistics WHERE table_schema = 'main' AND table_name = 'system_tasks' AND index_name = 'idx_system_tasks_locked_by'

2026/08/15 00:11:24 [32mE:/selfWork/newApi/sourceCode/new-api/model/main.go:261
[0m[33m[0.000ms] [34;1m[rows:-][0m SELECT DATABASE()

2026/08/15 00:11:24 [32mE:/selfWork/newApi/sourceCode/new-api/model/main.go:261
[0m[33m[0.524ms] [34;1m[rows:1][0m SELECT SCHEMA_NAME from Information_schema.SCHEMATA where SCHEMA_NAME LIKE 'main%' ORDER BY SCHEMA_NAME='main' DESC,SCHEMA_NAME limit 1

2026/08/15 00:11:24 [32mE:/selfWork/newApi/sourceCode/new-api/model/main.go:261
[0m[33m[0.000ms] [34;1m[rows:-][0m SELECT count(*) FROM information_schema.statistics WHERE table_schema = 'main' AND table_name = 'system_tasks' AND index_name = 'idx_system_tasks_created_at'

2026/08/15 00:11:24 [32mE:/selfWork/newApi/sourceCode/new-api/model/main.go:261
[0m[33m[0.000ms] [34;1m[rows:-][0m SELECT DATABASE()

2026/08/15 00:11:24 [32mE:/selfWork/newApi/sourceCode/new-api/model/main.go:261
[0m[33m[0.000ms] [34;1m[rows:1][0m SELECT SCHEMA_NAME from Information_schema.SCHEMATA where SCHEMA_NAME LIKE 'main%' ORDER BY SCHEMA_NAME='main' DESC,SCHEMA_NAME limit 1

2026/08/15 00:11:24 [32mE:/selfWork/newApi/sourceCode/new-api/model/main.go:261
[0m[33m[0.000ms] [34;1m[rows:-][0m SELECT count(*) FROM information_schema.statistics WHERE table_schema = 'main' AND table_name = 'system_tasks' AND index_name = 'idx_system_tasks_updated_at'

2026/08/15 00:11:24 [32mE:/selfWork/newApi/sourceCode/new-api/model/main.go:261
[0m[33m[0.000ms] [34;1m[rows:-][0m SELECT DATABASE()

2026/08/15 00:11:24 [32mE:/selfWork/newApi/sourceCode/new-api/model/main.go:261
[0m[33m[0.000ms] [34;1m[rows:1][0m SELECT SCHEMA_NAME from Information_schema.SCHEMATA where SCHEMA_NAME LIKE 'main%' ORDER BY SCHEMA_NAME='main' DESC,SCHEMA_NAME limit 1

2026/08/15 00:11:24 [32mE:/selfWork/newApi/sourceCode/new-api/model/main.go:261
[0m[33m[0.573ms] [34;1m[rows:-][0m SELECT count(*) FROM information_schema.tables WHERE table_schema = 'main' AND table_name = 'system_task_locks' AND table_type = 'BASE TABLE'

2026/08/15 00:11:24 [32mE:/selfWork/newApi/sourceCode/new-api/model/main.go:261
[0m[33m[0.000ms] [34;1m[rows:-][0m SELECT DATABASE()

2026/08/15 00:11:24 [32mE:/selfWork/newApi/sourceCode/new-api/model/main.go:261
[0m[33m[0.000ms] [34;1m[rows:1][0m SELECT SCHEMA_NAME from Information_schema.SCHEMATA where SCHEMA_NAME LIKE 'main%' ORDER BY SCHEMA_NAME='main' DESC,SCHEMA_NAME limit 1

2026/08/15 00:11:24 [32mE:/selfWork/newApi/sourceCode/new-api/model/main.go:261
[0m[33m[0.537ms] [34;1m[rows:-][0m SELECT * FROM `system_task_locks` LIMIT 1

2026/08/15 00:11:24 [32mE:/selfWork/newApi/sourceCode/new-api/model/main.go:261
[0m[33m[0.000ms] [34;1m[rows:-][0m SELECT column_name, column_default, is_nullable = 'YES', data_type, character_maximum_length, column_type, column_key, extra, column_comment, numeric_precision, numeric_scale , datetime_precision FROM information_schema.columns WHERE table_schema = 'main' AND table_name = 'system_task_locks' ORDER BY ORDINAL_POSITION

2026/08/15 00:11:24 [32mE:/selfWork/newApi/sourceCode/new-api/model/main.go:261
[0m[33m[0.000ms] [34;1m[rows:-][0m SELECT DATABASE()

2026/08/15 00:11:24 [32mE:/selfWork/newApi/sourceCode/new-api/model/main.go:261
[0m[33m[0.000ms] [34;1m[rows:1][0m SELECT SCHEMA_NAME from Information_schema.SCHEMATA where SCHEMA_NAME LIKE 'main%' ORDER BY SCHEMA_NAME='main' DESC,SCHEMA_NAME limit 1

2026/08/15 00:11:24 [32mE:/selfWork/newApi/sourceCode/new-api/model/main.go:261
[0m[33m[0.526ms] [34;1m[rows:-][0m SELECT count(*) FROM information_schema.statistics WHERE table_schema = 'main' AND table_name = 'system_task_locks' AND index_name = 'idx_system_task_locks_locked_until'

2026/08/15 00:11:24 [32mE:/selfWork/newApi/sourceCode/new-api/model/main.go:261
[0m[33m[0.000ms] [34;1m[rows:-][0m SELECT DATABASE()

2026/08/15 00:11:24 [32mE:/selfWork/newApi/sourceCode/new-api/model/main.go:261
[0m[33m[0.000ms] [34;1m[rows:1][0m SELECT SCHEMA_NAME from Information_schema.SCHEMATA where SCHEMA_NAME LIKE 'main%' ORDER BY SCHEMA_NAME='main' DESC,SCHEMA_NAME limit 1

2026/08/15 00:11:24 [32mE:/selfWork/newApi/sourceCode/new-api/model/main.go:261
[0m[33m[0.536ms] [34;1m[rows:-][0m SELECT count(*) FROM information_schema.statistics WHERE table_schema = 'main' AND table_name = 'system_task_locks' AND index_name = 'idx_system_task_locks_updated_at'

2026/08/15 00:11:24 [32mE:/selfWork/newApi/sourceCode/new-api/model/main.go:261
[0m[33m[0.000ms] [34;1m[rows:-][0m SELECT DATABASE()

2026/08/15 00:11:24 [32mE:/selfWork/newApi/sourceCode/new-api/model/main.go:261
[0m[33m[0.000ms] [34;1m[rows:1][0m SELECT SCHEMA_NAME from Information_schema.SCHEMATA where SCHEMA_NAME LIKE 'main%' ORDER BY SCHEMA_NAME='main' DESC,SCHEMA_NAME limit 1

2026/08/15 00:11:24 [32mE:/selfWork/newApi/sourceCode/new-api/model/main.go:261
[0m[33m[0.000ms] [34;1m[rows:-][0m SELECT count(*) FROM information_schema.statistics WHERE table_schema = 'main' AND table_name = 'system_task_locks' AND index_name = 'idx_system_task_locks_task_id'

2026/08/15 00:11:24 [32mE:/selfWork/newApi/sourceCode/new-api/model/main.go:261
[0m[33m[0.000ms] [34;1m[rows:-][0m SELECT DATABASE()

2026/08/15 00:11:24 [32mE:/selfWork/newApi/sourceCode/new-api/model/main.go:261
[0m[33m[0.549ms] [34;1m[rows:1][0m SELECT SCHEMA_NAME from Information_schema.SCHEMATA where SCHEMA_NAME LIKE 'main%' ORDER BY SCHEMA_NAME='main' DESC,SCHEMA_NAME limit 1

2026/08/15 00:11:24 [32mE:/selfWork/newApi/sourceCode/new-api/model/main.go:261
[0m[33m[0.000ms] [34;1m[rows:-][0m SELECT count(*) FROM information_schema.statistics WHERE table_schema = 'main' AND table_name = 'system_task_locks' AND index_name = 'idx_system_task_locks_locked_by'

2026/08/15 00:11:24 [32mE:/selfWork/newApi/sourceCode/new-api/model/main.go:261
[0m[33m[0.000ms] [34;1m[rows:-][0m SELECT DATABASE()

2026/08/15 00:11:24 [32mE:/selfWork/newApi/sourceCode/new-api/model/main.go:261
[0m[33m[0.565ms] [34;1m[rows:1][0m SELECT SCHEMA_NAME from Information_schema.SCHEMATA where SCHEMA_NAME LIKE 'main%' ORDER BY SCHEMA_NAME='main' DESC,SCHEMA_NAME limit 1

2026/08/15 00:11:24 [32mE:/selfWork/newApi/sourceCode/new-api/model/main.go:261
[0m[33m[0.000ms] [34;1m[rows:-][0m SELECT count(*) FROM information_schema.tables WHERE table_schema = 'main' AND table_name = 'casbin_rule' AND table_type = 'BASE TABLE'

2026/08/15 00:11:24 [32mE:/selfWork/newApi/sourceCode/new-api/model/main.go:261
[0m[33m[0.000ms] [34;1m[rows:-][0m SELECT DATABASE()

2026/08/15 00:11:24 [32mE:/selfWork/newApi/sourceCode/new-api/model/main.go:261
[0m[33m[0.644ms] [34;1m[rows:1][0m SELECT SCHEMA_NAME from Information_schema.SCHEMATA where SCHEMA_NAME LIKE 'main%' ORDER BY SCHEMA_NAME='main' DESC,SCHEMA_NAME limit 1

2026/08/15 00:11:24 [32mE:/selfWork/newApi/sourceCode/new-api/model/main.go:261
[0m[33m[0.591ms] [34;1m[rows:-][0m SELECT * FROM `casbin_rule` LIMIT 1

2026/08/15 00:11:24 [32mE:/selfWork/newApi/sourceCode/new-api/model/main.go:261
[0m[33m[0.554ms] [34;1m[rows:-][0m SELECT column_name, column_default, is_nullable = 'YES', data_type, character_maximum_length, column_type, column_key, extra, column_comment, numeric_precision, numeric_scale , datetime_precision FROM information_schema.columns WHERE table_schema = 'main' AND table_name = 'casbin_rule' ORDER BY ORDINAL_POSITION

2026/08/15 00:11:24 [32mE:/selfWork/newApi/sourceCode/new-api/model/main.go:261
[0m[33m[0.000ms] [34;1m[rows:-][0m SELECT DATABASE()

2026/08/15 00:11:24 [32mE:/selfWork/newApi/sourceCode/new-api/model/main.go:261
[0m[33m[0.000ms] [34;1m[rows:1][0m SELECT SCHEMA_NAME from Information_schema.SCHEMATA where SCHEMA_NAME LIKE 'main%' ORDER BY SCHEMA_NAME='main' DESC,SCHEMA_NAME limit 1

2026/08/15 00:11:24 [32mE:/selfWork/newApi/sourceCode/new-api/model/main.go:261
[0m[33m[0.000ms] [34;1m[rows:-][0m SELECT count(*) FROM information_schema.statistics WHERE table_schema = 'main' AND table_name = 'casbin_rule' AND index_name = 'idx_casbin_rule'

2026/08/15 00:11:24 [32mE:/selfWork/newApi/sourceCode/new-api/model/main.go:261
[0m[33m[0.527ms] [34;1m[rows:-][0m SELECT DATABASE()

2026/08/15 00:11:24 [32mE:/selfWork/newApi/sourceCode/new-api/model/main.go:261
[0m[33m[0.000ms] [34;1m[rows:1][0m SELECT SCHEMA_NAME from Information_schema.SCHEMATA where SCHEMA_NAME LIKE 'main%' ORDER BY SCHEMA_NAME='main' DESC,SCHEMA_NAME limit 1

2026/08/15 00:11:24 [32mE:/selfWork/newApi/sourceCode/new-api/model/main.go:261
[0m[33m[0.000ms] [34;1m[rows:-][0m SELECT count(*) FROM information_schema.statistics WHERE table_schema = 'main' AND table_name = 'casbin_rule' AND index_name = 'idx_casbin_rule_unique'

2026/08/15 00:11:24 [32mE:/selfWork/newApi/sourceCode/new-api/model/main.go:261
[0m[33m[0.000ms] [34;1m[rows:-][0m SELECT DATABASE()

2026/08/15 00:11:24 [32mE:/selfWork/newApi/sourceCode/new-api/model/main.go:261
[0m[33m[0.000ms] [34;1m[rows:1][0m SELECT SCHEMA_NAME from Information_schema.SCHEMATA where SCHEMA_NAME LIKE 'main%' ORDER BY SCHEMA_NAME='main' DESC,SCHEMA_NAME limit 1

2026/08/15 00:11:24 [32mE:/selfWork/newApi/sourceCode/new-api/model/main.go:261
[0m[33m[0.000ms] [34;1m[rows:-][0m SELECT count(*) FROM information_schema.tables WHERE table_schema = 'main' AND table_name = 'authz_roles' AND table_type = 'BASE TABLE'

2026/08/15 00:11:24 [32mE:/selfWork/newApi/sourceCode/new-api/model/main.go:261
[0m[33m[0.000ms] [34;1m[rows:-][0m SELECT DATABASE()

2026/08/15 00:11:24 [32mE:/selfWork/newApi/sourceCode/new-api/model/main.go:261
[0m[33m[0.525ms] [34;1m[rows:1][0m SELECT SCHEMA_NAME from Information_schema.SCHEMATA where SCHEMA_NAME LIKE 'main%' ORDER BY SCHEMA_NAME='main' DESC,SCHEMA_NAME limit 1

2026/08/15 00:11:24 [32mE:/selfWork/newApi/sourceCode/new-api/model/main.go:261
[0m[33m[1.067ms] [34;1m[rows:-][0m SELECT * FROM `authz_roles` LIMIT 1

2026/08/15 00:11:24 [32mE:/selfWork/newApi/sourceCode/new-api/model/main.go:261
[0m[33m[0.560ms] [34;1m[rows:-][0m SELECT column_name, column_default, is_nullable = 'YES', data_type, character_maximum_length, column_type, column_key, extra, column_comment, numeric_precision, numeric_scale , datetime_precision FROM information_schema.columns WHERE table_schema = 'main' AND table_name = 'authz_roles' ORDER BY ORDINAL_POSITION

2026/08/15 00:11:24 [32mE:/selfWork/newApi/sourceCode/new-api/model/main.go:261
[0m[33m[0.000ms] [34;1m[rows:-][0m SELECT DATABASE()

2026/08/15 00:11:24 [32mE:/selfWork/newApi/sourceCode/new-api/model/main.go:261
[0m[33m[0.000ms] [34;1m[rows:1][0m SELECT SCHEMA_NAME from Information_schema.SCHEMATA where SCHEMA_NAME LIKE 'main%' ORDER BY SCHEMA_NAME='main' DESC,SCHEMA_NAME limit 1

2026/08/15 00:11:24 [32mE:/selfWork/newApi/sourceCode/new-api/model/main.go:261
[0m[33m[0.000ms] [34;1m[rows:-][0m SELECT count(*) FROM information_schema.statistics WHERE table_schema = 'main' AND table_name = 'authz_roles' AND index_name = 'idx_authz_roles_key'

2026/08/15 00:11:24 [32mE:/selfWork/newApi/sourceCode/new-api/model/user_auth_cache.go:240
[0m[33m[0.541ms] [34;1m[rows:0][0m UPDATE `users` SET `auth_version`=1 WHERE (auth_version IS NULL OR auth_version < 1) AND `users`.`deleted_at` IS NULL

2026/08/15 00:11:24 [32mE:/selfWork/newApi/sourceCode/new-api/model/external_identity_claim.go:92
[0m[33m[0.546ms] [34;1m[rows:0][0m SELECT `id`,`telegram_id` FROM `users` WHERE telegram_id <> ''

2026/08/15 00:11:24 [32mE:/selfWork/newApi/sourceCode/new-api/model/main.go:313
[0m[33m[0.000ms] [34;1m[rows:-][0m SELECT DATABASE()

2026/08/15 00:11:24 [32mE:/selfWork/newApi/sourceCode/new-api/model/main.go:313
[0m[33m[0.541ms] [34;1m[rows:1][0m SELECT SCHEMA_NAME from Information_schema.SCHEMATA where SCHEMA_NAME LIKE 'main%' ORDER BY SCHEMA_NAME='main' DESC,SCHEMA_NAME limit 1

2026/08/15 00:11:24 [32mE:/selfWork/newApi/sourceCode/new-api/model/main.go:313
[0m[33m[0.000ms] [34;1m[rows:-][0m SELECT count(*) FROM information_schema.tables WHERE table_schema = 'main' AND table_name = 'subscription_plans' AND table_type = 'BASE TABLE'

2026/08/15 00:11:24 [32mE:/selfWork/newApi/sourceCode/new-api/model/main.go:313
[0m[33m[0.000ms] [34;1m[rows:-][0m SELECT DATABASE()

2026/08/15 00:11:24 [32mE:/selfWork/newApi/sourceCode/new-api/model/main.go:313
[0m[33m[0.576ms] [34;1m[rows:1][0m SELECT SCHEMA_NAME from Information_schema.SCHEMATA where SCHEMA_NAME LIKE 'main%' ORDER BY SCHEMA_NAME='main' DESC,SCHEMA_NAME limit 1

2026/08/15 00:11:24 [32mE:/selfWork/newApi/sourceCode/new-api/model/main.go:313
[0m[33m[0.554ms] [34;1m[rows:-][0m SELECT * FROM `subscription_plans` LIMIT 1

2026/08/15 00:11:24 [32mE:/selfWork/newApi/sourceCode/new-api/model/main.go:313
[0m[33m[0.558ms] [34;1m[rows:-][0m SELECT column_name, column_default, is_nullable = 'YES', data_type, character_maximum_length, column_type, column_key, extra, column_comment, numeric_precision, numeric_scale , datetime_precision FROM information_schema.columns WHERE table_schema = 'main' AND table_name = 'subscription_plans' ORDER BY ORDINAL_POSITION

2026/08/15 00:11:24 [32mE:/selfWork/newApi/sourceCode/new-api/model/main.go:313
[0m[33m[2.100ms] [34;1m[rows:0][0m ALTER TABLE `subscription_plans` MODIFY COLUMN `price_amount` decimal(10,6) NOT NULL DEFAULT 0.000000

2026/08/15 00:11:24 [32mE:/selfWork/newApi/sourceCode/new-api/model/main.go:313
[0m[33m[1.997ms] [34;1m[rows:0][0m ALTER TABLE `subscription_plans` MODIFY COLUMN `enabled` boolean DEFAULT true

2026/08/15 00:11:24 [32mE:/selfWork/newApi/sourceCode/new-api/service/authz/seed.go:30
[0m[33m[0.507ms] [34;1m[rows:0][0m INSERT INTO `authz_roles` (`key`,`name`,`description`,`built_in`,`enabled`,`sort`,`created_at`,`updated_at`) VALUES ('root','Root','Built-in root authorization role',true,true,0,1786723884,1786723884) ON DUPLICATE KEY UPDATE `name`=VALUES(`name`),`description`=VALUES(`description`),`built_in`=VALUES(`built_in`),`enabled`=VALUES(`enabled`),`sort`=VALUES(`sort`)

2026/08/15 00:11:24 [32mE:/selfWork/newApi/sourceCode/new-api/service/authz/seed.go:30
[0m[33m[0.536ms] [34;1m[rows:0][0m INSERT INTO `authz_roles` (`key`,`name`,`description`,`built_in`,`enabled`,`sort`,`created_at`,`updated_at`) VALUES ('admin','Admin','Built-in admin authorization role',true,true,10,1786723884,1786723884) ON DUPLICATE KEY UPDATE `name`=VALUES(`name`),`description`=VALUES(`description`),`built_in`=VALUES(`built_in`),`enabled`=VALUES(`enabled`),`sort`=VALUES(`sort`)

2026/08/15 00:11:24 [32mE:/selfWork/newApi/sourceCode/new-api/service/authz/seed.go:42
[0m[33m[1.639ms] [34;1m[rows:3][0m DELETE FROM `casbin_rule` WHERE ptype = 'p' AND v0 IN ('role:root','role:admin')

2026/08/15 00:11:24 [32mE:/selfWork/newApi/sourceCode/new-api/service/authz/adapter.go:23
[0m[33m[0.000ms] [34;1m[rows:0][0m SELECT * FROM `casbin_rule` ORDER BY id asc

2026/08/15 00:11:24 [32mE:/selfWork/newApi/sourceCode/new-api/service/authz/adapter.go:60
[0m[33m[0.000ms] [34;1m[rows:1][0m SELECT count(*) FROM `casbin_rule` WHERE ptype = 'p' AND v0 = 'role:admin' AND v1 = 'channel' AND v2 = 'read' AND v3 = 'allow' AND v4 = '' AND v5 = ''

2026/08/15 00:11:24 [32mE:/selfWork/newApi/sourceCode/new-api/service/authz/adapter.go:66
[0m[33m[1.087ms] [34;1m[rows:1][0m INSERT INTO `casbin_rule` (`ptype`,`v0`,`v1`,`v2`,`v3`,`v4`,`v5`) VALUES ('p','role:admin','channel','read','allow','','') ON DUPLICATE KEY UPDATE `id`=`id`

2026/08/15 00:11:24 [32mE:/selfWork/newApi/sourceCode/new-api/service/authz/adapter.go:60
[0m[33m[0.000ms] [34;1m[rows:1][0m SELECT count(*) FROM `casbin_rule` WHERE ptype = 'p' AND v0 = 'role:admin' AND v1 = 'channel' AND v2 = 'operate' AND v3 = 'allow' AND v4 = '' AND v5 = ''

2026/08/15 00:11:24 [32mE:/selfWork/newApi/sourceCode/new-api/service/authz/adapter.go:66
[0m[33m[1.072ms] [34;1m[rows:1][0m INSERT INTO `casbin_rule` (`ptype`,`v0`,`v1`,`v2`,`v3`,`v4`,`v5`) VALUES ('p','role:admin','channel','operate','allow','','') ON DUPLICATE KEY UPDATE `id`=`id`

2026/08/15 00:11:24 [32mE:/selfWork/newApi/sourceCode/new-api/service/authz/adapter.go:60
[0m[33m[0.000ms] [34;1m[rows:1][0m SELECT count(*) FROM `casbin_rule` WHERE ptype = 'p' AND v0 = 'role:admin' AND v1 = 'channel' AND v2 = 'write' AND v3 = 'allow' AND v4 = '' AND v5 = ''

2026/08/15 00:11:24 [32mE:/selfWork/newApi/sourceCode/new-api/service/authz/adapter.go:66
[0m[33m[0.533ms] [34;1m[rows:1][0m INSERT INTO `casbin_rule` (`ptype`,`v0`,`v1`,`v2`,`v3`,`v4`,`v5`) VALUES ('p','role:admin','channel','write','allow','','') ON DUPLICATE KEY UPDATE `id`=`id`

2026/08/15 00:11:24 [32mE:/selfWork/newApi/sourceCode/new-api/model/setup.go:11
[0m[33m[0.000ms] [34;1m[rows:1][0m SELECT * FROM `setups` ORDER BY `setups`.`id` LIMIT 1
[SYS] 2026/08/15 - 00:11:24 | system is already initialized at: 2026-05-11 11:27:12 +0800 CST 

2026/08/15 00:11:24 [32mE:/selfWork/newApi/sourceCode/new-api/model/frontend_option_migration.go:53
[0m[33m[0.658ms] [34;1m[rows:1][0m SELECT * FROM `options` WHERE `options`.`key` = 'theme.frontend' ORDER BY `options`.`key` LIMIT 1

2026/08/15 00:11:24 [32mE:/selfWork/newApi/sourceCode/new-api/model/frontend_option_migration.go:70
[0m[33m[0.000ms] [34;1m[rows:0][0m SELECT * FROM `options` WHERE `options`.`key` = 'ApiInfo' ORDER BY `options`.`key` LIMIT 1

2026/08/15 00:11:24 [32mE:/selfWork/newApi/sourceCode/new-api/model/frontend_option_migration.go:70
[0m[33m[0.000ms] [34;1m[rows:0][0m SELECT * FROM `options` WHERE `options`.`key` = 'Announcements' ORDER BY `options`.`key` LIMIT 1

2026/08/15 00:11:24 [32mE:/selfWork/newApi/sourceCode/new-api/model/frontend_option_migration.go:70
[0m[33m[0.525ms] [34;1m[rows:0][0m SELECT * FROM `options` WHERE `options`.`key` = 'FAQ' ORDER BY `options`.`key` LIMIT 1

2026/08/15 00:11:24 [32mE:/selfWork/newApi/sourceCode/new-api/model/frontend_option_migration.go:177
[0m[33m[0.000ms] [34;1m[rows:0][0m SELECT * FROM `options` WHERE `options`.`key` = 'UptimeKumaUrl' ORDER BY `options`.`key` LIMIT 1

2026/08/15 00:11:24 [32mE:/selfWork/newApi/sourceCode/new-api/model/frontend_option_migration.go:182
[0m[33m[0.000ms] [34;1m[rows:0][0m SELECT * FROM `options` WHERE `options`.`key` = 'UptimeKumaSlug' ORDER BY `options`.`key` LIMIT 1

2026/08/15 00:11:24 [32mE:/selfWork/newApi/sourceCode/new-api/model/option.go:26
[0m[33m[0.544ms] [34;1m[rows:40][0m SELECT * FROM `options`
[SYS] 2026/08/15 - 00:11:24 | REDIS_CONN_STRING not set, Redis is not enabled 
[SYS] 2026/08/15 - 00:11:24 | i18n initialized with languages: zh-CN, zh-TW, en 

2026/08/15 00:11:24 [32mE:/selfWork/newApi/sourceCode/new-api/model/custom_oauth_provider.go:76
[0m[33m[0.000ms] [34;1m[rows:0][0m SELECT * FROM `custom_oauth_providers` ORDER BY id asc
[SYS] 2026/08/15 - 00:11:24 | Loaded 0 custom OAuth providers 
[SYS] 2026/08/15 - 00:11:24 | New API v0.0.0 started 
[SYS] 2026/08/15 - 00:11:24 | running in debug mode 
[SYS] 2026/08/15 - 00:11:24 | memory cache enabled 
[SYS] 2026/08/15 - 00:11:24 | sync frequency: 60 seconds 

2026/08/15 00:11:24 [32mE:/selfWork/newApi/sourceCode/new-api/model/user_session.go:194
[0m[33m[0.537ms] [34;1m[rows:1][0m SELECT count(*) FROM `user_sessions` WHERE created_at > 1786720284

2026/08/15 00:11:24 [32mE:/selfWork/newApi/sourceCode/new-api/model/user_session.go:811
[0m[33m[0.000ms] [34;1m[rows:0][0m SELECT `sid` FROM `user_sessions` WHERE expires_at < 1786723884 AND created_at <= 1786637484 AND (status <> 'revoked' OR revoked_at <= 0 OR revoked_at < 1786119084) ORDER BY expires_at LIMIT 1000

2026/08/15 00:11:24 [32mE:/selfWork/newApi/sourceCode/new-api/model/user_session.go:847
[0m[33m[0.000ms] [34;1m[rows:0][0m SELECT `sid` FROM `user_sessions` WHERE status = 'revoked' AND revoked_at > 0 AND revoked_at < 1786119084 AND created_at <= 1786637484 ORDER BY revoked_at LIMIT 1000

2026/08/15 00:11:24 [32mE:/selfWork/newApi/sourceCode/new-api/model/auth_flow.go:235
[0m[33m[0.520ms] [34;1m[rows:0][0m DELETE FROM `auth_flows` WHERE expires_at < '2026-08-14 00:11:24.571' OR (consumed_at IS NOT NULL AND consumed_at < '2026-08-14 00:11:24.571')

2026/08/15 00:11:24 [32mE:/selfWork/newApi/sourceCode/new-api/model/channel_cache.go:34
[0m[33m[2.139ms] [34;1m[rows:22][0m SELECT * FROM `channels`

2026/08/15 00:11:24 [32mE:/selfWork/newApi/sourceCode/new-api/model/channel_cache.go:44
[0m[33m[0.641ms] [34;1m[rows:126][0m SELECT * FROM `abilities`

2026/08/15 00:11:24 [32mE:/selfWork/newApi/sourceCode/new-api/model/channel_model_health.go:384
[0m[33m[0.000ms] [34;1m[rows:11][0m SELECT * FROM `channel_model_health`

2026/08/15 00:11:24 [32mE:/selfWork/newApi/sourceCode/new-api/model/channel_model_manual_disable.go:61
[0m[33m[0.585ms] [34;1m[rows:0][0m SELECT * FROM `channel_model_manual_disables` WHERE active = true
[SYS] 2026/08/15 - 00:11:24 | channels synced from database 

2026/08/15 00:11:24 [32mE:/selfWork/newApi/sourceCode/new-api/model/ability.go:39
[0m[33m[0.550ms] [34;1m[rows:18][0m SELECT abilities.*, channels.type as channel_type FROM `abilities` left join channels on abilities.channel_id = channels.id WHERE abilities.enabled = true

2026/08/15 00:11:24 [32mE:/selfWork/newApi/sourceCode/new-api/model/pricing.go:189
[0m[33m[1.238ms] [34;1m[rows:15][0m SELECT * FROM `models` WHERE `models`.`deleted_at` IS NULL

2026/08/15 00:11:24 [32mE:/selfWork/newApi/sourceCode/new-api/model/pricing.go:241
[0m[33m[2.821ms] [34;1m[rows:7][0m SELECT * FROM `vendors` WHERE `vendors`.`deleted_at` IS NULL
[SYS] 2026/08/15 - 00:11:24 | 正在更新数据看板数据... 
[INFO] 2026/08/15 - 00:11:24 | SYSTEM | codex credential auto-refresh task started: tick=10m0s threshold=24h0m0s 
[INFO] 2026/08/15 - 00:11:24 | SYSTEM | subscription quota reset task started: tick=1m0s 
[INFO] 2026/08/15 - 00:11:24 | SYSTEM | system task runner started: runner=PC-20260521RLZQ-b86mirAG idle_interval=15s 
[SYS] 2026/08/15 - 00:11:24 | 保存数据看板数据成功，共保存0条数据 

2026/08/15 00:11:24 [32mE:/selfWork/newApi/sourceCode/new-api/service/codex_credential_refresh_task.go:80
[0m[33m[0.000ms] [34;1m[rows:0][0m SELECT `id`,`name`,`key`,`status`,`channel_info` FROM `channels` WHERE type = 57 AND (status = 1 OR status = 3) ORDER BY id asc LIMIT 200

2026/08/15 00:11:24 [32mE:/selfWork/newApi/sourceCode/new-api/model/db_time.go:16
[0m[33m[0.541ms] [34;1m[rows:1][0m SELECT UNIX_TIMESTAMP()

2026/08/15 00:11:24 [32mE:/selfWork/newApi/sourceCode/new-api/model/system_instance.go:69
[0m[33m[0.541ms] [34;1m[rows:2][0m INSERT INTO `system_instances` (`node_name`,`info`,`started_at`,`last_seen_at`,`created_at`,`updated_at`) VALUES ('PC-20260521RLZQ','{"schema_version":1,"node":{"name":"PC-20260521RLZQ","source":"hostname","manually_configured":false,"should_configure_manually":true},"role":{"is_master":true},"runtime":{"version":"v0.0.0","goos":"windows","goarch":"amd64","started_at":1786723884},"host":{"hostname":"PC-20260521RLZQ"},"resources":{"cpu":{"usage_percent":0},"memory":{"usage_percent":0},"storage":{"total_bytes":370724040704,"used_bytes":157059014656,"free_bytes":213665026048,"used_percent":42.36547874201712}}}',1786723884,1786723884,1786723884,1786723884) ON DUPLICATE KEY UPDATE `info`=VALUES(`info`),`started_at`=VALUES(`started_at`),`last_seen_at`=VALUES(`last_seen_at`),`updated_at`=VALUES(`updated_at`)

2026/08/15 00:11:24 [32mE:/selfWork/newApi/sourceCode/new-api/model/subscription.go:1139
[0m[33m[0.000ms] [34;1m[rows:0][0m SELECT * FROM `user_subscriptions` WHERE status = 'active' AND end_time > 0 AND end_time <= 1786723884 ORDER BY end_time asc, id asc LIMIT 300

2026/08/15 00:11:24 [32mE:/selfWork/newApi/sourceCode/new-api/model/db_time.go:16
[0m[33m[0.529ms] [34;1m[rows:1][0m SELECT UNIX_TIMESTAMP()

2026/08/15 00:11:24 [32mE:/selfWork/newApi/sourceCode/new-api/model/subscription.go:1427
[0m[33m[0.000ms] [34;1m[rows:0][0m SELECT * FROM `user_subscriptions` WHERE next_reset_time > 0 AND next_reset_time <= 1786723884 AND status = 'active' ORDER BY next_reset_time asc LIMIT 300

2026/08/15 00:11:24 [32mE:/selfWork/newApi/sourceCode/new-api/model/db_time.go:16
[0m[33m[0.000ms] [34;1m[rows:1][0m SELECT UNIX_TIMESTAMP()

2026/08/15 00:11:24 [32mE:/selfWork/newApi/sourceCode/new-api/model/subscription.go:1466
[0m[33m[0.527ms] [34;1m[rows:0][0m DELETE FROM `subscription_pre_consume_records` WHERE updated_at < 1786119084

2026/08/15 00:11:24 [32mE:/selfWork/newApi/sourceCode/new-api/model/system_task.go:363
[0m[33m[1.592ms] [34;1m[rows:0][0m SELECT * FROM `system_task_locks` WHERE locked_until < 1786723884

2026/08/15 00:11:24 [32mE:/selfWork/newApi/sourceCode/new-api/model/task.go:333
[0m[33m[0.000ms] [34;1m[rows:0][0m SELECT `id` FROM `tasks` WHERE progress != '100%' AND status != 'FAILURE' AND status != 'SUCCESS' LIMIT 1

2026/08/15 00:11:24 [32mE:/selfWork/newApi/sourceCode/new-api/model/midjourney.go:113
[0m[33m[0.000ms] [34;1m[rows:0][0m SELECT `id` FROM `midjourneys` WHERE progress != '100%' LIMIT 1

2026/08/15 00:11:24 [32mE:/selfWork/newApi/sourceCode/new-api/model/system_task.go:217
[0m[33m[0.885ms] [34;1m[rows:2][0m SELECT * FROM `system_tasks` WHERE id IN (SELECT MAX(id) FROM `system_tasks` WHERE type IN ('channel_test','model_update') GROUP BY `type`)

2026/08/15 00:11:24 [32mE:/selfWork/newApi/sourceCode/new-api/model/system_task.go:170
[0m[33m[1.491ms] [34;1m[rows:0][0m SELECT * FROM `system_tasks` WHERE id IN (SELECT MIN(id) FROM `system_tasks` WHERE type IN ('async_task_poll','log_cleanup','channel_test','channel_model_probe','model_update','midjourney_poll') AND status = 'pending' GROUP BY `type`)

  [33mWarning: Refresh cookie is not secure and refresh/logout Origin validation is disabled. Please set SESSION_COOKIE_SECURE=true in production.[0m


  [32m华仔狂蹬 v0.0.0[0m  ready in 339 ms

  ➜  [1mLocal:[0m   http://localhost:3000/
  ➜  [1mNetwork:[0m http://192.168.1.19:3000/
  ➜  [1mNetwork:[0m http://192.168.1.10:3000/
  ➜  [1mNetwork:[0m http://172.23.160.1:3000/
  ➜  [1mNetwork:[0m http://172.31.0.1:3000/


2026/08/15 00:11:26 [32mE:/selfWork/newApi/sourceCode/new-api/model/user_session.go:203
[0m[33m[0.000ms] [34;1m[rows:1][0m SELECT * FROM `user_sessions` WHERE sid = '4d4e913b-4c44-4f1f-b766-59320554e30f' ORDER BY `user_sessions`.`sid` LIMIT 1

2026/08/15 00:11:26 [32mE:/selfWork/newApi/sourceCode/new-api/model/user.go:462
[0m[33m[0.000ms] [34;1m[rows:1][0m SELECT `users`.`id`,`users`.`username`,`users`.`display_name`,`users`.`role`,`users`.`status`,`users`.`email`,`users`.`github_id`,`users`.`discord_id`,`users`.`oidc_id`,`users`.`wechat_id`,`users`.`telegram_id`,`users`.`quota`,`users`.`used_quota`,`users`.`request_count`,`users`.`group`,`users`.`aff_code`,`users`.`aff_count`,`users`.`aff_quota`,`users`.`aff_history`,`users`.`inviter_id`,`users`.`deleted_at`,`users`.`linux_do_id`,`users`.`setting`,`users`.`remark`,`users`.`stripe_customer`,`users`.`created_at`,`users`.`last_login_at`,`users`.`auth_version` FROM `users` WHERE id = 1 AND `users`.`deleted_at` IS NULL AND `users`.`id` = 1 ORDER BY `users`.`id` LIMIT 1

2026/08/15 00:11:26 [32mE:/selfWork/newApi/sourceCode/new-api/model/channel_model_health.go:668
[0m[33m[0.000ms] [34;1m[rows:11][0m SELECT channel_model_health.*, channels.name AS channel_name, channels.status AS channel_status FROM `channel_model_health` JOIN abilities ON abilities.channel_id = channel_model_health.channel_id AND abilities.`group` = channel_model_health.`group` AND abilities.model = channel_model_health.model JOIN channels ON channels.id = channel_model_health.channel_id

2026/08/15 00:11:26 [32mE:/selfWork/newApi/sourceCode/new-api/model/channel_model_health.go:687
[0m[33m[0.000ms] [34;1m[rows:18][0m SELECT abilities.channel_id, abilities.`group` AS ability_group, abilities.model, channels.name AS channel_name, channels.status AS channel_status FROM `abilities` JOIN channels ON channels.id = abilities.channel_id WHERE abilities.enabled = true

2026/08/15 00:11:26 [32mE:/selfWork/newApi/sourceCode/new-api/model/channel_model_manual_disable.go:133
[0m[33m[0.000ms] [34;1m[rows:0][0m SELECT channel_id, model, reason, operator_id, operator_name, created_at FROM `channel_model_manual_disables` WHERE active = true

2026/08/15 00:11:26 [32mE:/selfWork/newApi/sourceCode/new-api/model/channel_model_health.go:342
[0m[33m[1.048ms] [34;1m[rows:2][0m 
SELECT l.channel_id, l.model_name, l.`group` AS request_group, l.username, l.token_name, l.created_at, l.id, l.request_id
FROM logs AS l
INNER JOIN (
	SELECT channel_id AS latest_channel_id, model_name AS latest_model_name, `group` AS latest_group,
		MAX(created_at) AS latest_created_at
	FROM logs
	WHERE type IN (2, 5) AND ((channel_id = 27 AND model_name = 'gpt-5.6-luna' AND `group` = 'default') OR (channel_id = 27 AND model_name = 'gpt-5.5' AND `group` = 'default') OR (channel_id = 27 AND model_name = 'gpt-5.4-mini' AND `group` = 'default') OR (channel_id = 29 AND model_name = 'gpt-5.6-sol' AND `group` = 'default') OR (channel_id = 29 AND model_name = 'gpt-5.6-luna' AND `group` = 'default') OR (channel_id = 29 AND model_name = 'gpt-5.4-mini' AND `group` = 'default') OR (channel_id = 29 AND model_name = 'gpt-5.4' AND `group` = 'default') OR (channel_id = 29 AND model_name = 'gpt-5.6-terra' AND `group` = 'default'))
	GROUP BY channel_id, model_name, `group`
) AS latest_requests
	ON l.channel_id = latest_requests.latest_channel_id
	AND l.model_name = latest_requests.latest_model_name
	AND l.`group` = latest_requests.latest_group
	AND l.created_at = latest_requests.latest_created_at
WHERE l.type IN (2, 5)
ORDER BY l.created_at DESC, l.id DESC, l.request_id DESC
[GIN] 2026/08/15 - 00:11:26 | api | 20260814161126126582600dPZVLHgRwU4E4R8N | 200 |      4.8948ms |             ::1 |     GET /api/channel/health/summary?channel_ids=17,16,12,2,4,11,1,13,7,8,29,27,28,3,19,20,21,22,23,24

2026/08/15 00:11:26 [32mE:/selfWork/newApi/sourceCode/new-api/model/user_session.go:203
[0m[33m[1.007ms] [34;1m[rows:1][0m SELECT * FROM `user_sessions` WHERE sid = '4d4e913b-4c44-4f1f-b766-59320554e30f' ORDER BY `user_sessions`.`sid` LIMIT 1

2026/08/15 00:11:26 [32mE:/selfWork/newApi/sourceCode/new-api/model/user.go:462
[0m[33m[0.540ms] [34;1m[rows:1][0m SELECT `users`.`id`,`users`.`username`,`users`.`display_name`,`users`.`role`,`users`.`status`,`users`.`email`,`users`.`github_id`,`users`.`discord_id`,`users`.`oidc_id`,`users`.`wechat_id`,`users`.`telegram_id`,`users`.`quota`,`users`.`used_quota`,`users`.`request_count`,`users`.`group`,`users`.`aff_code`,`users`.`aff_count`,`users`.`aff_quota`,`users`.`aff_history`,`users`.`inviter_id`,`users`.`deleted_at`,`users`.`linux_do_id`,`users`.`setting`,`users`.`remark`,`users`.`stripe_customer`,`users`.`created_at`,`users`.`last_login_at`,`users`.`auth_version` FROM `users` WHERE id = 1 AND `users`.`deleted_at` IS NULL AND `users`.`id` = 1 ORDER BY `users`.`id` LIMIT 1

2026/08/15 00:11:26 [32mE:/selfWork/newApi/sourceCode/new-api/model/channel_activity.go:115
[0m[33m[0.000ms] [34;1m[rows:2][0m SELECT channel_id, user_id, username, token_name,
SUM(CASE WHEN created_at >= 1786723826 THEN 1 ELSE 0 END) AS logs_60s,
MAX(CASE WHEN created_at >= 1786723826 THEN created_at ELSE 0 END) AS last_60s,
SUM(CASE WHEN created_at >= 1786723586 THEN 1 ELSE 0 END) AS logs_5m,
MAX(CASE WHEN created_at >= 1786723586 THEN created_at ELSE 0 END) AS last_5m,
SUM(CASE WHEN created_at >= 1786720286 THEN 1 ELSE 0 END) AS logs_1h,
MAX(CASE WHEN created_at >= 1786720286 THEN created_at ELSE 0 END) AS last_1h,
COUNT(*) AS logs_24h,
MAX(created_at) AS last_24h FROM `logs` WHERE channel_id > 0 AND created_at >= 1786637486 AND created_at <= 1786723886 GROUP BY channel_id, user_id, username, token_name
[GIN] 2026/08/15 - 00:11:26 | api | 20260814161126148508700dPZVLHgRpvlWJ2oU | 200 |      2.0891ms |             ::1 |     GET /api/channel/activity/summary

2026/08/15 00:11:26 [32mE:/selfWork/newApi/sourceCode/new-api/model/user_session.go:203
[0m[33m[0.000ms] [34;1m[rows:1][0m SELECT * FROM `user_sessions` WHERE sid = '4d4e913b-4c44-4f1f-b766-59320554e30f' ORDER BY `user_sessions`.`sid` LIMIT 1

2026/08/15 00:11:26 [32mE:/selfWork/newApi/sourceCode/new-api/model/user.go:462
[0m[33m[0.506ms] [34;1m[rows:1][0m SELECT `users`.`id`,`users`.`username`,`users`.`display_name`,`users`.`role`,`users`.`status`,`users`.`email`,`users`.`github_id`,`users`.`discord_id`,`users`.`oidc_id`,`users`.`wechat_id`,`users`.`telegram_id`,`users`.`quota`,`users`.`used_quota`,`users`.`request_count`,`users`.`group`,`users`.`aff_code`,`users`.`aff_count`,`users`.`aff_quota`,`users`.`aff_history`,`users`.`inviter_id`,`users`.`deleted_at`,`users`.`linux_do_id`,`users`.`setting`,`users`.`remark`,`users`.`stripe_customer`,`users`.`created_at`,`users`.`last_login_at`,`users`.`auth_version` FROM `users` WHERE id = 1 AND `users`.`deleted_at` IS NULL AND `users`.`id` = 1 ORDER BY `users`.`id` LIMIT 1

2026/08/15 00:11:26 [32mE:/selfWork/newApi/sourceCode/new-api/model/channel_model_health.go:668
[0m[33m[0.000ms] [34;1m[rows:11][0m SELECT channel_model_health.*, channels.name AS channel_name, channels.status AS channel_status FROM `channel_model_health` JOIN abilities ON abilities.channel_id = channel_model_health.channel_id AND abilities.`group` = channel_model_health.`group` AND abilities.model = channel_model_health.model JOIN channels ON channels.id = channel_model_health.channel_id

2026/08/15 00:11:26 [32mE:/selfWork/newApi/sourceCode/new-api/model/channel_model_health.go:687
[0m[33m[0.000ms] [34;1m[rows:18][0m SELECT abilities.channel_id, abilities.`group` AS ability_group, abilities.model, channels.name AS channel_name, channels.status AS channel_status FROM `abilities` JOIN channels ON channels.id = abilities.channel_id WHERE abilities.enabled = true

2026/08/15 00:11:26 [32mE:/selfWork/newApi/sourceCode/new-api/model/channel_model_manual_disable.go:133
[0m[33m[0.000ms] [34;1m[rows:0][0m SELECT channel_id, model, reason, operator_id, operator_name, created_at FROM `channel_model_manual_disables` WHERE active = true

2026/08/15 00:11:26 [32mE:/selfWork/newApi/sourceCode/new-api/model/channel_model_health.go:342
[0m[33m[0.528ms] [34;1m[rows:0][0m 
SELECT l.channel_id, l.model_name, l.`group` AS request_group, l.username, l.token_name, l.created_at, l.id, l.request_id
FROM logs AS l
INNER JOIN (
	SELECT channel_id AS latest_channel_id, model_name AS latest_model_name, `group` AS latest_group,
		MAX(created_at) AS latest_created_at
	FROM logs
	WHERE type IN (2, 5) AND ((channel_id = 29 AND model_name = 'gpt-5.6-sol' AND `group` = 'default') OR (channel_id = 29 AND model_name = 'gpt-5.6-luna' AND `group` = 'default') OR (channel_id = 29 AND model_name = 'gpt-5.4-mini' AND `group` = 'default') OR (channel_id = 29 AND model_name = 'gpt-5.4' AND `group` = 'default') OR (channel_id = 29 AND model_name = 'gpt-5.6-terra' AND `group` = 'default'))
	GROUP BY channel_id, model_name, `group`
) AS latest_requests
	ON l.channel_id = latest_requests.latest_channel_id
	AND l.model_name = latest_requests.latest_model_name
	AND l.`group` = latest_requests.latest_group
	AND l.created_at = latest_requests.latest_created_at
WHERE l.type IN (2, 5)
ORDER BY l.created_at DESC, l.id DESC, l.request_id DESC
[GIN] 2026/08/15 - 00:11:26 | api | 20260814161126891172200dPZVLHgRH5iLA5qS | 200 |      2.1509ms |             ::1 |     GET /api/channel/health/summary?channel_ids=29

2026/08/15 00:11:31 [32mE:/selfWork/newApi/sourceCode/new-api/model/user_session.go:203
[0m[33m[0.000ms] [34;1m[rows:1][0m SELECT * FROM `user_sessions` WHERE sid = '4d4e913b-4c44-4f1f-b766-59320554e30f' ORDER BY `user_sessions`.`sid` LIMIT 1

2026/08/15 00:11:31 [32mE:/selfWork/newApi/sourceCode/new-api/model/user.go:462
[0m[33m[0.547ms] [34;1m[rows:1][0m SELECT `users`.`id`,`users`.`username`,`users`.`display_name`,`users`.`role`,`users`.`status`,`users`.`email`,`users`.`github_id`,`users`.`discord_id`,`users`.`oidc_id`,`users`.`wechat_id`,`users`.`telegram_id`,`users`.`quota`,`users`.`used_quota`,`users`.`request_count`,`users`.`group`,`users`.`aff_code`,`users`.`aff_count`,`users`.`aff_quota`,`users`.`aff_history`,`users`.`inviter_id`,`users`.`deleted_at`,`users`.`linux_do_id`,`users`.`setting`,`users`.`remark`,`users`.`stripe_customer`,`users`.`created_at`,`users`.`last_login_at`,`users`.`auth_version` FROM `users` WHERE id = 1 AND `users`.`deleted_at` IS NULL AND `users`.`id` = 1 ORDER BY `users`.`id` LIMIT 1

2026/08/15 00:11:31 [32mE:/selfWork/newApi/sourceCode/new-api/model/channel_activity.go:115
[0m[33m[0.000ms] [34;1m[rows:2][0m SELECT channel_id, user_id, username, token_name,
SUM(CASE WHEN created_at >= 1786723831 THEN 1 ELSE 0 END) AS logs_60s,
MAX(CASE WHEN created_at >= 1786723831 THEN created_at ELSE 0 END) AS last_60s,
SUM(CASE WHEN created_at >= 1786723591 THEN 1 ELSE 0 END) AS logs_5m,
MAX(CASE WHEN created_at >= 1786723591 THEN created_at ELSE 0 END) AS last_5m,
SUM(CASE WHEN created_at >= 1786720291 THEN 1 ELSE 0 END) AS logs_1h,
MAX(CASE WHEN created_at >= 1786720291 THEN created_at ELSE 0 END) AS last_1h,
COUNT(*) AS logs_24h,
MAX(created_at) AS last_24h FROM `logs` WHERE channel_id > 0 AND created_at >= 1786637491 AND created_at <= 1786723891 GROUP BY channel_id, user_id, username, token_name
[GIN] 2026/08/15 - 00:11:31 | api | 20260814161131153938900dPZVLHgRU6JncEFy | 200 |      1.0742ms |             ::1 |     GET /api/channel/activity/summary
[GIN] 2026/08/15 - 00:11:32 | api | 20260814161132268423300dPZVLHgRloZVxnqc | 200 |       546.9µs |             ::1 |     GET /api/status

2026/08/15 00:11:36 [32mE:/selfWork/newApi/sourceCode/new-api/model/user_session.go:203
[0m[33m[0.000ms] [34;1m[rows:1][0m SELECT * FROM `user_sessions` WHERE sid = '4d4e913b-4c44-4f1f-b766-59320554e30f' ORDER BY `user_sessions`.`sid` LIMIT 1

2026/08/15 00:11:36 [32mE:/selfWork/newApi/sourceCode/new-api/model/user.go:462
[0m[33m[0.000ms] [34;1m[rows:1][0m SELECT `users`.`id`,`users`.`username`,`users`.`display_name`,`users`.`role`,`users`.`status`,`users`.`email`,`users`.`github_id`,`users`.`discord_id`,`users`.`oidc_id`,`users`.`wechat_id`,`users`.`telegram_id`,`users`.`quota`,`users`.`used_quota`,`users`.`request_count`,`users`.`group`,`users`.`aff_code`,`users`.`aff_count`,`users`.`aff_quota`,`users`.`aff_history`,`users`.`inviter_id`,`users`.`deleted_at`,`users`.`linux_do_id`,`users`.`setting`,`users`.`remark`,`users`.`stripe_customer`,`users`.`created_at`,`users`.`last_login_at`,`users`.`auth_version` FROM `users` WHERE id = 1 AND `users`.`deleted_at` IS NULL AND `users`.`id` = 1 ORDER BY `users`.`id` LIMIT 1

2026/08/15 00:11:36 [32mE:/selfWork/newApi/sourceCode/new-api/model/channel_activity.go:115
[0m[33m[0.000ms] [34;1m[rows:2][0m SELECT channel_id, user_id, username, token_name,
SUM(CASE WHEN created_at >= 1786723836 THEN 1 ELSE 0 END) AS logs_60s,
MAX(CASE WHEN created_at >= 1786723836 THEN created_at ELSE 0 END) AS last_60s,
SUM(CASE WHEN created_at >= 1786723596 THEN 1 ELSE 0 END) AS logs_5m,
MAX(CASE WHEN created_at >= 1786723596 THEN created_at ELSE 0 END) AS last_5m,
SUM(CASE WHEN created_at >= 1786720296 THEN 1 ELSE 0 END) AS logs_1h,
MAX(CASE WHEN created_at >= 1786720296 THEN created_at ELSE 0 END) AS last_1h,
COUNT(*) AS logs_24h,
MAX(created_at) AS last_24h FROM `logs` WHERE channel_id > 0 AND created_at >= 1786637496 AND created_at <= 1786723896 GROUP BY channel_id, user_id, username, token_name
[GIN] 2026/08/15 - 00:11:36 | api | 20260814161136156915100dPZVLHgRS1D5Z3VZ | 200 |      2.0534ms |             ::1 |     GET /api/channel/activity/summary

2026/08/15 00:11:39 [32mE:/selfWork/newApi/sourceCode/new-api/model/midjourney.go:113
[0m[33m[0.000ms] [34;1m[rows:0][0m SELECT `id` FROM `midjourneys` WHERE progress != '100%' LIMIT 1

2026/08/15 00:11:39 [32mE:/selfWork/newApi/sourceCode/new-api/model/task.go:333
[0m[33m[0.532ms] [34;1m[rows:0][0m SELECT `id` FROM `tasks` WHERE progress != '100%' AND status != 'FAILURE' AND status != 'SUCCESS' LIMIT 1

2026/08/15 00:11:39 [32mE:/selfWork/newApi/sourceCode/new-api/model/system_task.go:217
[0m[33m[0.520ms] [34;1m[rows:2][0m SELECT * FROM `system_tasks` WHERE id IN (SELECT MAX(id) FROM `system_tasks` WHERE type IN ('channel_test','model_update') GROUP BY `type`)

2026/08/15 00:11:39 [32mE:/selfWork/newApi/sourceCode/new-api/model/system_task.go:170
[0m[33m[0.683ms] [34;1m[rows:0][0m SELECT * FROM `system_tasks` WHERE id IN (SELECT MIN(id) FROM `system_tasks` WHERE type IN ('log_cleanup','channel_test','channel_model_probe','model_update','midjourney_poll','async_task_poll') AND status = 'pending' GROUP BY `type`)

2026/08/15 00:11:41 [32mE:/selfWork/newApi/sourceCode/new-api/model/user_session.go:203
[0m[33m[0.000ms] [34;1m[rows:1][0m SELECT * FROM `user_sessions` WHERE sid = '4d4e913b-4c44-4f1f-b766-59320554e30f' ORDER BY `user_sessions`.`sid` LIMIT 1

2026/08/15 00:11:41 [32mE:/selfWork/newApi/sourceCode/new-api/model/user.go:462
[0m[33m[0.000ms] [34;1m[rows:1][0m SELECT `users`.`id`,`users`.`username`,`users`.`display_name`,`users`.`role`,`users`.`status`,`users`.`email`,`users`.`github_id`,`users`.`discord_id`,`users`.`oidc_id`,`users`.`wechat_id`,`users`.`telegram_id`,`users`.`quota`,`users`.`used_quota`,`users`.`request_count`,`users`.`group`,`users`.`aff_code`,`users`.`aff_count`,`users`.`aff_quota`,`users`.`aff_history`,`users`.`inviter_id`,`users`.`deleted_at`,`users`.`linux_do_id`,`users`.`setting`,`users`.`remark`,`users`.`stripe_customer`,`users`.`created_at`,`users`.`last_login_at`,`users`.`auth_version` FROM `users` WHERE id = 1 AND `users`.`deleted_at` IS NULL AND `users`.`id` = 1 ORDER BY `users`.`id` LIMIT 1

2026/08/15 00:11:41 [32mE:/selfWork/newApi/sourceCode/new-api/model/channel_activity.go:115
[0m[33m[0.532ms] [34;1m[rows:2][0m SELECT channel_id, user_id, username, token_name,
SUM(CASE WHEN created_at >= 1786723841 THEN 1 ELSE 0 END) AS logs_60s,
MAX(CASE WHEN created_at >= 1786723841 THEN created_at ELSE 0 END) AS last_60s,
SUM(CASE WHEN created_at >= 1786723601 THEN 1 ELSE 0 END) AS logs_5m,
MAX(CASE WHEN created_at >= 1786723601 THEN created_at ELSE 0 END) AS last_5m,
SUM(CASE WHEN created_at >= 1786720301 THEN 1 ELSE 0 END) AS logs_1h,
MAX(CASE WHEN created_at >= 1786720301 THEN created_at ELSE 0 END) AS last_1h,
COUNT(*) AS logs_24h,
MAX(created_at) AS last_24h FROM `logs` WHERE channel_id > 0 AND created_at >= 1786637501 AND created_at <= 1786723901 GROUP BY channel_id, user_id, username, token_name
[GIN] 2026/08/15 - 00:11:41 | api | 20260814161141162225300dPZVLHgRcuYOvOQf | 200 |      1.0357ms |             ::1 |     GET /api/channel/activity/summary

2026/08/15 00:11:41 [32mE:/selfWork/newApi/sourceCode/new-api/model/user_session.go:203
[0m[33m[0.507ms] [34;1m[rows:1][0m SELECT * FROM `user_sessions` WHERE sid = '4d4e913b-4c44-4f1f-b766-59320554e30f' ORDER BY `user_sessions`.`sid` LIMIT 1

2026/08/15 00:11:41 [32mE:/selfWork/newApi/sourceCode/new-api/model/user.go:462
[0m[33m[0.000ms] [34;1m[rows:1][0m SELECT `users`.`id`,`users`.`username`,`users`.`display_name`,`users`.`role`,`users`.`status`,`users`.`email`,`users`.`github_id`,`users`.`discord_id`,`users`.`oidc_id`,`users`.`wechat_id`,`users`.`telegram_id`,`users`.`quota`,`users`.`used_quota`,`users`.`request_count`,`users`.`group`,`users`.`aff_code`,`users`.`aff_count`,`users`.`aff_quota`,`users`.`aff_history`,`users`.`inviter_id`,`users`.`deleted_at`,`users`.`linux_do_id`,`users`.`setting`,`users`.`remark`,`users`.`stripe_customer`,`users`.`created_at`,`users`.`last_login_at`,`users`.`auth_version` FROM `users` WHERE id = 1 AND `users`.`deleted_at` IS NULL AND `users`.`id` = 1 ORDER BY `users`.`id` LIMIT 1

2026/08/15 00:11:41 [32mE:/selfWork/newApi/sourceCode/new-api/model/channel_model_health.go:668
[0m[33m[0.543ms] [34;1m[rows:11][0m SELECT channel_model_health.*, channels.name AS channel_name, channels.status AS channel_status FROM `channel_model_health` JOIN abilities ON abilities.channel_id = channel_model_health.channel_id AND abilities.`group` = channel_model_health.`group` AND abilities.model = channel_model_health.model JOIN channels ON channels.id = channel_model_health.channel_id

2026/08/15 00:11:41 [32mE:/selfWork/newApi/sourceCode/new-api/model/channel_model_health.go:687
[0m[33m[0.000ms] [34;1m[rows:18][0m SELECT abilities.channel_id, abilities.`group` AS ability_group, abilities.model, channels.name AS channel_name, channels.status AS channel_status FROM `abilities` JOIN channels ON channels.id = abilities.channel_id WHERE abilities.enabled = true

2026/08/15 00:11:41 [32mE:/selfWork/newApi/sourceCode/new-api/model/channel_model_manual_disable.go:133
[0m[33m[0.556ms] [34;1m[rows:0][0m SELECT channel_id, model, reason, operator_id, operator_name, created_at FROM `channel_model_manual_disables` WHERE active = true

2026/08/15 00:11:41 [32mE:/selfWork/newApi/sourceCode/new-api/model/channel_model_health.go:342
[0m[33m[0.000ms] [34;1m[rows:0][0m 
SELECT l.channel_id, l.model_name, l.`group` AS request_group, l.username, l.token_name, l.created_at, l.id, l.request_id
FROM logs AS l
INNER JOIN (
	SELECT channel_id AS latest_channel_id, model_name AS latest_model_name, `group` AS latest_group,
		MAX(created_at) AS latest_created_at
	FROM logs
	WHERE type IN (2, 5) AND ((channel_id = 29 AND model_name = 'gpt-5.6-sol' AND `group` = 'default') OR (channel_id = 29 AND model_name = 'gpt-5.6-luna' AND `group` = 'default') OR (channel_id = 29 AND model_name = 'gpt-5.4-mini' AND `group` = 'default') OR (channel_id = 29 AND model_name = 'gpt-5.4' AND `group` = 'default') OR (channel_id = 29 AND model_name = 'gpt-5.6-terra' AND `group` = 'default'))
	GROUP BY channel_id, model_name, `group`
) AS latest_requests
	ON l.channel_id = latest_requests.latest_channel_id
	AND l.model_name = latest_requests.latest_model_name
	AND l.`group` = latest_requests.latest_group
	AND l.created_at = latest_requests.latest_created_at
WHERE l.type IN (2, 5)
ORDER BY l.created_at DESC, l.id DESC, l.request_id DESC
[GIN] 2026/08/15 - 00:11:41 | api | 20260814161141896227400dPZVLHgR42zBX0nX | 200 |      2.1395ms |             ::1 |     GET /api/channel/health/summary?channel_ids=29

2026/08/15 00:11:46 [32mE:/selfWork/newApi/sourceCode/new-api/model/user_session.go:203
[0m[33m[0.000ms] [34;1m[rows:1][0m SELECT * FROM `user_sessions` WHERE sid = '4d4e913b-4c44-4f1f-b766-59320554e30f' ORDER BY `user_sessions`.`sid` LIMIT 1

2026/08/15 00:11:46 [32mE:/selfWork/newApi/sourceCode/new-api/model/user.go:462
[0m[33m[0.671ms] [34;1m[rows:1][0m SELECT `users`.`id`,`users`.`username`,`users`.`display_name`,`users`.`role`,`users`.`status`,`users`.`email`,`users`.`github_id`,`users`.`discord_id`,`users`.`oidc_id`,`users`.`wechat_id`,`users`.`telegram_id`,`users`.`quota`,`users`.`used_quota`,`users`.`request_count`,`users`.`group`,`users`.`aff_code`,`users`.`aff_count`,`users`.`aff_quota`,`users`.`aff_history`,`users`.`inviter_id`,`users`.`deleted_at`,`users`.`linux_do_id`,`users`.`setting`,`users`.`remark`,`users`.`stripe_customer`,`users`.`created_at`,`users`.`last_login_at`,`users`.`auth_version` FROM `users` WHERE id = 1 AND `users`.`deleted_at` IS NULL AND `users`.`id` = 1 ORDER BY `users`.`id` LIMIT 1

2026/08/15 00:11:46 [32mE:/selfWork/newApi/sourceCode/new-api/model/channel_activity.go:115
[0m[33m[0.519ms] [34;1m[rows:2][0m SELECT channel_id, user_id, username, token_name,
SUM(CASE WHEN created_at >= 1786723846 THEN 1 ELSE 0 END) AS logs_60s,
MAX(CASE WHEN created_at >= 1786723846 THEN created_at ELSE 0 END) AS last_60s,
SUM(CASE WHEN created_at >= 1786723606 THEN 1 ELSE 0 END) AS logs_5m,
MAX(CASE WHEN created_at >= 1786723606 THEN created_at ELSE 0 END) AS last_5m,
SUM(CASE WHEN created_at >= 1786720306 THEN 1 ELSE 0 END) AS logs_1h,
MAX(CASE WHEN created_at >= 1786720306 THEN created_at ELSE 0 END) AS last_1h,
COUNT(*) AS logs_24h,
MAX(created_at) AS last_24h FROM `logs` WHERE channel_id > 0 AND created_at >= 1786637506 AND created_at <= 1786723906 GROUP BY channel_id, user_id, username, token_name
[GIN] 2026/08/15 - 00:11:46 | api | 20260814161146166513100dPZVLHgRFT9lpl9n | 200 |      1.1901ms |             ::1 |     GET /api/channel/activity/summary

2026/08/15 00:11:51 [32mE:/selfWork/newApi/sourceCode/new-api/model/user_session.go:203
[0m[33m[0.000ms] [34;1m[rows:1][0m SELECT * FROM `user_sessions` WHERE sid = '4d4e913b-4c44-4f1f-b766-59320554e30f' ORDER BY `user_sessions`.`sid` LIMIT 1

2026/08/15 00:11:51 [32mE:/selfWork/newApi/sourceCode/new-api/model/user.go:462
[0m[33m[0.000ms] [34;1m[rows:1][0m SELECT `users`.`id`,`users`.`username`,`users`.`display_name`,`users`.`role`,`users`.`status`,`users`.`email`,`users`.`github_id`,`users`.`discord_id`,`users`.`oidc_id`,`users`.`wechat_id`,`users`.`telegram_id`,`users`.`quota`,`users`.`used_quota`,`users`.`request_count`,`users`.`group`,`users`.`aff_code`,`users`.`aff_count`,`users`.`aff_quota`,`users`.`aff_history`,`users`.`inviter_id`,`users`.`deleted_at`,`users`.`linux_do_id`,`users`.`setting`,`users`.`remark`,`users`.`stripe_customer`,`users`.`created_at`,`users`.`last_login_at`,`users`.`auth_version` FROM `users` WHERE id = 1 AND `users`.`deleted_at` IS NULL AND `users`.`id` = 1 ORDER BY `users`.`id` LIMIT 1

2026/08/15 00:11:51 [32mE:/selfWork/newApi/sourceCode/new-api/model/channel_activity.go:115
[0m[33m[0.532ms] [34;1m[rows:2][0m SELECT channel_id, user_id, username, token_name,
SUM(CASE WHEN created_at >= 1786723851 THEN 1 ELSE 0 END) AS logs_60s,
MAX(CASE WHEN created_at >= 1786723851 THEN created_at ELSE 0 END) AS last_60s,
SUM(CASE WHEN created_at >= 1786723611 THEN 1 ELSE 0 END) AS logs_5m,
MAX(CASE WHEN created_at >= 1786723611 THEN created_at ELSE 0 END) AS last_5m,
SUM(CASE WHEN created_at >= 1786720311 THEN 1 ELSE 0 END) AS logs_1h,
MAX(CASE WHEN created_at >= 1786720311 THEN created_at ELSE 0 END) AS last_1h,
COUNT(*) AS logs_24h,
MAX(created_at) AS last_24h FROM `logs` WHERE channel_id > 0 AND created_at >= 1786637511 AND created_at <= 1786723911 GROUP BY channel_id, user_id, username, token_name
[GIN] 2026/08/15 - 00:11:51 | api | 20260814161151171020900dPZVLHgRdfFjikwL | 200 |      1.3263ms |             ::1 |     GET /api/channel/activity/summary

2026/08/15 00:11:54 [32mE:/selfWork/newApi/sourceCode/new-api/model/system_task.go:363
[0m[33m[0.000ms] [34;1m[rows:0][0m SELECT * FROM `system_task_locks` WHERE locked_until < 1786723914

2026/08/15 00:11:54 [32mE:/selfWork/newApi/sourceCode/new-api/model/midjourney.go:113
[0m[33m[0.589ms] [34;1m[rows:0][0m SELECT `id` FROM `midjourneys` WHERE progress != '100%' LIMIT 1

2026/08/15 00:11:54 [32mE:/selfWork/newApi/sourceCode/new-api/model/task.go:333
[0m[33m[0.000ms] [34;1m[rows:0][0m SELECT `id` FROM `tasks` WHERE progress != '100%' AND status != 'FAILURE' AND status != 'SUCCESS' LIMIT 1

2026/08/15 00:11:54 [32mE:/selfWork/newApi/sourceCode/new-api/model/system_task.go:217
[0m[33m[0.571ms] [34;1m[rows:2][0m SELECT * FROM `system_tasks` WHERE id IN (SELECT MAX(id) FROM `system_tasks` WHERE type IN ('model_update','channel_test') GROUP BY `type`)

2026/08/15 00:11:54 [32mE:/selfWork/newApi/sourceCode/new-api/model/system_instance.go:69
[0m[33m[1.112ms] [34;1m[rows:2][0m INSERT INTO `system_instances` (`node_name`,`info`,`started_at`,`last_seen_at`,`created_at`,`updated_at`) VALUES ('PC-20260521RLZQ','{"schema_version":1,"node":{"name":"PC-20260521RLZQ","source":"hostname","manually_configured":false,"should_configure_manually":true},"role":{"is_master":true},"runtime":{"version":"v0.0.0","goos":"windows","goarch":"amd64","started_at":1786723884},"host":{"hostname":"PC-20260521RLZQ"},"resources":{"cpu":{"usage_percent":0},"memory":{"usage_percent":0},"storage":{"total_bytes":370724040704,"used_bytes":157059198976,"free_bytes":213664841728,"used_percent":42.36552846094002}}}',1786723884,1786723914,1786723914,1786723914) ON DUPLICATE KEY UPDATE `info`=VALUES(`info`),`started_at`=VALUES(`started_at`),`last_seen_at`=VALUES(`last_seen_at`),`updated_at`=VALUES(`updated_at`)

2026/08/15 00:11:54 [32mE:/selfWork/newApi/sourceCode/new-api/model/system_task.go:170
[0m[33m[0.521ms] [34;1m[rows:0][0m SELECT * FROM `system_tasks` WHERE id IN (SELECT MIN(id) FROM `system_tasks` WHERE type IN ('log_cleanup','channel_test','channel_model_probe','model_update','midjourney_poll','async_task_poll') AND status = 'pending' GROUP BY `type`)

2026/08/15 00:11:56 [32mE:/selfWork/newApi/sourceCode/new-api/model/user_session.go:203
[0m[33m[0.507ms] [34;1m[rows:1][0m SELECT * FROM `user_sessions` WHERE sid = '4d4e913b-4c44-4f1f-b766-59320554e30f' ORDER BY `user_sessions`.`sid` LIMIT 1

2026/08/15 00:11:56 [32mE:/selfWork/newApi/sourceCode/new-api/model/user.go:462
[0m[33m[0.553ms] [34;1m[rows:1][0m SELECT `users`.`id`,`users`.`username`,`users`.`display_name`,`users`.`role`,`users`.`status`,`users`.`email`,`users`.`github_id`,`users`.`discord_id`,`users`.`oidc_id`,`users`.`wechat_id`,`users`.`telegram_id`,`users`.`quota`,`users`.`used_quota`,`users`.`request_count`,`users`.`group`,`users`.`aff_code`,`users`.`aff_count`,`users`.`aff_quota`,`users`.`aff_history`,`users`.`inviter_id`,`users`.`deleted_at`,`users`.`linux_do_id`,`users`.`setting`,`users`.`remark`,`users`.`stripe_customer`,`users`.`created_at`,`users`.`last_login_at`,`users`.`auth_version` FROM `users` WHERE id = 1 AND `users`.`deleted_at` IS NULL AND `users`.`id` = 1 ORDER BY `users`.`id` LIMIT 1

2026/08/15 00:11:56 [32mE:/selfWork/newApi/sourceCode/new-api/model/channel_model_health.go:668
[0m[33m[0.526ms] [34;1m[rows:11][0m SELECT channel_model_health.*, channels.name AS channel_name, channels.status AS channel_status FROM `channel_model_health` JOIN abilities ON abilities.channel_id = channel_model_health.channel_id AND abilities.`group` = channel_model_health.`group` AND abilities.model = channel_model_health.model JOIN channels ON channels.id = channel_model_health.channel_id

2026/08/15 00:11:56 [32mE:/selfWork/newApi/sourceCode/new-api/model/channel_model_health.go:687
[0m[33m[0.000ms] [34;1m[rows:18][0m SELECT abilities.channel_id, abilities.`group` AS ability_group, abilities.model, channels.name AS channel_name, channels.status AS channel_status FROM `abilities` JOIN channels ON channels.id = abilities.channel_id WHERE abilities.enabled = true

2026/08/15 00:11:56 [32mE:/selfWork/newApi/sourceCode/new-api/model/channel_model_manual_disable.go:133
[0m[33m[0.591ms] [34;1m[rows:0][0m SELECT channel_id, model, reason, operator_id, operator_name, created_at FROM `channel_model_manual_disables` WHERE active = true

2026/08/15 00:11:56 [32mE:/selfWork/newApi/sourceCode/new-api/model/channel_model_health.go:342
[0m[33m[1.028ms] [34;1m[rows:2][0m 
SELECT l.channel_id, l.model_name, l.`group` AS request_group, l.username, l.token_name, l.created_at, l.id, l.request_id
FROM logs AS l
INNER JOIN (
	SELECT channel_id AS latest_channel_id, model_name AS latest_model_name, `group` AS latest_group,
		MAX(created_at) AS latest_created_at
	FROM logs
	WHERE type IN (2, 5) AND ((channel_id = 29 AND model_name = 'gpt-5.6-sol' AND `group` = 'default') OR (channel_id = 29 AND model_name = 'gpt-5.6-luna' AND `group` = 'default') OR (channel_id = 29 AND model_name = 'gpt-5.4-mini' AND `group` = 'default') OR (channel_id = 29 AND model_name = 'gpt-5.4' AND `group` = 'default') OR (channel_id = 29 AND model_name = 'gpt-5.6-terra' AND `group` = 'default') OR (channel_id = 27 AND model_name = 'gpt-5.6-luna' AND `group` = 'default') OR (channel_id = 27 AND model_name = 'gpt-5.5' AND `group` = 'default') OR (channel_id = 27 AND model_name = 'gpt-5.4-mini' AND `group` = 'default'))
	GROUP BY channel_id, model_name, `group`
) AS latest_requests
	ON l.channel_id = latest_requests.latest_channel_id
	AND l.model_name = latest_requests.latest_model_name
	AND l.`group` = latest_requests.latest_group
	AND l.created_at = latest_requests.latest_created_at
WHERE l.type IN (2, 5)
ORDER BY l.created_at DESC, l.id DESC, l.request_id DESC
[GIN] 2026/08/15 - 00:11:56 | api | 20260814161156134659000dPZVLHgRp1EaLxBC | 200 |      3.2054ms |             ::1 |     GET /api/channel/health/summary?channel_ids=17,16,12,2,4,11,1,13,7,8,29,27,28,3,19,20,21,22,23,24

2026/08/15 00:11:56 [32mE:/selfWork/newApi/sourceCode/new-api/model/user_session.go:203
[0m[33m[0.000ms] [34;1m[rows:1][0m SELECT * FROM `user_sessions` WHERE sid = '4d4e913b-4c44-4f1f-b766-59320554e30f' ORDER BY `user_sessions`.`sid` LIMIT 1

2026/08/15 00:11:56 [32mE:/selfWork/newApi/sourceCode/new-api/model/user.go:462
[0m[33m[0.000ms] [34;1m[rows:1][0m SELECT `users`.`id`,`users`.`username`,`users`.`display_name`,`users`.`role`,`users`.`status`,`users`.`email`,`users`.`github_id`,`users`.`discord_id`,`users`.`oidc_id`,`users`.`wechat_id`,`users`.`telegram_id`,`users`.`quota`,`users`.`used_quota`,`users`.`request_count`,`users`.`group`,`users`.`aff_code`,`users`.`aff_count`,`users`.`aff_quota`,`users`.`aff_history`,`users`.`inviter_id`,`users`.`deleted_at`,`users`.`linux_do_id`,`users`.`setting`,`users`.`remark`,`users`.`stripe_customer`,`users`.`created_at`,`users`.`last_login_at`,`users`.`auth_version` FROM `users` WHERE id = 1 AND `users`.`deleted_at` IS NULL AND `users`.`id` = 1 ORDER BY `users`.`id` LIMIT 1

2026/08/15 00:11:56 [32mE:/selfWork/newApi/sourceCode/new-api/model/channel_activity.go:115
[0m[33m[0.513ms] [34;1m[rows:2][0m SELECT channel_id, user_id, username, token_name,
SUM(CASE WHEN created_at >= 1786723856 THEN 1 ELSE 0 END) AS logs_60s,
MAX(CASE WHEN created_at >= 1786723856 THEN created_at ELSE 0 END) AS last_60s,
SUM(CASE WHEN created_at >= 1786723616 THEN 1 ELSE 0 END) AS logs_5m,
MAX(CASE WHEN created_at >= 1786723616 THEN created_at ELSE 0 END) AS last_5m,
SUM(CASE WHEN created_at >= 1786720316 THEN 1 ELSE 0 END) AS logs_1h,
MAX(CASE WHEN created_at >= 1786720316 THEN created_at ELSE 0 END) AS last_1h,
COUNT(*) AS logs_24h,
MAX(created_at) AS last_24h FROM `logs` WHERE channel_id > 0 AND created_at >= 1786637516 AND created_at <= 1786723916 GROUP BY channel_id, user_id, username, token_name
[GIN] 2026/08/15 - 00:11:56 | api | 20260814161156176465700dPZVLHgREM5SgOv3 | 200 |      1.2364ms |             ::1 |     GET /api/channel/activity/summary

2026/08/15 00:11:56 [32mE:/selfWork/newApi/sourceCode/new-api/model/user_session.go:203
[0m[33m[0.000ms] [34;1m[rows:1][0m SELECT * FROM `user_sessions` WHERE sid = '4d4e913b-4c44-4f1f-b766-59320554e30f' ORDER BY `user_sessions`.`sid` LIMIT 1

2026/08/15 00:11:56 [32mE:/selfWork/newApi/sourceCode/new-api/model/user.go:462
[0m[33m[0.000ms] [34;1m[rows:1][0m SELECT `users`.`id`,`users`.`username`,`users`.`display_name`,`users`.`role`,`users`.`status`,`users`.`email`,`users`.`github_id`,`users`.`discord_id`,`users`.`oidc_id`,`users`.`wechat_id`,`users`.`telegram_id`,`users`.`quota`,`users`.`used_quota`,`users`.`request_count`,`users`.`group`,`users`.`aff_code`,`users`.`aff_count`,`users`.`aff_quota`,`users`.`aff_history`,`users`.`inviter_id`,`users`.`deleted_at`,`users`.`linux_do_id`,`users`.`setting`,`users`.`remark`,`users`.`stripe_customer`,`users`.`created_at`,`users`.`last_login_at`,`users`.`auth_version` FROM `users` WHERE id = 1 AND `users`.`deleted_at` IS NULL AND `users`.`id` = 1 ORDER BY `users`.`id` LIMIT 1

2026/08/15 00:11:56 [32mE:/selfWork/newApi/sourceCode/new-api/model/channel_model_health.go:668
[0m[33m[0.525ms] [34;1m[rows:11][0m SELECT channel_model_health.*, channels.name AS channel_name, channels.status AS channel_status FROM `channel_model_health` JOIN abilities ON abilities.channel_id = channel_model_health.channel_id AND abilities.`group` = channel_model_health.`group` AND abilities.model = channel_model_health.model JOIN channels ON channels.id = channel_model_health.channel_id

2026/08/15 00:11:56 [32mE:/selfWork/newApi/sourceCode/new-api/model/channel_model_health.go:687
[0m[33m[0.000ms] [34;1m[rows:18][0m SELECT abilities.channel_id, abilities.`group` AS ability_group, abilities.model, channels.name AS channel_name, channels.status AS channel_status FROM `abilities` JOIN channels ON channels.id = abilities.channel_id WHERE abilities.enabled = true

2026/08/15 00:11:56 [32mE:/selfWork/newApi/sourceCode/new-api/model/channel_model_manual_disable.go:133
[0m[33m[0.000ms] [34;1m[rows:0][0m SELECT channel_id, model, reason, operator_id, operator_name, created_at FROM `channel_model_manual_disables` WHERE active = true

2026/08/15 00:11:56 [32mE:/selfWork/newApi/sourceCode/new-api/model/channel_model_health.go:342
[0m[33m[0.535ms] [34;1m[rows:0][0m 
SELECT l.channel_id, l.model_name, l.`group` AS request_group, l.username, l.token_name, l.created_at, l.id, l.request_id
FROM logs AS l
INNER JOIN (
	SELECT channel_id AS latest_channel_id, model_name AS latest_model_name, `group` AS latest_group,
		MAX(created_at) AS latest_created_at
	FROM logs
	WHERE type IN (2, 5) AND ((channel_id = 29 AND model_name = 'gpt-5.6-sol' AND `group` = 'default') OR (channel_id = 29 AND model_name = 'gpt-5.6-luna' AND `group` = 'default') OR (channel_id = 29 AND model_name = 'gpt-5.4-mini' AND `group` = 'default') OR (channel_id = 29 AND model_name = 'gpt-5.4' AND `group` = 'default') OR (channel_id = 29 AND model_name = 'gpt-5.6-terra' AND `group` = 'default'))
	GROUP BY channel_id, model_name, `group`
) AS latest_requests
	ON l.channel_id = latest_requests.latest_channel_id
	AND l.model_name = latest_requests.latest_model_name
	AND l.`group` = latest_requests.latest_group
	AND l.created_at = latest_requests.latest_created_at
WHERE l.type IN (2, 5)
ORDER BY l.created_at DESC, l.id DESC, l.request_id DESC
[GIN] 2026/08/15 - 00:11:56 | api | 20260814161156901721100dPZVLHgR1kFJ770U | 200 |      2.2047ms |             ::1 |     GET /api/channel/health/summary?channel_ids=29

2026/08/15 00:12:01 [32mE:/selfWork/newApi/sourceCode/new-api/model/user_session.go:203
[0m[33m[0.000ms] [34;1m[rows:1][0m SELECT * FROM `user_sessions` WHERE sid = '4d4e913b-4c44-4f1f-b766-59320554e30f' ORDER BY `user_sessions`.`sid` LIMIT 1

2026/08/15 00:12:01 [32mE:/selfWork/newApi/sourceCode/new-api/model/user.go:462
[0m[33m[0.000ms] [34;1m[rows:1][0m SELECT `users`.`id`,`users`.`username`,`users`.`display_name`,`users`.`role`,`users`.`status`,`users`.`email`,`users`.`github_id`,`users`.`discord_id`,`users`.`oidc_id`,`users`.`wechat_id`,`users`.`telegram_id`,`users`.`quota`,`users`.`used_quota`,`users`.`request_count`,`users`.`group`,`users`.`aff_code`,`users`.`aff_count`,`users`.`aff_quota`,`users`.`aff_history`,`users`.`inviter_id`,`users`.`deleted_at`,`users`.`linux_do_id`,`users`.`setting`,`users`.`remark`,`users`.`stripe_customer`,`users`.`created_at`,`users`.`last_login_at`,`users`.`auth_version` FROM `users` WHERE id = 1 AND `users`.`deleted_at` IS NULL AND `users`.`id` = 1 ORDER BY `users`.`id` LIMIT 1

2026/08/15 00:12:01 [32mE:/selfWork/newApi/sourceCode/new-api/model/channel_activity.go:115
[0m[33m[0.000ms] [34;1m[rows:2][0m SELECT channel_id, user_id, username, token_name,
SUM(CASE WHEN created_at >= 1786723861 THEN 1 ELSE 0 END) AS logs_60s,
MAX(CASE WHEN created_at >= 1786723861 THEN created_at ELSE 0 END) AS last_60s,
SUM(CASE WHEN created_at >= 1786723621 THEN 1 ELSE 0 END) AS logs_5m,
MAX(CASE WHEN created_at >= 1786723621 THEN created_at ELSE 0 END) AS last_5m,
SUM(CASE WHEN created_at >= 1786720321 THEN 1 ELSE 0 END) AS logs_1h,
MAX(CASE WHEN created_at >= 1786720321 THEN created_at ELSE 0 END) AS last_1h,
COUNT(*) AS logs_24h,
MAX(created_at) AS last_24h FROM `logs` WHERE channel_id > 0 AND created_at >= 1786637521 AND created_at <= 1786723921 GROUP BY channel_id, user_id, username, token_name
[GIN] 2026/08/15 - 00:12:01 | api | 20260814161201180862400dPZVLHgRx6Wnria8 | 200 |      1.0362ms |             ::1 |     GET /api/channel/activity/summary

2026/08/15 00:12:06 [32mE:/selfWork/newApi/sourceCode/new-api/model/user_session.go:203
[0m[33m[0.563ms] [34;1m[rows:1][0m SELECT * FROM `user_sessions` WHERE sid = '4d4e913b-4c44-4f1f-b766-59320554e30f' ORDER BY `user_sessions`.`sid` LIMIT 1

2026/08/15 00:12:06 [32mE:/selfWork/newApi/sourceCode/new-api/model/user.go:462
[0m[33m[0.000ms] [34;1m[rows:1][0m SELECT `users`.`id`,`users`.`username`,`users`.`display_name`,`users`.`role`,`users`.`status`,`users`.`email`,`users`.`github_id`,`users`.`discord_id`,`users`.`oidc_id`,`users`.`wechat_id`,`users`.`telegram_id`,`users`.`quota`,`users`.`used_quota`,`users`.`request_count`,`users`.`group`,`users`.`aff_code`,`users`.`aff_count`,`users`.`aff_quota`,`users`.`aff_history`,`users`.`inviter_id`,`users`.`deleted_at`,`users`.`linux_do_id`,`users`.`setting`,`users`.`remark`,`users`.`stripe_customer`,`users`.`created_at`,`users`.`last_login_at`,`users`.`auth_version` FROM `users` WHERE id = 1 AND `users`.`deleted_at` IS NULL AND `users`.`id` = 1 ORDER BY `users`.`id` LIMIT 1

2026/08/15 00:12:06 [32mE:/selfWork/newApi/sourceCode/new-api/model/channel_activity.go:115
[0m[33m[0.575ms] [34;1m[rows:2][0m SELECT channel_id, user_id, username, token_name,
SUM(CASE WHEN created_at >= 1786723866 THEN 1 ELSE 0 END) AS logs_60s,
MAX(CASE WHEN created_at >= 1786723866 THEN created_at ELSE 0 END) AS last_60s,
SUM(CASE WHEN created_at >= 1786723626 THEN 1 ELSE 0 END) AS logs_5m,
MAX(CASE WHEN created_at >= 1786723626 THEN created_at ELSE 0 END) AS last_5m,
SUM(CASE WHEN created_at >= 1786720326 THEN 1 ELSE 0 END) AS logs_1h,
MAX(CASE WHEN created_at >= 1786720326 THEN created_at ELSE 0 END) AS last_1h,
COUNT(*) AS logs_24h,
MAX(created_at) AS last_24h FROM `logs` WHERE channel_id > 0 AND created_at >= 1786637526 AND created_at <= 1786723926 GROUP BY channel_id, user_id, username, token_name
[GIN] 2026/08/15 - 00:12:06 | api | 20260814161206184360600dPZVLHgR8Sg1ijp7 | 200 |      1.1374ms |             ::1 |     GET /api/channel/activity/summary

2026/08/15 00:12:09 [32mE:/selfWork/newApi/sourceCode/new-api/model/midjourney.go:113
[0m[33m[0.000ms] [34;1m[rows:0][0m SELECT `id` FROM `midjourneys` WHERE progress != '100%' LIMIT 1

2026/08/15 00:12:09 [32mE:/selfWork/newApi/sourceCode/new-api/model/task.go:333
[0m[33m[0.535ms] [34;1m[rows:0][0m SELECT `id` FROM `tasks` WHERE progress != '100%' AND status != 'FAILURE' AND status != 'SUCCESS' LIMIT 1

2026/08/15 00:12:09 [32mE:/selfWork/newApi/sourceCode/new-api/model/system_task.go:217
[0m[33m[0.000ms] [34;1m[rows:2][0m SELECT * FROM `system_tasks` WHERE id IN (SELECT MAX(id) FROM `system_tasks` WHERE type IN ('model_update','channel_test') GROUP BY `type`)

2026/08/15 00:12:09 [32mE:/selfWork/newApi/sourceCode/new-api/model/system_task.go:170
[0m[33m[1.028ms] [34;1m[rows:0][0m SELECT * FROM `system_tasks` WHERE id IN (SELECT MIN(id) FROM `system_tasks` WHERE type IN ('midjourney_poll','async_task_poll','log_cleanup','channel_test','channel_model_probe','model_update') AND status = 'pending' GROUP BY `type`)

2026/08/15 00:12:11 [32mE:/selfWork/newApi/sourceCode/new-api/model/user_session.go:203
[0m[33m[0.000ms] [34;1m[rows:1][0m SELECT * FROM `user_sessions` WHERE sid = '4d4e913b-4c44-4f1f-b766-59320554e30f' ORDER BY `user_sessions`.`sid` LIMIT 1

2026/08/15 00:12:11 [32mE:/selfWork/newApi/sourceCode/new-api/model/user.go:462
[0m[33m[0.000ms] [34;1m[rows:1][0m SELECT `users`.`id`,`users`.`username`,`users`.`display_name`,`users`.`role`,`users`.`status`,`users`.`email`,`users`.`github_id`,`users`.`discord_id`,`users`.`oidc_id`,`users`.`wechat_id`,`users`.`telegram_id`,`users`.`quota`,`users`.`used_quota`,`users`.`request_count`,`users`.`group`,`users`.`aff_code`,`users`.`aff_count`,`users`.`aff_quota`,`users`.`aff_history`,`users`.`inviter_id`,`users`.`deleted_at`,`users`.`linux_do_id`,`users`.`setting`,`users`.`remark`,`users`.`stripe_customer`,`users`.`created_at`,`users`.`last_login_at`,`users`.`auth_version` FROM `users` WHERE id = 1 AND `users`.`deleted_at` IS NULL AND `users`.`id` = 1 ORDER BY `users`.`id` LIMIT 1

2026/08/15 00:12:11 [32mE:/selfWork/newApi/sourceCode/new-api/model/channel_activity.go:115
[0m[33m[0.546ms] [34;1m[rows:2][0m SELECT channel_id, user_id, username, token_name,
SUM(CASE WHEN created_at >= 1786723871 THEN 1 ELSE 0 END) AS logs_60s,
MAX(CASE WHEN created_at >= 1786723871 THEN created_at ELSE 0 END) AS last_60s,
SUM(CASE WHEN created_at >= 1786723631 THEN 1 ELSE 0 END) AS logs_5m,
MAX(CASE WHEN created_at >= 1786723631 THEN created_at ELSE 0 END) AS last_5m,
SUM(CASE WHEN created_at >= 1786720331 THEN 1 ELSE 0 END) AS logs_1h,
MAX(CASE WHEN created_at >= 1786720331 THEN created_at ELSE 0 END) AS last_1h,
COUNT(*) AS logs_24h,
MAX(created_at) AS last_24h FROM `logs` WHERE channel_id > 0 AND created_at >= 1786637531 AND created_at <= 1786723931 GROUP BY channel_id, user_id, username, token_name
[GIN] 2026/08/15 - 00:12:11 | api | 20260814161211187978100dPZVLHgRpa6MAOMy | 200 |      1.0535ms |             ::1 |     GET /api/channel/activity/summary

2026/08/15 00:12:11 [32mE:/selfWork/newApi/sourceCode/new-api/model/user_session.go:203
[0m[33m[0.000ms] [34;1m[rows:1][0m SELECT * FROM `user_sessions` WHERE sid = '4d4e913b-4c44-4f1f-b766-59320554e30f' ORDER BY `user_sessions`.`sid` LIMIT 1

2026/08/15 00:12:11 [32mE:/selfWork/newApi/sourceCode/new-api/model/user.go:462
[0m[33m[0.507ms] [34;1m[rows:1][0m SELECT `users`.`id`,`users`.`username`,`users`.`display_name`,`users`.`role`,`users`.`status`,`users`.`email`,`users`.`github_id`,`users`.`discord_id`,`users`.`oidc_id`,`users`.`wechat_id`,`users`.`telegram_id`,`users`.`quota`,`users`.`used_quota`,`users`.`request_count`,`users`.`group`,`users`.`aff_code`,`users`.`aff_count`,`users`.`aff_quota`,`users`.`aff_history`,`users`.`inviter_id`,`users`.`deleted_at`,`users`.`linux_do_id`,`users`.`setting`,`users`.`remark`,`users`.`stripe_customer`,`users`.`created_at`,`users`.`last_login_at`,`users`.`auth_version` FROM `users` WHERE id = 1 AND `users`.`deleted_at` IS NULL AND `users`.`id` = 1 ORDER BY `users`.`id` LIMIT 1

2026/08/15 00:12:11 [32mE:/selfWork/newApi/sourceCode/new-api/model/channel_model_health.go:668
[0m[33m[0.535ms] [34;1m[rows:11][0m SELECT channel_model_health.*, channels.name AS channel_name, channels.status AS channel_status FROM `channel_model_health` JOIN abilities ON abilities.channel_id = channel_model_health.channel_id AND abilities.`group` = channel_model_health.`group` AND abilities.model = channel_model_health.model JOIN channels ON channels.id = channel_model_health.channel_id

2026/08/15 00:12:11 [32mE:/selfWork/newApi/sourceCode/new-api/model/channel_model_health.go:687
[0m[33m[0.000ms] [34;1m[rows:18][0m SELECT abilities.channel_id, abilities.`group` AS ability_group, abilities.model, channels.name AS channel_name, channels.status AS channel_status FROM `abilities` JOIN channels ON channels.id = abilities.channel_id WHERE abilities.enabled = true

2026/08/15 00:12:11 [32mE:/selfWork/newApi/sourceCode/new-api/model/channel_model_manual_disable.go:133
[0m[33m[0.536ms] [34;1m[rows:0][0m SELECT channel_id, model, reason, operator_id, operator_name, created_at FROM `channel_model_manual_disables` WHERE active = true

2026/08/15 00:12:11 [32mE:/selfWork/newApi/sourceCode/new-api/model/channel_model_health.go:342
[0m[33m[0.000ms] [34;1m[rows:0][0m 
SELECT l.channel_id, l.model_name, l.`group` AS request_group, l.username, l.token_name, l.created_at, l.id, l.request_id
FROM logs AS l
INNER JOIN (
	SELECT channel_id AS latest_channel_id, model_name AS latest_model_name, `group` AS latest_group,
		MAX(created_at) AS latest_created_at
	FROM logs
	WHERE type IN (2, 5) AND ((channel_id = 29 AND model_name = 'gpt-5.6-sol' AND `group` = 'default') OR (channel_id = 29 AND model_name = 'gpt-5.6-luna' AND `group` = 'default') OR (channel_id = 29 AND model_name = 'gpt-5.4-mini' AND `group` = 'default') OR (channel_id = 29 AND model_name = 'gpt-5.4' AND `group` = 'default') OR (channel_id = 29 AND model_name = 'gpt-5.6-terra' AND `group` = 'default'))
	GROUP BY channel_id, model_name, `group`
) AS latest_requests
	ON l.channel_id = latest_requests.latest_channel_id
	AND l.model_name = latest_requests.latest_model_name
	AND l.`group` = latest_requests.latest_group
	AND l.created_at = latest_requests.latest_created_at
WHERE l.type IN (2, 5)
ORDER BY l.created_at DESC, l.id DESC, l.request_id DESC
[GIN] 2026/08/15 - 00:12:11 | api | 20260814161211907467600dPZVLHgRDxYwpiM2 | 200 |      2.1484ms |             ::1 |     GET /api/channel/health/summary?channel_ids=29

2026/08/15 00:12:16 [32mE:/selfWork/newApi/sourceCode/new-api/model/user_session.go:203
[0m[33m[0.000ms] [34;1m[rows:1][0m SELECT * FROM `user_sessions` WHERE sid = '4d4e913b-4c44-4f1f-b766-59320554e30f' ORDER BY `user_sessions`.`sid` LIMIT 1

2026/08/15 00:12:16 [32mE:/selfWork/newApi/sourceCode/new-api/model/user.go:462
[0m[33m[0.000ms] [34;1m[rows:1][0m SELECT `users`.`id`,`users`.`username`,`users`.`display_name`,`users`.`role`,`users`.`status`,`users`.`email`,`users`.`github_id`,`users`.`discord_id`,`users`.`oidc_id`,`users`.`wechat_id`,`users`.`telegram_id`,`users`.`quota`,`users`.`used_quota`,`users`.`request_count`,`users`.`group`,`users`.`aff_code`,`users`.`aff_count`,`users`.`aff_quota`,`users`.`aff_history`,`users`.`inviter_id`,`users`.`deleted_at`,`users`.`linux_do_id`,`users`.`setting`,`users`.`remark`,`users`.`stripe_customer`,`users`.`created_at`,`users`.`last_login_at`,`users`.`auth_version` FROM `users` WHERE id = 1 AND `users`.`deleted_at` IS NULL AND `users`.`id` = 1 ORDER BY `users`.`id` LIMIT 1

2026/08/15 00:12:16 [32mE:/selfWork/newApi/sourceCode/new-api/model/channel_activity.go:115
[0m[33m[0.518ms] [34;1m[rows:2][0m SELECT channel_id, user_id, username, token_name,
SUM(CASE WHEN created_at >= 1786723876 THEN 1 ELSE 0 END) AS logs_60s,
MAX(CASE WHEN created_at >= 1786723876 THEN created_at ELSE 0 END) AS last_60s,
SUM(CASE WHEN created_at >= 1786723636 THEN 1 ELSE 0 END) AS logs_5m,
MAX(CASE WHEN created_at >= 1786723636 THEN created_at ELSE 0 END) AS last_5m,
SUM(CASE WHEN created_at >= 1786720336 THEN 1 ELSE 0 END) AS logs_1h,
MAX(CASE WHEN created_at >= 1786720336 THEN created_at ELSE 0 END) AS last_1h,
COUNT(*) AS logs_24h,
MAX(created_at) AS last_24h FROM `logs` WHERE channel_id > 0 AND created_at >= 1786637536 AND created_at <= 1786723936 GROUP BY channel_id, user_id, username, token_name
[GIN] 2026/08/15 - 00:12:16 | api | 20260814161216192404500dPZVLHgR9WKJdrhE | 200 |      1.0251ms |             ::1 |     GET /api/channel/activity/summary

2026/08/15 00:12:21 [32mE:/selfWork/newApi/sourceCode/new-api/model/user_session.go:203
[0m[33m[0.000ms] [34;1m[rows:1][0m SELECT * FROM `user_sessions` WHERE sid = '4d4e913b-4c44-4f1f-b766-59320554e30f' ORDER BY `user_sessions`.`sid` LIMIT 1

2026/08/15 00:12:21 [32mE:/selfWork/newApi/sourceCode/new-api/model/user.go:462
[0m[33m[0.511ms] [34;1m[rows:1][0m SELECT `users`.`id`,`users`.`username`,`users`.`display_name`,`users`.`role`,`users`.`status`,`users`.`email`,`users`.`github_id`,`users`.`discord_id`,`users`.`oidc_id`,`users`.`wechat_id`,`users`.`telegram_id`,`users`.`quota`,`users`.`used_quota`,`users`.`request_count`,`users`.`group`,`users`.`aff_code`,`users`.`aff_count`,`users`.`aff_quota`,`users`.`aff_history`,`users`.`inviter_id`,`users`.`deleted_at`,`users`.`linux_do_id`,`users`.`setting`,`users`.`remark`,`users`.`stripe_customer`,`users`.`created_at`,`users`.`last_login_at`,`users`.`auth_version` FROM `users` WHERE id = 1 AND `users`.`deleted_at` IS NULL AND `users`.`id` = 1 ORDER BY `users`.`id` LIMIT 1

2026/08/15 00:12:21 [32mE:/selfWork/newApi/sourceCode/new-api/model/channel_activity.go:115
[0m[33m[0.000ms] [34;1m[rows:2][0m SELECT channel_id, user_id, username, token_name,
SUM(CASE WHEN created_at >= 1786723881 THEN 1 ELSE 0 END) AS logs_60s,
MAX(CASE WHEN created_at >= 1786723881 THEN created_at ELSE 0 END) AS last_60s,
SUM(CASE WHEN created_at >= 1786723641 THEN 1 ELSE 0 END) AS logs_5m,
MAX(CASE WHEN created_at >= 1786723641 THEN created_at ELSE 0 END) AS last_5m,
SUM(CASE WHEN created_at >= 1786720341 THEN 1 ELSE 0 END) AS logs_1h,
MAX(CASE WHEN created_at >= 1786720341 THEN created_at ELSE 0 END) AS last_1h,
COUNT(*) AS logs_24h,
MAX(created_at) AS last_24h FROM `logs` WHERE channel_id > 0 AND created_at >= 1786637541 AND created_at <= 1786723941 GROUP BY channel_id, user_id, username, token_name
[GIN] 2026/08/15 - 00:12:21 | api | 20260814161221196007500dPZVLHgRLdYjmJiG | 200 |      1.0494ms |             ::1 |     GET /api/channel/activity/summary
[SYS] 2026/08/15 - 00:12:24 | syncing channels from database 

2026/08/15 00:12:24 [32mE:/selfWork/newApi/sourceCode/new-api/model/channel_cache.go:34
[0m[33m[0.538ms] [34;1m[rows:22][0m SELECT * FROM `channels`

2026/08/15 00:12:24 [32mE:/selfWork/newApi/sourceCode/new-api/model/channel_cache.go:44
[0m[33m[0.000ms] [34;1m[rows:126][0m SELECT * FROM `abilities`

2026/08/15 00:12:24 [32mE:/selfWork/newApi/sourceCode/new-api/model/channel_model_health.go:384
[0m[33m[0.543ms] [34;1m[rows:11][0m SELECT * FROM `channel_model_health`

2026/08/15 00:12:24 [32mE:/selfWork/newApi/sourceCode/new-api/model/channel_model_manual_disable.go:61
[0m[33m[0.000ms] [34;1m[rows:0][0m SELECT * FROM `channel_model_manual_disables` WHERE active = true
[SYS] 2026/08/15 - 00:12:24 | channels synced from database 
[SYS] 2026/08/15 - 00:12:24 | syncing options from database 

2026/08/15 00:12:24 [32mE:/selfWork/newApi/sourceCode/new-api/service/authz/adapter.go:23
[0m[33m[0.592ms] [34;1m[rows:3][0m SELECT * FROM `casbin_rule` ORDER BY id asc

2026/08/15 00:12:24 [32mE:/selfWork/newApi/sourceCode/new-api/model/system_task.go:170
[0m[33m[0.000ms] [34;1m[rows:0][0m SELECT * FROM `system_tasks` WHERE id IN (SELECT MIN(id) FROM `system_tasks` WHERE type IN ('model_update','midjourney_poll','async_task_poll','log_cleanup','channel_test','channel_model_probe') AND status = 'pending' GROUP BY `type`)

2026/08/15 00:12:24 [32mE:/selfWork/newApi/sourceCode/new-api/model/system_instance.go:69
[0m[33m[0.569ms] [34;1m[rows:2][0m INSERT INTO `system_instances` (`node_name`,`info`,`started_at`,`last_seen_at`,`created_at`,`updated_at`) VALUES ('PC-20260521RLZQ','{"schema_version":1,"node":{"name":"PC-20260521RLZQ","source":"hostname","manually_configured":false,"should_configure_manually":true},"role":{"is_master":true},"runtime":{"version":"v0.0.0","goos":"windows","goarch":"amd64","started_at":1786723884},"host":{"hostname":"PC-20260521RLZQ"},"resources":{"cpu":{"usage_percent":0},"memory":{"usage_percent":0},"storage":{"total_bytes":370724040704,"used_bytes":157059883008,"free_bytes":213664157696,"used_percent":42.36571297338726}}}',1786723884,1786723944,1786723944,1786723944) ON DUPLICATE KEY UPDATE `info`=VALUES(`info`),`started_at`=VALUES(`started_at`),`last_seen_at`=VALUES(`last_seen_at`),`updated_at`=VALUES(`updated_at`)

2026/08/15 00:12:24 [32mE:/selfWork/newApi/sourceCode/new-api/model/db_time.go:16
[0m[33m[4.311ms] [34;1m[rows:1][0m SELECT UNIX_TIMESTAMP()

2026/08/15 00:12:24 [32mE:/selfWork/newApi/sourceCode/new-api/model/subscription.go:1139
[0m[33m[0.528ms] [34;1m[rows:0][0m SELECT * FROM `user_subscriptions` WHERE status = 'active' AND end_time > 0 AND end_time <= 1786723944 ORDER BY end_time asc, id asc LIMIT 300

2026/08/15 00:12:24 [32mE:/selfWork/newApi/sourceCode/new-api/model/db_time.go:16
[0m[33m[0.000ms] [34;1m[rows:1][0m SELECT UNIX_TIMESTAMP()

2026/08/15 00:12:24 [32mE:/selfWork/newApi/sourceCode/new-api/model/option.go:26
[0m[33m[5.431ms] [34;1m[rows:40][0m SELECT * FROM `options`

2026/08/15 00:12:24 [32mE:/selfWork/newApi/sourceCode/new-api/model/subscription.go:1427
[0m[33m[0.552ms] [34;1m[rows:0][0m SELECT * FROM `user_subscriptions` WHERE next_reset_time > 0 AND next_reset_time <= 1786723944 AND status = 'active' ORDER BY next_reset_time asc LIMIT 300

2026/08/15 00:12:26 [32mE:/selfWork/newApi/sourceCode/new-api/model/user_session.go:203
[0m[33m[0.000ms] [34;1m[rows:1][0m SELECT * FROM `user_sessions` WHERE sid = '4d4e913b-4c44-4f1f-b766-59320554e30f' ORDER BY `user_sessions`.`sid` LIMIT 1

2026/08/15 00:12:26 [32mE:/selfWork/newApi/sourceCode/new-api/model/user.go:462
[0m[33m[0.000ms] [34;1m[rows:1][0m SELECT `users`.`id`,`users`.`username`,`users`.`display_name`,`users`.`role`,`users`.`status`,`users`.`email`,`users`.`github_id`,`users`.`discord_id`,`users`.`oidc_id`,`users`.`wechat_id`,`users`.`telegram_id`,`users`.`quota`,`users`.`used_quota`,`users`.`request_count`,`users`.`group`,`users`.`aff_code`,`users`.`aff_count`,`users`.`aff_quota`,`users`.`aff_history`,`users`.`inviter_id`,`users`.`deleted_at`,`users`.`linux_do_id`,`users`.`setting`,`users`.`remark`,`users`.`stripe_customer`,`users`.`created_at`,`users`.`last_login_at`,`users`.`auth_version` FROM `users` WHERE id = 1 AND `users`.`deleted_at` IS NULL AND `users`.`id` = 1 ORDER BY `users`.`id` LIMIT 1

2026/08/15 00:12:26 [32mE:/selfWork/newApi/sourceCode/new-api/model/channel_model_health.go:668
[0m[33m[1.020ms] [34;1m[rows:11][0m SELECT channel_model_health.*, channels.name AS channel_name, channels.status AS channel_status FROM `channel_model_health` JOIN abilities ON abilities.channel_id = channel_model_health.channel_id AND abilities.`group` = channel_model_health.`group` AND abilities.model = channel_model_health.model JOIN channels ON channels.id = channel_model_health.channel_id

2026/08/15 00:12:26 [32mE:/selfWork/newApi/sourceCode/new-api/model/channel_model_health.go:687
[0m[33m[0.506ms] [34;1m[rows:18][0m SELECT abilities.channel_id, abilities.`group` AS ability_group, abilities.model, channels.name AS channel_name, channels.status AS channel_status FROM `abilities` JOIN channels ON channels.id = abilities.channel_id WHERE abilities.enabled = true

2026/08/15 00:12:26 [32mE:/selfWork/newApi/sourceCode/new-api/model/channel_model_manual_disable.go:133
[0m[33m[0.000ms] [34;1m[rows:0][0m SELECT channel_id, model, reason, operator_id, operator_name, created_at FROM `channel_model_manual_disables` WHERE active = true

2026/08/15 00:12:26 [32mE:/selfWork/newApi/sourceCode/new-api/model/channel_model_health.go:342
[0m[33m[1.055ms] [34;1m[rows:2][0m 
SELECT l.channel_id, l.model_name, l.`group` AS request_group, l.username, l.token_name, l.created_at, l.id, l.request_id
FROM logs AS l
INNER JOIN (
	SELECT channel_id AS latest_channel_id, model_name AS latest_model_name, `group` AS latest_group,
		MAX(created_at) AS latest_created_at
	FROM logs
	WHERE type IN (2, 5) AND ((channel_id = 29 AND model_name = 'gpt-5.6-sol' AND `group` = 'default') OR (channel_id = 29 AND model_name = 'gpt-5.6-luna' AND `group` = 'default') OR (channel_id = 29 AND model_name = 'gpt-5.4-mini' AND `group` = 'default') OR (channel_id = 29 AND model_name = 'gpt-5.4' AND `group` = 'default') OR (channel_id = 29 AND model_name = 'gpt-5.6-terra' AND `group` = 'default') OR (channel_id = 27 AND model_name = 'gpt-5.6-luna' AND `group` = 'default') OR (channel_id = 27 AND model_name = 'gpt-5.5' AND `group` = 'default') OR (channel_id = 27 AND model_name = 'gpt-5.4-mini' AND `group` = 'default'))
	GROUP BY channel_id, model_name, `group`
) AS latest_requests
	ON l.channel_id = latest_requests.latest_channel_id
	AND l.model_name = latest_requests.latest_model_name
	AND l.`group` = latest_requests.latest_group
	AND l.created_at = latest_requests.latest_created_at
WHERE l.type IN (2, 5)
ORDER BY l.created_at DESC, l.id DESC, l.request_id DESC
[GIN] 2026/08/15 - 00:12:26 | api | 20260814161226141460300dPZVLHgR6pl3mNrm | 200 |      3.0875ms |             ::1 |     GET /api/channel/health/summary?channel_ids=17,16,12,2,4,11,1,13,7,8,29,27,28,3,19,20,21,22,23,24

2026/08/15 00:12:26 [32mE:/selfWork/newApi/sourceCode/new-api/model/user_session.go:203
[0m[33m[0.535ms] [34;1m[rows:1][0m SELECT * FROM `user_sessions` WHERE sid = '4d4e913b-4c44-4f1f-b766-59320554e30f' ORDER BY `user_sessions`.`sid` LIMIT 1

2026/08/15 00:12:26 [32mE:/selfWork/newApi/sourceCode/new-api/model/user.go:462
[0m[33m[0.000ms] [34;1m[rows:1][0m SELECT `users`.`id`,`users`.`username`,`users`.`display_name`,`users`.`role`,`users`.`status`,`users`.`email`,`users`.`github_id`,`users`.`discord_id`,`users`.`oidc_id`,`users`.`wechat_id`,`users`.`telegram_id`,`users`.`quota`,`users`.`used_quota`,`users`.`request_count`,`users`.`group`,`users`.`aff_code`,`users`.`aff_count`,`users`.`aff_quota`,`users`.`aff_history`,`users`.`inviter_id`,`users`.`deleted_at`,`users`.`linux_do_id`,`users`.`setting`,`users`.`remark`,`users`.`stripe_customer`,`users`.`created_at`,`users`.`last_login_at`,`users`.`auth_version` FROM `users` WHERE id = 1 AND `users`.`deleted_at` IS NULL AND `users`.`id` = 1 ORDER BY `users`.`id` LIMIT 1

2026/08/15 00:12:26 [32mE:/selfWork/newApi/sourceCode/new-api/model/channel_activity.go:115
[0m[33m[0.000ms] [34;1m[rows:2][0m SELECT channel_id, user_id, username, token_name,
SUM(CASE WHEN created_at >= 1786723886 THEN 1 ELSE 0 END) AS logs_60s,
MAX(CASE WHEN created_at >= 1786723886 THEN created_at ELSE 0 END) AS last_60s,
SUM(CASE WHEN created_at >= 1786723646 THEN 1 ELSE 0 END) AS logs_5m,
MAX(CASE WHEN created_at >= 1786723646 THEN created_at ELSE 0 END) AS last_5m,
SUM(CASE WHEN created_at >= 1786720346 THEN 1 ELSE 0 END) AS logs_1h,
MAX(CASE WHEN created_at >= 1786720346 THEN created_at ELSE 0 END) AS last_1h,
COUNT(*) AS logs_24h,
MAX(created_at) AS last_24h FROM `logs` WHERE channel_id > 0 AND created_at >= 1786637546 AND created_at <= 1786723946 GROUP BY channel_id, user_id, username, token_name
[GIN] 2026/08/15 - 00:12:26 | api | 20260814161226198836600dPZVLHgRQExuIjZn | 200 |      1.5615ms |             ::1 |     GET /api/channel/activity/summary

2026/08/15 00:12:26 [32mE:/selfWork/newApi/sourceCode/new-api/model/user_session.go:203
[0m[33m[0.000ms] [34;1m[rows:1][0m SELECT * FROM `user_sessions` WHERE sid = '4d4e913b-4c44-4f1f-b766-59320554e30f' ORDER BY `user_sessions`.`sid` LIMIT 1

2026/08/15 00:12:26 [32mE:/selfWork/newApi/sourceCode/new-api/model/user.go:462
[0m[33m[0.506ms] [34;1m[rows:1][0m SELECT `users`.`id`,`users`.`username`,`users`.`display_name`,`users`.`role`,`users`.`status`,`users`.`email`,`users`.`github_id`,`users`.`discord_id`,`users`.`oidc_id`,`users`.`wechat_id`,`users`.`telegram_id`,`users`.`quota`,`users`.`used_quota`,`users`.`request_count`,`users`.`group`,`users`.`aff_code`,`users`.`aff_count`,`users`.`aff_quota`,`users`.`aff_history`,`users`.`inviter_id`,`users`.`deleted_at`,`users`.`linux_do_id`,`users`.`setting`,`users`.`remark`,`users`.`stripe_customer`,`users`.`created_at`,`users`.`last_login_at`,`users`.`auth_version` FROM `users` WHERE id = 1 AND `users`.`deleted_at` IS NULL AND `users`.`id` = 1 ORDER BY `users`.`id` LIMIT 1

2026/08/15 00:12:26 [32mE:/selfWork/newApi/sourceCode/new-api/model/channel_model_health.go:668
[0m[33m[0.000ms] [34;1m[rows:11][0m SELECT channel_model_health.*, channels.name AS channel_name, channels.status AS channel_status FROM `channel_model_health` JOIN abilities ON abilities.channel_id = channel_model_health.channel_id AND abilities.`group` = channel_model_health.`group` AND abilities.model = channel_model_health.model JOIN channels ON channels.id = channel_model_health.channel_id

2026/08/15 00:12:26 [32mE:/selfWork/newApi/sourceCode/new-api/model/channel_model_health.go:687
[0m[33m[0.000ms] [34;1m[rows:18][0m SELECT abilities.channel_id, abilities.`group` AS ability_group, abilities.model, channels.name AS channel_name, channels.status AS channel_status FROM `abilities` JOIN channels ON channels.id = abilities.channel_id WHERE abilities.enabled = true

2026/08/15 00:12:26 [32mE:/selfWork/newApi/sourceCode/new-api/model/channel_model_manual_disable.go:133
[0m[33m[0.000ms] [34;1m[rows:0][0m SELECT channel_id, model, reason, operator_id, operator_name, created_at FROM `channel_model_manual_disables` WHERE active = true

2026/08/15 00:12:26 [32mE:/selfWork/newApi/sourceCode/new-api/model/channel_model_health.go:342
[0m[33m[0.000ms] [34;1m[rows:0][0m 
SELECT l.channel_id, l.model_name, l.`group` AS request_group, l.username, l.token_name, l.created_at, l.id, l.request_id
FROM logs AS l
INNER JOIN (
	SELECT channel_id AS latest_channel_id, model_name AS latest_model_name, `group` AS latest_group,
		MAX(created_at) AS latest_created_at
	FROM logs
	WHERE type IN (2, 5) AND ((channel_id = 29 AND model_name = 'gpt-5.6-sol' AND `group` = 'default') OR (channel_id = 29 AND model_name = 'gpt-5.6-luna' AND `group` = 'default') OR (channel_id = 29 AND model_name = 'gpt-5.4-mini' AND `group` = 'default') OR (channel_id = 29 AND model_name = 'gpt-5.4' AND `group` = 'default') OR (channel_id = 29 AND model_name = 'gpt-5.6-terra' AND `group` = 'default'))
	GROUP BY channel_id, model_name, `group`
) AS latest_requests
	ON l.channel_id = latest_requests.latest_channel_id
	AND l.model_name = latest_requests.latest_model_name
	AND l.`group` = latest_requests.latest_group
	AND l.created_at = latest_requests.latest_created_at
WHERE l.type IN (2, 5)
ORDER BY l.created_at DESC, l.id DESC, l.request_id DESC
[GIN] 2026/08/15 - 00:12:26 | api | 20260814161226911777400dPZVLHgRAuC3wpW6 | 200 |      2.1095ms |             ::1 |     GET /api/channel/health/summary?channel_ids=29
[GIN] 2026/08/15 - 00:12:39 | web | 20260814161239146171100dPZVLHgR6aJ0WbJm | 200 |       625.3µs |             ::1 |     GET /
[GIN] 2026/08/15 - 00:12:39 | web | 20260814161239264801000dPZVLHgR5IXVuG1k | 200 |     49.0616ms |             ::1 |     GET /static/css/88.10e003a7e2.css
[GIN] 2026/08/15 - 00:12:39 | web | 20260814161239267014100dPZVLHgR6gbEhZeD | 200 |     52.2629ms |             ::1 |     GET /static/js/lib-react.d8042649ae.js
[GIN] 2026/08/15 - 00:12:39 | web | 20260814161239264801000dPZVLHgRRCnNNR6W | 200 |      55.011ms |             ::1 |     GET /static/js/vendor-tanstack.c89ee708a7.js
[GIN] 2026/08/15 - 00:12:39 | web | 20260814161239264801000dPZVLHgRj9jeOmRv | 200 |      55.532ms |             ::1 |     GET /static/css/index.e37ba05bcd.css
[GIN] 2026/08/15 - 00:12:39 | web | 20260814161239263740900dPZVLHgRhR3Dd3jc | 200 |     60.7134ms |             ::1 |     GET /static/js/vendor-ui-primitives.d0d9bb66ae.js
[GIN] 2026/08/15 - 00:12:39 | web | 20260814161239267566100dPZVLHgRoaTVni1i | 200 |     72.5793ms |             ::1 |     GET /static/js/88.7972bd63fd.js
[GIN] 2026/08/15 - 00:12:39 | web | 20260814161239315468300dPZVLHgRhQkLCQ4b | 200 |     124.113ms |             ::1 |     GET /static/js/index.51d511d77e.js
[GIN] 2026/08/15 - 00:12:39 | api | 20260814161239511127100dPZVLHgRTCwdkiHI | 200 |      1.0663ms |             ::1 |     GET /api/status
[GIN] 2026/08/15 - 00:12:39 | api | 20260814161239519931000dPZVLHgRMB6Da1Q7 | 200 |            0s |             ::1 |     GET /api/setup?t=1786723959517
[GIN] 2026/08/15 - 00:12:39 | web | 20260814161239522786500dPZVLHgRzPBUAiqe | 200 |       506.1µs |             ::1 |     GET /favicon.ico
[GIN] 2026/08/15 - 00:12:39 | api | 20260814161239527345100dPZVLHgRAN2z9QDp | 401 |            0s |             ::1 |    POST /api/user/auth/refresh
[GIN] 2026/08/15 - 00:12:39 | web | 20260814161239531912000dPZVLHgRxr630F98 | 200 |       554.3µs |             ::1 |     GET /static/js/async/7711.0e129155e1.js
[GIN] 2026/08/15 - 00:12:39 | web | 20260814161239531912000dPZVLHgRtM2Lo1Un | 200 |       554.3µs |             ::1 |     GET /static/js/async/9721.2ce3afa4b2.js
[GIN] 2026/08/15 - 00:12:39 | web | 20260814161239533008500dPZVLHgRWRYlwWmt | 200 |      1.7182ms |             ::1 |     GET /static/js/async/4799.99e3634a5b.js
[GIN] 2026/08/15 - 00:12:39 | web | 20260814161239532466300dPZVLHgRqOObsdRk | 200 |      2.8057ms |             ::1 |     GET /static/js/async/958.1f8e6dcc75.js
[GIN] 2026/08/15 - 00:12:39 | web | 20260814161239531404400dPZVLHgR149tnBuJ | 200 |      6.0052ms |             ::1 |     GET /static/js/async/2886.8251081141.js
[GIN] 2026/08/15 - 00:12:39 | api | 20260814161239567132100dPZVLHgRyf3pKc7t | 200 |            0s |             ::1 |     GET /api/status
[GIN] 2026/08/15 - 00:12:39 | api | 20260814161239571107100dPZVLHgRX70v7cR5 | 200 |            0s |             ::1 |     GET /api/notice
[GIN] 2026/08/15 - 00:12:39 | api | 20260814161239571107100dPZVLHgRSXQuwPX2 | 200 |            0s |             ::1 |     GET /api/home_page_content
[GIN] 2026/08/15 - 00:12:39 | api | 20260814161239571107100dPZVLHgRYKiir3mA | 200 |       510.9µs |             ::1 |     GET /api/status

2026/08/15 00:12:39 [32mE:/selfWork/newApi/sourceCode/new-api/model/system_task.go:363
[0m[33m[0.556ms] [34;1m[rows:0][0m SELECT * FROM `system_task_locks` WHERE locked_until < 1786723959

2026/08/15 00:12:39 [32mE:/selfWork/newApi/sourceCode/new-api/model/midjourney.go:113
[0m[33m[0.552ms] [34;1m[rows:0][0m SELECT `id` FROM `midjourneys` WHERE progress != '100%' LIMIT 1

2026/08/15 00:12:39 [32mE:/selfWork/newApi/sourceCode/new-api/model/task.go:333
[0m[33m[0.000ms] [34;1m[rows:0][0m SELECT `id` FROM `tasks` WHERE progress != '100%' AND status != 'FAILURE' AND status != 'SUCCESS' LIMIT 1

2026/08/15 00:12:39 [32mE:/selfWork/newApi/sourceCode/new-api/model/system_task.go:217
[0m[33m[0.548ms] [34;1m[rows:2][0m SELECT * FROM `system_tasks` WHERE id IN (SELECT MAX(id) FROM `system_tasks` WHERE type IN ('model_update','channel_test') GROUP BY `type`)

2026/08/15 00:12:39 [32mE:/selfWork/newApi/sourceCode/new-api/model/system_task.go:170
[0m[33m[0.761ms] [34;1m[rows:0][0m SELECT * FROM `system_tasks` WHERE id IN (SELECT MIN(id) FROM `system_tasks` WHERE type IN ('channel_test','channel_model_probe','model_update','midjourney_poll','async_task_poll','log_cleanup') AND status = 'pending' GROUP BY `type`)
[GIN] 2026/08/15 - 00:12:39 | web | 20260814161239584650300dPZVLHgRfzpOTIhf | 200 |       510.9µs |             ::1 |     GET /logo.png
[GIN] 2026/08/15 - 00:12:45 | web | 20260814161245258554300dPZVLHgRsQT4O9Ed | 200 |            0s |             ::1 |     GET /
[GIN] 2026/08/15 - 00:12:45 | api | 20260814161245297211600dPZVLHgRPrV9qlyG | 200 |       548.5µs |             ::1 |     GET /api/status
[GIN] 2026/08/15 - 00:12:45 | api | 20260814161245313176100dPZVLHgRFk2cArXK | 401 |            0s |             ::1 |    POST /api/user/auth/refresh
[GIN] 2026/08/15 - 00:12:45 | api | 20260814161245325981200dPZVLHgRu5Vqc6OW | 200 |            0s |             ::1 |     GET /api/status
[GIN] 2026/08/15 - 00:12:45 | api | 20260814161245328194600dPZVLHgRI0sPNOxl | 200 |            0s |             ::1 |     GET /api/status
[GIN] 2026/08/15 - 00:12:45 | api | 20260814161245328194600dPZVLHgRNXxh0DXr | 200 |            0s |             ::1 |     GET /api/notice
[GIN] 2026/08/15 - 00:12:45 | api | 20260814161245328194600dPZVLHgRausNQQNy | 200 |       519.1µs |             ::1 |     GET /api/home_page_content
[GIN] 2026/08/15 - 00:12:46 | web | 20260814161246696913600dPZVLHgRzMttZPSx | 200 |            0s |             ::1 |     GET /
[GIN] 2026/08/15 - 00:12:46 | api | 20260814161246724271200dPZVLHgRXGmbXbjR | 200 |            0s |             ::1 |     GET /api/status
[GIN] 2026/08/15 - 00:12:46 | api | 20260814161246728398000dPZVLHgR00ddWbUi | 401 |            0s |             ::1 |    POST /api/user/auth/refresh
[GIN] 2026/08/15 - 00:12:46 | api | 20260814161246740925400dPZVLHgReK1rkWzW | 200 |            0s |             ::1 |     GET /api/status
[GIN] 2026/08/15 - 00:12:46 | api | 20260814161246743383100dPZVLHgRjsnc78tL | 200 |            0s |             ::1 |     GET /api/notice
[GIN] 2026/08/15 - 00:12:46 | api | 20260814161246743383100dPZVLHgRAP9oGfya | 200 |            0s |             ::1 |     GET /api/status
[GIN] 2026/08/15 - 00:12:46 | api | 20260814161246743383100dPZVLHgRkyNbXslo | 200 |            0s |             ::1 |     GET /api/home_page_content
[GIN] 2026/08/15 - 00:12:49 | web | 20260814161249990716800dPZVLHgR23ccE9Nj | 200 |            0s |             ::1 |     GET /static/js/async/9884.192c970a37.js
[GIN] 2026/08/15 - 00:12:49 | web | 20260814161249990716800dPZVLHgRFCFrepM3 | 200 |            0s |             ::1 |     GET /static/js/async/1226.2e2827158c.js
[GIN] 2026/08/15 - 00:12:49 | web | 20260814161249990716800dPZVLHgRMxiBYSTr | 200 |            0s |             ::1 |     GET /static/js/async/2552.6627e589ff.js

2026/08/15 00:12:54 [32mE:/selfWork/newApi/sourceCode/new-api/model/system_task.go:170
[0m[33m[0.552ms] [34;1m[rows:0][0m SELECT * FROM `system_tasks` WHERE id IN (SELECT MIN(id) FROM `system_tasks` WHERE type IN ('log_cleanup','channel_test','channel_model_probe','model_update','midjourney_poll','async_task_poll') AND status = 'pending' GROUP BY `type`)

2026/08/15 00:12:54 [32mE:/selfWork/newApi/sourceCode/new-api/model/system_instance.go:69
[0m[33m[1.116ms] [34;1m[rows:2][0m INSERT INTO `system_instances` (`node_name`,`info`,`started_at`,`last_seen_at`,`created_at`,`updated_at`) VALUES ('PC-20260521RLZQ','{"schema_version":1,"node":{"name":"PC-20260521RLZQ","source":"hostname","manually_configured":false,"should_configure_manually":true},"role":{"is_master":true},"runtime":{"version":"v0.0.0","goos":"windows","goarch":"amd64","started_at":1786723884},"host":{"hostname":"PC-20260521RLZQ"},"resources":{"cpu":{"usage_percent":0},"memory":{"usage_percent":0},"storage":{"total_bytes":370724040704,"used_bytes":157066223616,"free_bytes":213657817088,"used_percent":42.367423304335304}}}',1786723884,1786723974,1786723974,1786723974) ON DUPLICATE KEY UPDATE `info`=VALUES(`info`),`started_at`=VALUES(`started_at`),`last_seen_at`=VALUES(`last_seen_at`),`updated_at`=VALUES(`updated_at`)

2026/08/15 00:13:04 [32mE:/selfWork/newApi/sourceCode/new-api/model/user.go:944
[0m[33m[0.689ms] [34;1m[rows:1][0m SELECT * FROM `users` WHERE (username = 'admin' OR email = 'admin') AND `users`.`deleted_at` IS NULL ORDER BY `users`.`id` LIMIT 1
[GIN] 2026/08/15 - 00:13:04 | api | 20260814161304724660600dPZVLHgRzrGbX3cu | 200 |     39.2967ms |             ::1 |    POST /api/user/login?turnstile=

2026/08/15 00:13:09 [32mE:/selfWork/newApi/sourceCode/new-api/model/midjourney.go:113
[0m[33m[0.000ms] [34;1m[rows:0][0m SELECT `id` FROM `midjourneys` WHERE progress != '100%' LIMIT 1

2026/08/15 00:13:09 [32mE:/selfWork/newApi/sourceCode/new-api/model/task.go:333
[0m[33m[0.000ms] [34;1m[rows:0][0m SELECT `id` FROM `tasks` WHERE progress != '100%' AND status != 'FAILURE' AND status != 'SUCCESS' LIMIT 1

2026/08/15 00:13:09 [32mE:/selfWork/newApi/sourceCode/new-api/model/system_task.go:217
[0m[33m[0.949ms] [34;1m[rows:2][0m SELECT * FROM `system_tasks` WHERE id IN (SELECT MAX(id) FROM `system_tasks` WHERE type IN ('channel_test','model_update') GROUP BY `type`)

2026/08/15 00:13:09 [32mE:/selfWork/newApi/sourceCode/new-api/model/system_task.go:170
[0m[33m[0.000ms] [34;1m[rows:0][0m SELECT * FROM `system_tasks` WHERE id IN (SELECT MIN(id) FROM `system_tasks` WHERE type IN ('midjourney_poll','async_task_poll','log_cleanup','channel_test','channel_model_probe','model_update') AND status = 'pending' GROUP BY `type`)

2026/08/15 00:13:15 [32mE:/selfWork/newApi/sourceCode/new-api/model/user.go:944
[0m[33m[0.597ms] [34;1m[rows:1][0m SELECT * FROM `users` WHERE (username = 'admin' OR email = 'admin') AND `users`.`deleted_at` IS NULL ORDER BY `users`.`id` LIMIT 1

2026/08/15 00:13:15 [32mE:/selfWork/newApi/sourceCode/new-api/model/twofa.go:45
[0m[33m[0.000ms] [34;1m[rows:0][0m SELECT * FROM `two_fas` WHERE user_id = 1 AND `two_fas`.`deleted_at` IS NULL ORDER BY `two_fas`.`id` LIMIT 1

2026/08/15 00:13:15 [32mE:/selfWork/newApi/sourceCode/new-api/model/user.go:462
[0m[33m[0.000ms] [34;1m[rows:1][0m SELECT `users`.`id`,`users`.`username`,`users`.`display_name`,`users`.`role`,`users`.`status`,`users`.`email`,`users`.`github_id`,`users`.`discord_id`,`users`.`oidc_id`,`users`.`wechat_id`,`users`.`telegram_id`,`users`.`quota`,`users`.`used_quota`,`users`.`request_count`,`users`.`group`,`users`.`aff_code`,`users`.`aff_count`,`users`.`aff_quota`,`users`.`aff_history`,`users`.`inviter_id`,`users`.`deleted_at`,`users`.`linux_do_id`,`users`.`setting`,`users`.`remark`,`users`.`stripe_customer`,`users`.`created_at`,`users`.`last_login_at`,`users`.`auth_version` FROM `users` WHERE id = 1 AND `users`.`deleted_at` IS NULL AND `users`.`id` = 1 ORDER BY `users`.`id` LIMIT 1

2026/08/15 00:13:15 [32mE:/selfWork/newApi/sourceCode/new-api/model/user.go:462
[0m[33m[0.000ms] [34;1m[rows:1][0m SELECT `users`.`id`,`users`.`username`,`users`.`display_name`,`users`.`role`,`users`.`status`,`users`.`email`,`users`.`github_id`,`users`.`discord_id`,`users`.`oidc_id`,`users`.`wechat_id`,`users`.`telegram_id`,`users`.`quota`,`users`.`used_quota`,`users`.`request_count`,`users`.`group`,`users`.`aff_code`,`users`.`aff_count`,`users`.`aff_quota`,`users`.`aff_history`,`users`.`inviter_id`,`users`.`deleted_at`,`users`.`linux_do_id`,`users`.`setting`,`users`.`remark`,`users`.`stripe_customer`,`users`.`created_at`,`users`.`last_login_at`,`users`.`auth_version` FROM `users` WHERE id = 1 AND `users`.`deleted_at` IS NULL AND `users`.`id` = 1 ORDER BY `users`.`id` LIMIT 1

2026/08/15 00:13:15 [32mE:/selfWork/newApi/sourceCode/new-api/model/user_session.go:179
[0m[33m[1.504ms] [34;1m[rows:1][0m SELECT count(*) FROM `user_sessions` WHERE user_id = 1 AND status = 'active' AND expires_at > 1786723995

2026/08/15 00:13:15 [32mE:/selfWork/newApi/sourceCode/new-api/model/user_session.go:194
[0m[33m[0.000ms] [34;1m[rows:1][0m SELECT count(*) FROM `user_sessions` WHERE created_at > 1786637595 AND user_id = 1

2026/08/15 00:13:15 [32mE:/selfWork/newApi/sourceCode/new-api/model/user_session.go:154
[0m[33m[1.993ms] [34;1m[rows:1][0m INSERT INTO `user_sessions` (`sid`,`user_id`,`version`,`user_auth_version`,`status`,`refresh_hash`,`previous_refresh_hash`,`previous_valid_until`,`login_method`,`ip`,`user_agent`,`created_at`,`last_active_at`,`expires_at`,`revoked_at`,`revoked_reason`) VALUES ('c148f1b2-bc97-4413-86b8-fd43b0bc88bd',1,1,1,'active','14a24b3da11841ec5b6630fdb276e32a29f59644c511fcbca2bdcefee32f2cc1','',0,'password','::1','Mozilla/5.0 (Windows NT 10.0; Win64; x64) AppleWebKit/537.36 (KHTML, like Gecko) Chrome/151.0.0.0 Safari/537.36 Edg/151.0.0.0',1786723995,1786723995,1789315995,0,'')

2026/08/15 00:13:15 [32mE:/selfWork/newApi/sourceCode/new-api/model/user.go:1304
[0m[33m[0.000ms] [34;1m[rows:1][0m UPDATE `users` SET `last_login_at`=1786723995 WHERE id = 1 AND `users`.`deleted_at` IS NULL

2026/08/15 00:13:15 [32mE:/selfWork/newApi/sourceCode/new-api/model/user_session.go:203
[0m[33m[0.000ms] [34;1m[rows:1][0m SELECT * FROM `user_sessions` WHERE sid = 'c148f1b2-bc97-4413-86b8-fd43b0bc88bd' ORDER BY `user_sessions`.`sid` LIMIT 1

2026/08/15 00:13:15 [32mE:/selfWork/newApi/sourceCode/new-api/model/log.go:103
[0m[33m[1.953ms] [34;1m[rows:1][0m INSERT INTO `logs` (`user_id`,`created_at`,`type`,`content`,`username`,`token_name`,`model_name`,`quota`,`prompt_tokens`,`completion_tokens`,`use_time`,`is_stream`,`channel_id`,`token_id`,`group`,`ip`,`request_id`,`upstream_request_id`,`other`) VALUES (1,1786723995,7,'Logged in successfully via password','admin','','',0,0,0,0,false,0,0,'','::1','20260814161315106000200dPZVLHgRrTITJKtQ','','{"login_method":"password","op":{"action":"login","params":{"method":"password"}},"user_agent":"Mozilla/5.0 (Windows NT 10.0; Win64; x64) AppleWebKit/537.36 (KHTML, like Gecko) Chrome/151.0.0.0 Safari/537.36 Edg/151.0.0.0"}')
[GIN] 2026/08/15 - 00:13:15 | api | 20260814161315062035800dPZVLHgRYzDHTlf6 | 200 |     45.9172ms |             ::1 |    POST /api/user/login?turnstile=
[GIN] 2026/08/15 - 00:13:15 | web | 20260814161315112955100dPZVLHgRkfvrILaP | 200 |            0s |             ::1 |     GET /static/js/async/2985.0d0707c7de.js
[GIN] 2026/08/15 - 00:13:15 | api | 20260814161315112955100dPZVLHgRnfOFtjwT | 200 |            0s |             ::1 |     GET /api/status
[GIN] 2026/08/15 - 00:13:15 | web | 20260814161315112955100dPZVLHgRzg30ePmV | 200 |      1.8423ms |             ::1 |     GET /static/js/async/796.47fa6f549e.js
[GIN] 2026/08/15 - 00:13:15 | api | 20260814161315146833000dPZVLHgRfiA78m3R | 200 |            0s |             ::1 |     GET /api/notice

2026/08/15 00:13:15 [32mE:/selfWork/newApi/sourceCode/new-api/model/user_session.go:203
[0m[33m[0.000ms] [34;1m[rows:1][0m SELECT * FROM `user_sessions` WHERE sid = 'c148f1b2-bc97-4413-86b8-fd43b0bc88bd' ORDER BY `user_sessions`.`sid` LIMIT 1

2026/08/15 00:13:15 [32mE:/selfWork/newApi/sourceCode/new-api/model/user.go:462
[0m[33m[0.000ms] [34;1m[rows:1][0m SELECT `users`.`id`,`users`.`username`,`users`.`display_name`,`users`.`role`,`users`.`status`,`users`.`email`,`users`.`github_id`,`users`.`discord_id`,`users`.`oidc_id`,`users`.`wechat_id`,`users`.`telegram_id`,`users`.`quota`,`users`.`used_quota`,`users`.`request_count`,`users`.`group`,`users`.`aff_code`,`users`.`aff_count`,`users`.`aff_quota`,`users`.`aff_history`,`users`.`inviter_id`,`users`.`deleted_at`,`users`.`linux_do_id`,`users`.`setting`,`users`.`remark`,`users`.`stripe_customer`,`users`.`created_at`,`users`.`last_login_at`,`users`.`auth_version` FROM `users` WHERE id = 1 AND `users`.`deleted_at` IS NULL AND `users`.`id` = 1 ORDER BY `users`.`id` LIMIT 1

2026/08/15 00:13:15 [32mE:/selfWork/newApi/sourceCode/new-api/model/user_session.go:203
[0m[33m[0.534ms] [34;1m[rows:1][0m SELECT * FROM `user_sessions` WHERE sid = 'c148f1b2-bc97-4413-86b8-fd43b0bc88bd' ORDER BY `user_sessions`.`sid` LIMIT 1
[GIN] 2026/08/15 - 00:13:15 | api | 20260814161315147336500dPZVLHgR1mnBGFIh | 200 |       533.8µs |             ::1 |     GET /api/uptime/status

2026/08/15 00:13:15 [32mE:/selfWork/newApi/sourceCode/new-api/model/user.go:462
[0m[33m[0.000ms] [34;1m[rows:1][0m SELECT `users`.`id`,`users`.`username`,`users`.`display_name`,`users`.`role`,`users`.`status`,`users`.`email`,`users`.`github_id`,`users`.`discord_id`,`users`.`oidc_id`,`users`.`wechat_id`,`users`.`telegram_id`,`users`.`quota`,`users`.`used_quota`,`users`.`request_count`,`users`.`group`,`users`.`aff_code`,`users`.`aff_count`,`users`.`aff_quota`,`users`.`aff_history`,`users`.`inviter_id`,`users`.`deleted_at`,`users`.`linux_do_id`,`users`.`setting`,`users`.`remark`,`users`.`stripe_customer`,`users`.`created_at`,`users`.`last_login_at`,`users`.`auth_version` FROM `users` WHERE id = 1 AND `users`.`deleted_at` IS NULL AND `users`.`id` = 1 ORDER BY `users`.`id` LIMIT 1

2026/08/15 00:13:15 [32mE:/selfWork/newApi/sourceCode/new-api/model/perf_metric.go:114
[0m[33m[0.528ms] [34;1m[rows:0][0m SELECT model_name, bucket_ts, SUM(request_count) as request_count, SUM(success_count) as success_count, SUM(total_latency_ms) as total_latency_ms, SUM(output_tokens) as output_tokens, SUM(generation_ms) as generation_ms FROM `perf_metrics` WHERE (bucket_ts >= 1786637595 AND bucket_ts <= 1786723995) AND `group` IN ('vip','freemodel','openai945','birdsun','aibz','default','mustools','auto','aicode0.3','jucode','aicode0.07','sakura','svip','auto') GROUP BY model_name, bucket_ts HAVING SUM(request_count) > 0 ORDER BY bucket_ts ASC
[GIN] 2026/08/15 - 00:13:15 | api | 20260814161315147336500dPZVLHgR4xI3D4Y3 | 200 |      1.5962ms |             ::1 |     GET /api/perf-metrics/summary?hours=24

2026/08/15 00:13:15 [32mE:/selfWork/newApi/sourceCode/new-api/model/usedata.go:159
[0m[33m[2.161ms] [34;1m[rows:0][0m SELECT user_id, username, model_name, created_at, sum(count) as count, sum(quota) as quota, sum(token_used) as token_used FROM `quota_data` WHERE user_id = 1 and created_at >= 1786641195 and created_at <= 1786727595 GROUP BY user_id, username, model_name, created_at
[GIN] 2026/08/15 - 00:13:15 | api | 20260814161315146833000dPZVLHgR7zoOubRv | 200 |      2.6646ms |             ::1 |     GET /api/data/self?start_timestamp=1786641195&end_timestamp=1786727595&default_time=hour

2026/08/15 00:13:15 [32mE:/selfWork/newApi/sourceCode/new-api/model/user_session.go:203
[0m[33m[5.426ms] [34;1m[rows:1][0m SELECT * FROM `user_sessions` WHERE sid = 'c148f1b2-bc97-4413-86b8-fd43b0bc88bd' ORDER BY `user_sessions`.`sid` LIMIT 1

2026/08/15 00:13:15 [32mE:/selfWork/newApi/sourceCode/new-api/model/user_session.go:203
[0m[33m[5.954ms] [34;1m[rows:1][0m SELECT * FROM `user_sessions` WHERE sid = 'c148f1b2-bc97-4413-86b8-fd43b0bc88bd' ORDER BY `user_sessions`.`sid` LIMIT 1

2026/08/15 00:13:15 [32mE:/selfWork/newApi/sourceCode/new-api/model/user.go:462
[0m[33m[0.530ms] [34;1m[rows:1][0m SELECT `users`.`id`,`users`.`username`,`users`.`display_name`,`users`.`role`,`users`.`status`,`users`.`email`,`users`.`github_id`,`users`.`discord_id`,`users`.`oidc_id`,`users`.`wechat_id`,`users`.`telegram_id`,`users`.`quota`,`users`.`used_quota`,`users`.`request_count`,`users`.`group`,`users`.`aff_code`,`users`.`aff_count`,`users`.`aff_quota`,`users`.`aff_history`,`users`.`inviter_id`,`users`.`deleted_at`,`users`.`linux_do_id`,`users`.`setting`,`users`.`remark`,`users`.`stripe_customer`,`users`.`created_at`,`users`.`last_login_at`,`users`.`auth_version` FROM `users` WHERE id = 1 AND `users`.`deleted_at` IS NULL AND `users`.`id` = 1 ORDER BY `users`.`id` LIMIT 1

2026/08/15 00:13:15 [32mE:/selfWork/newApi/sourceCode/new-api/model/user.go:462
[0m[33m[1.050ms] [34;1m[rows:1][0m SELECT `users`.`id`,`users`.`username`,`users`.`display_name`,`users`.`role`,`users`.`status`,`users`.`email`,`users`.`github_id`,`users`.`discord_id`,`users`.`oidc_id`,`users`.`wechat_id`,`users`.`telegram_id`,`users`.`quota`,`users`.`used_quota`,`users`.`request_count`,`users`.`group`,`users`.`aff_code`,`users`.`aff_count`,`users`.`aff_quota`,`users`.`aff_history`,`users`.`inviter_id`,`users`.`deleted_at`,`users`.`linux_do_id`,`users`.`setting`,`users`.`remark`,`users`.`stripe_customer`,`users`.`created_at`,`users`.`last_login_at`,`users`.`auth_version` FROM `users` WHERE id = 1 AND `users`.`deleted_at` IS NULL AND `users`.`id` = 1 ORDER BY `users`.`id` LIMIT 1

2026/08/15 00:13:15 [32mE:/selfWork/newApi/sourceCode/new-api/model/user.go:462
[0m[33m[0.000ms] [34;1m[rows:1][0m SELECT `users`.`id`,`users`.`username`,`users`.`display_name`,`users`.`role`,`users`.`status`,`users`.`email`,`users`.`github_id`,`users`.`discord_id`,`users`.`oidc_id`,`users`.`wechat_id`,`users`.`telegram_id`,`users`.`quota`,`users`.`used_quota`,`users`.`request_count`,`users`.`group`,`users`.`aff_code`,`users`.`aff_count`,`users`.`aff_quota`,`users`.`aff_history`,`users`.`inviter_id`,`users`.`deleted_at`,`users`.`linux_do_id`,`users`.`setting`,`users`.`remark`,`users`.`stripe_customer`,`users`.`created_at`,`users`.`last_login_at`,`users`.`auth_version` FROM `users` WHERE id = 1 AND `users`.`deleted_at` IS NULL AND `users`.`id` = 1 ORDER BY `users`.`id` LIMIT 1

2026/08/15 00:13:15 [32mE:/selfWork/newApi/sourceCode/new-api/model/token.go:109
[0m[33m[1.062ms] [34;1m[rows:3][0m SELECT * FROM `tokens` WHERE user_id = 1 AND `tokens`.`deleted_at` IS NULL ORDER BY id desc LIMIT 10

2026/08/15 00:13:15 [32mE:/selfWork/newApi/sourceCode/new-api/model/token.go:468
[0m[33m[0.000ms] [34;1m[rows:1][0m SELECT count(*) FROM `tokens` WHERE user_id = 1 AND `tokens`.`deleted_at` IS NULL
[GIN] 2026/08/15 - 00:13:15 | api | 20260814161315148404800dPZVLHgRLWtfrp3p | 200 |      8.0755ms |             ::1 |     GET /api/token/?p=1&size=10

2026/08/15 00:13:15 [32mE:/selfWork/newApi/sourceCode/new-api/model/ability.go:46
[0m[33m[2.154ms] [34;1m[rows:0][0m SELECT DISTINCT model FROM `abilities` WHERE `group` = 'aicode0.07' and enabled = true

2026/08/15 00:13:15 [32mE:/selfWork/newApi/sourceCode/new-api/model/ability.go:46
[0m[33m[0.000ms] [34;1m[rows:0][0m SELECT DISTINCT model FROM `abilities` WHERE `group` = 'jucode' and enabled = true

2026/08/15 00:13:15 [32mE:/selfWork/newApi/sourceCode/new-api/model/ability.go:46
[0m[33m[0.000ms] [34;1m[rows:0][0m SELECT DISTINCT model FROM `abilities` WHERE `group` = 'mustools' and enabled = true

2026/08/15 00:13:15 [32mE:/selfWork/newApi/sourceCode/new-api/model/ability.go:46
[0m[33m[0.000ms] [34;1m[rows:0][0m SELECT DISTINCT model FROM `abilities` WHERE `group` = 'freemodel' and enabled = true

2026/08/15 00:13:15 [32mE:/selfWork/newApi/sourceCode/new-api/model/ability.go:46
[0m[33m[0.000ms] [34;1m[rows:0][0m SELECT DISTINCT model FROM `abilities` WHERE `group` = 'openai945' and enabled = true

2026/08/15 00:13:15 [32mE:/selfWork/newApi/sourceCode/new-api/model/ability.go:46
[0m[33m[0.518ms] [34;1m[rows:0][0m SELECT DISTINCT model FROM `abilities` WHERE `group` = 'birdsun' and enabled = true

2026/08/15 00:13:15 [32mE:/selfWork/newApi/sourceCode/new-api/model/ability.go:46
[0m[33m[0.000ms] [34;1m[rows:0][0m SELECT DISTINCT model FROM `abilities` WHERE `group` = 'aibz' and enabled = true

2026/08/15 00:13:15 [32mE:/selfWork/newApi/sourceCode/new-api/model/ability.go:46
[0m[33m[0.000ms] [34;1m[rows:7][0m SELECT DISTINCT model FROM `abilities` WHERE `group` = 'default' and enabled = true

2026/08/15 00:13:15 [32mE:/selfWork/newApi/sourceCode/new-api/model/ability.go:46
[0m[33m[0.000ms] [34;1m[rows:0][0m SELECT DISTINCT model FROM `abilities` WHERE `group` = 'aicode0.3' and enabled = true

2026/08/15 00:13:15 [32mE:/selfWork/newApi/sourceCode/new-api/model/ability.go:46
[0m[33m[0.000ms] [34;1m[rows:0][0m SELECT DISTINCT model FROM `abilities` WHERE `group` = 'sakura' and enabled = true

2026/08/15 00:13:15 [32mE:/selfWork/newApi/sourceCode/new-api/model/ability.go:46
[0m[33m[0.000ms] [34;1m[rows:0][0m SELECT DISTINCT model FROM `abilities` WHERE `group` = 'auto' and enabled = true
[GIN] 2026/08/15 - 00:13:15 | api | 20260814161315148932700dPZVLHgRbZHbLpew | 200 |     11.3773ms |             ::1 |     GET /api/user/models
[GIN] 2026/08/15 - 00:13:18 | web | 20260814161318816561000dPZVLHgRkWmplhcp | 200 |            0s |             ::1 |     GET /static/js/async/8041.351a225676.js
[GIN] 2026/08/15 - 00:13:18 | web | 20260814161318816561000dPZVLHgRKYItnDQV | 200 |       507.1µs |             ::1 |     GET /static/js/async/7434.777d62bb28.js
[GIN] 2026/08/15 - 00:13:18 | web | 20260814161318816561000dPZVLHgRZR72JDd3 | 200 |       507.1µs |             ::1 |     GET /static/js/async/5119.92cfd4e44e.js
[GIN] 2026/08/15 - 00:13:18 | web | 20260814161318816561000dPZVLHgRpiLPZ9r6 | 200 |      6.4661ms |             ::1 |     GET /static/js/async/5629.53efabae59.js
[GIN] 2026/08/15 - 00:13:18 | web | 20260814161318816561000dPZVLHgRaOsBXBpq | 200 |     69.2523ms |             ::1 |     GET /static/js/async/8567.6b15081bd2.js

2026/08/15 00:13:18 [32mE:/selfWork/newApi/sourceCode/new-api/model/user_session.go:203
[0m[33m[0.000ms] [34;1m[rows:1][0m SELECT * FROM `user_sessions` WHERE sid = 'c148f1b2-bc97-4413-86b8-fd43b0bc88bd' ORDER BY `user_sessions`.`sid` LIMIT 1

2026/08/15 00:13:18 [32mE:/selfWork/newApi/sourceCode/new-api/model/user_session.go:203
[0m[33m[0.508ms] [34;1m[rows:1][0m SELECT * FROM `user_sessions` WHERE sid = 'c148f1b2-bc97-4413-86b8-fd43b0bc88bd' ORDER BY `user_sessions`.`sid` LIMIT 1

2026/08/15 00:13:18 [32mE:/selfWork/newApi/sourceCode/new-api/model/user_session.go:203
[0m[33m[0.000ms] [34;1m[rows:1][0m SELECT * FROM `user_sessions` WHERE sid = 'c148f1b2-bc97-4413-86b8-fd43b0bc88bd' ORDER BY `user_sessions`.`sid` LIMIT 1

2026/08/15 00:13:18 [32mE:/selfWork/newApi/sourceCode/new-api/model/user.go:462
[0m[33m[0.000ms] [34;1m[rows:1][0m SELECT `users`.`id`,`users`.`username`,`users`.`display_name`,`users`.`role`,`users`.`status`,`users`.`email`,`users`.`github_id`,`users`.`discord_id`,`users`.`oidc_id`,`users`.`wechat_id`,`users`.`telegram_id`,`users`.`quota`,`users`.`used_quota`,`users`.`request_count`,`users`.`group`,`users`.`aff_code`,`users`.`aff_count`,`users`.`aff_quota`,`users`.`aff_history`,`users`.`inviter_id`,`users`.`deleted_at`,`users`.`linux_do_id`,`users`.`setting`,`users`.`remark`,`users`.`stripe_customer`,`users`.`created_at`,`users`.`last_login_at`,`users`.`auth_version` FROM `users` WHERE id = 1 AND `users`.`deleted_at` IS NULL AND `users`.`id` = 1 ORDER BY `users`.`id` LIMIT 1

2026/08/15 00:13:18 [32mE:/selfWork/newApi/sourceCode/new-api/model/user.go:462
[0m[33m[0.000ms] [34;1m[rows:1][0m SELECT `users`.`id`,`users`.`username`,`users`.`display_name`,`users`.`role`,`users`.`status`,`users`.`email`,`users`.`github_id`,`users`.`discord_id`,`users`.`oidc_id`,`users`.`wechat_id`,`users`.`telegram_id`,`users`.`quota`,`users`.`used_quota`,`users`.`request_count`,`users`.`group`,`users`.`aff_code`,`users`.`aff_count`,`users`.`aff_quota`,`users`.`aff_history`,`users`.`inviter_id`,`users`.`deleted_at`,`users`.`linux_do_id`,`users`.`setting`,`users`.`remark`,`users`.`stripe_customer`,`users`.`created_at`,`users`.`last_login_at`,`users`.`auth_version` FROM `users` WHERE id = 1 AND `users`.`deleted_at` IS NULL AND `users`.`id` = 1 ORDER BY `users`.`id` LIMIT 1

2026/08/15 00:13:18 [32mE:/selfWork/newApi/sourceCode/new-api/model/user.go:462
[0m[33m[0.526ms] [34;1m[rows:1][0m SELECT `users`.`id`,`users`.`username`,`users`.`display_name`,`users`.`role`,`users`.`status`,`users`.`email`,`users`.`github_id`,`users`.`discord_id`,`users`.`oidc_id`,`users`.`wechat_id`,`users`.`telegram_id`,`users`.`quota`,`users`.`used_quota`,`users`.`request_count`,`users`.`group`,`users`.`aff_code`,`users`.`aff_count`,`users`.`aff_quota`,`users`.`aff_history`,`users`.`inviter_id`,`users`.`deleted_at`,`users`.`linux_do_id`,`users`.`setting`,`users`.`remark`,`users`.`stripe_customer`,`users`.`created_at`,`users`.`last_login_at`,`users`.`auth_version` FROM `users` WHERE id = 1 AND `users`.`deleted_at` IS NULL AND `users`.`id` = 1 ORDER BY `users`.`id` LIMIT 1

2026/08/15 00:13:18 [32mE:/selfWork/newApi/sourceCode/new-api/model/user_session.go:203
[0m[33m[0.526ms] [34;1m[rows:1][0m SELECT * FROM `user_sessions` WHERE sid = 'c148f1b2-bc97-4413-86b8-fd43b0bc88bd' ORDER BY `user_sessions`.`sid` LIMIT 1
[GIN] 2026/08/15 - 00:13:18 | api | 20260814161318967784700dPZVLHgRmIYJf8I1 | 200 |      1.0339ms |             ::1 |     GET /api/group/
[GIN] 2026/08/15 - 00:13:18 | api | 20260814161318967784700dPZVLHgRs4yUXbEo | 200 |      1.5667ms |             ::1 |     GET /api/channel/models

2026/08/15 00:13:18 [32mE:/selfWork/newApi/sourceCode/new-api/model/user_session.go:203
[0m[33m[0.000ms] [34;1m[rows:1][0m SELECT * FROM `user_sessions` WHERE sid = 'c148f1b2-bc97-4413-86b8-fd43b0bc88bd' ORDER BY `user_sessions`.`sid` LIMIT 1

2026/08/15 00:13:18 [32mE:/selfWork/newApi/sourceCode/new-api/model/user_session.go:203
[0m[33m[0.000ms] [34;1m[rows:1][0m SELECT * FROM `user_sessions` WHERE sid = 'c148f1b2-bc97-4413-86b8-fd43b0bc88bd' ORDER BY `user_sessions`.`sid` LIMIT 1

2026/08/15 00:13:18 [32mE:/selfWork/newApi/sourceCode/new-api/model/user.go:462
[0m[33m[0.533ms] [34;1m[rows:1][0m SELECT `users`.`id`,`users`.`username`,`users`.`display_name`,`users`.`role`,`users`.`status`,`users`.`email`,`users`.`github_id`,`users`.`discord_id`,`users`.`oidc_id`,`users`.`wechat_id`,`users`.`telegram_id`,`users`.`quota`,`users`.`used_quota`,`users`.`request_count`,`users`.`group`,`users`.`aff_code`,`users`.`aff_count`,`users`.`aff_quota`,`users`.`aff_history`,`users`.`inviter_id`,`users`.`deleted_at`,`users`.`linux_do_id`,`users`.`setting`,`users`.`remark`,`users`.`stripe_customer`,`users`.`created_at`,`users`.`last_login_at`,`users`.`auth_version` FROM `users` WHERE id = 1 AND `users`.`deleted_at` IS NULL AND `users`.`id` = 1 ORDER BY `users`.`id` LIMIT 1

2026/08/15 00:13:18 [32mE:/selfWork/newApi/sourceCode/new-api/model/user.go:462
[0m[33m[0.529ms] [34;1m[rows:1][0m SELECT `users`.`id`,`users`.`username`,`users`.`display_name`,`users`.`role`,`users`.`status`,`users`.`email`,`users`.`github_id`,`users`.`discord_id`,`users`.`oidc_id`,`users`.`wechat_id`,`users`.`telegram_id`,`users`.`quota`,`users`.`used_quota`,`users`.`request_count`,`users`.`group`,`users`.`aff_code`,`users`.`aff_count`,`users`.`aff_quota`,`users`.`aff_history`,`users`.`inviter_id`,`users`.`deleted_at`,`users`.`linux_do_id`,`users`.`setting`,`users`.`remark`,`users`.`stripe_customer`,`users`.`created_at`,`users`.`last_login_at`,`users`.`auth_version` FROM `users` WHERE id = 1 AND `users`.`deleted_at` IS NULL AND `users`.`id` = 1 ORDER BY `users`.`id` LIMIT 1

2026/08/15 00:13:18 [32mE:/selfWork/newApi/sourceCode/new-api/model/user.go:462
[0m[33m[0.000ms] [34;1m[rows:1][0m SELECT `users`.`id`,`users`.`username`,`users`.`display_name`,`users`.`role`,`users`.`status`,`users`.`email`,`users`.`github_id`,`users`.`discord_id`,`users`.`oidc_id`,`users`.`wechat_id`,`users`.`telegram_id`,`users`.`quota`,`users`.`used_quota`,`users`.`request_count`,`users`.`group`,`users`.`aff_code`,`users`.`aff_count`,`users`.`aff_quota`,`users`.`aff_history`,`users`.`inviter_id`,`users`.`deleted_at`,`users`.`linux_do_id`,`users`.`setting`,`users`.`remark`,`users`.`stripe_customer`,`users`.`created_at`,`users`.`last_login_at`,`users`.`auth_version` FROM `users` WHERE id = 1 AND `users`.`deleted_at` IS NULL AND `users`.`id` = 1 ORDER BY `users`.`id` LIMIT 1
[GIN] 2026/08/15 - 00:13:18 | api | 20260814161318968818600dPZVLHgRuO7uGWcr | 200 |      1.0615ms |             ::1 |     GET /api/channel/ops

2026/08/15 00:13:18 [32mE:/selfWork/newApi/sourceCode/new-api/model/twofa.go:45
[0m[33m[0.000ms] [34;1m[rows:0][0m SELECT * FROM `two_fas` WHERE user_id = 1 AND `two_fas`.`deleted_at` IS NULL ORDER BY `two_fas`.`id` LIMIT 1

2026/08/15 00:13:18 [32mE:/selfWork/newApi/sourceCode/new-api/model/user.go:965
[0m[33m[0.536ms] [34;1m[rows:1][0m SELECT * FROM `users` WHERE `users`.`id` = 1 AND `users`.`deleted_at` IS NULL AND `users`.`id` = 1 ORDER BY `users`.`id` LIMIT 1
[GIN] 2026/08/15 - 00:13:18 | api | 20260814161318968292700dPZVLHgRsiNiclFY | 200 |       2.123ms |             ::1 |     GET /api/user/2fa/status

2026/08/15 00:13:18 [32mE:/selfWork/newApi/sourceCode/new-api/model/channel_activity.go:115
[0m[33m[1.597ms] [34;1m[rows:2][0m SELECT channel_id, user_id, username, token_name,
SUM(CASE WHEN created_at >= 1786723938 THEN 1 ELSE 0 END) AS logs_60s,
MAX(CASE WHEN created_at >= 1786723938 THEN created_at ELSE 0 END) AS last_60s,
SUM(CASE WHEN created_at >= 1786723698 THEN 1 ELSE 0 END) AS logs_5m,
MAX(CASE WHEN created_at >= 1786723698 THEN created_at ELSE 0 END) AS last_5m,
SUM(CASE WHEN created_at >= 1786720398 THEN 1 ELSE 0 END) AS logs_1h,
MAX(CASE WHEN created_at >= 1786720398 THEN created_at ELSE 0 END) AS last_1h,
COUNT(*) AS logs_24h,
MAX(created_at) AS last_24h FROM `logs` WHERE channel_id > 0 AND created_at >= 1786637598 AND created_at <= 1786723998 GROUP BY channel_id, user_id, username, token_name
[GIN] 2026/08/15 - 00:13:18 | api | 20260814161318967784700dPZVLHgRIq6BxVD0 | 200 |      3.2177ms |             ::1 |     GET /api/channel/activity/summary

2026/08/15 00:13:18 [32mE:/selfWork/newApi/sourceCode/new-api/model/passkey.go:129
[0m[33m[1.123ms] [34;1m[rows:0][0m SELECT * FROM `passkey_credentials` WHERE user_id = 1 AND `passkey_credentials`.`deleted_at` IS NULL ORDER BY `passkey_credentials`.`id` LIMIT 1
[GIN] 2026/08/15 - 00:13:18 | api | 20260814161318968818600dPZVLHgREUoM2SC1 | 200 |      3.2543ms |             ::1 |     GET /api/user/passkey

2026/08/15 00:13:18 [32mE:/selfWork/newApi/sourceCode/new-api/model/user_session.go:203
[0m[33m[0.000ms] [34;1m[rows:1][0m SELECT * FROM `user_sessions` WHERE sid = 'c148f1b2-bc97-4413-86b8-fd43b0bc88bd' ORDER BY `user_sessions`.`sid` LIMIT 1

2026/08/15 00:13:18 [32mE:/selfWork/newApi/sourceCode/new-api/model/user_session.go:203
[0m[33m[0.000ms] [34;1m[rows:1][0m SELECT * FROM `user_sessions` WHERE sid = 'c148f1b2-bc97-4413-86b8-fd43b0bc88bd' ORDER BY `user_sessions`.`sid` LIMIT 1

2026/08/15 00:13:18 [32mE:/selfWork/newApi/sourceCode/new-api/model/user.go:462
[0m[33m[0.000ms] [34;1m[rows:1][0m SELECT `users`.`id`,`users`.`username`,`users`.`display_name`,`users`.`role`,`users`.`status`,`users`.`email`,`users`.`github_id`,`users`.`discord_id`,`users`.`oidc_id`,`users`.`wechat_id`,`users`.`telegram_id`,`users`.`quota`,`users`.`used_quota`,`users`.`request_count`,`users`.`group`,`users`.`aff_code`,`users`.`aff_count`,`users`.`aff_quota`,`users`.`aff_history`,`users`.`inviter_id`,`users`.`deleted_at`,`users`.`linux_do_id`,`users`.`setting`,`users`.`remark`,`users`.`stripe_customer`,`users`.`created_at`,`users`.`last_login_at`,`users`.`auth_version` FROM `users` WHERE id = 1 AND `users`.`deleted_at` IS NULL AND `users`.`id` = 1 ORDER BY `users`.`id` LIMIT 1

2026/08/15 00:13:18 [32mE:/selfWork/newApi/sourceCode/new-api/model/user.go:462
[0m[33m[0.000ms] [34;1m[rows:1][0m SELECT `users`.`id`,`users`.`username`,`users`.`display_name`,`users`.`role`,`users`.`status`,`users`.`email`,`users`.`github_id`,`users`.`discord_id`,`users`.`oidc_id`,`users`.`wechat_id`,`users`.`telegram_id`,`users`.`quota`,`users`.`used_quota`,`users`.`request_count`,`users`.`group`,`users`.`aff_code`,`users`.`aff_count`,`users`.`aff_quota`,`users`.`aff_history`,`users`.`inviter_id`,`users`.`deleted_at`,`users`.`linux_do_id`,`users`.`setting`,`users`.`remark`,`users`.`stripe_customer`,`users`.`created_at`,`users`.`last_login_at`,`users`.`auth_version` FROM `users` WHERE id = 1 AND `users`.`deleted_at` IS NULL AND `users`.`id` = 1 ORDER BY `users`.`id` LIMIT 1

2026/08/15 00:13:18 [32mE:/selfWork/newApi/sourceCode/new-api/controller/channel.go:150
[0m[33m[0.565ms] [34;1m[rows:1][0m SELECT count(*) FROM `channels`

2026/08/15 00:13:18 [32mE:/selfWork/newApi/sourceCode/new-api/model/prefill_group.go:123
[0m[33m[0.000ms] [34;1m[rows:0][0m SELECT * FROM `prefill_groups` WHERE type = 'model' AND `prefill_groups`.`deleted_at` IS NULL ORDER BY updated_time DESC
[GIN] 2026/08/15 - 00:13:18 | api | 20260814161318972618600dPZVLHgRc0krsORj | 200 |       1.657ms |             ::1 |     GET /api/prefill_group/?type=model

2026/08/15 00:13:18 [32mE:/selfWork/newApi/sourceCode/new-api/controller/channel.go:160
[0m[33m[1.085ms] [34;1m[rows:20][0m SELECT `channels`.`id`,`channels`.`type`,`channels`.`open_ai_organization`,`channels`.`test_model`,`channels`.`status`,`channels`.`name`,`channels`.`weight`,`channels`.`created_time`,`channels`.`test_time`,`channels`.`response_time`,`channels`.`base_url`,`channels`.`other`,`channels`.`balance`,`channels`.`balance_updated_time`,`channels`.`models`,`channels`.`group`,`channels`.`used_quota`,`channels`.`model_mapping`,`channels`.`status_code_mapping`,`channels`.`priority`,`channels`.`auto_ban`,`channels`.`other_info`,`channels`.`tag`,`channels`.`setting`,`channels`.`param_override`,`channels`.`header_override`,`channels`.`remark`,`channels`.`channel_info`,`channels`.`settings` FROM `channels` ORDER BY `priority` DESC LIMIT 20

2026/08/15 00:13:18 [32mE:/selfWork/newApi/sourceCode/new-api/model/channel_upstream_metric.go:92
[0m[33m[0.538ms] [34;1m[rows:0][0m SELECT * FROM `channel_upstream_metrics` WHERE channel_id IN (17,16,12,2,4,11,1,13,7,8,29,27,28,3,19,20,21,22,23,24)

2026/08/15 00:13:18 [32mE:/selfWork/newApi/sourceCode/new-api/controller/channel.go:180
[0m[33m[0.000ms] [34;1m[rows:1][0m SELECT type, count(*) as count FROM `channels` GROUP BY `type`
[GIN] 2026/08/15 - 00:13:18 | api | 20260814161318972072900dPZVLHgRJVXNM6TG | 200 |      4.0893ms |             ::1 |     GET /api/channel/?tag_mode=false&id_sort=false&p=1&page_size=20

2026/08/15 00:13:19 [32mE:/selfWork/newApi/sourceCode/new-api/model/user_session.go:203
[0m[33m[0.000ms] [34;1m[rows:1][0m SELECT * FROM `user_sessions` WHERE sid = 'c148f1b2-bc97-4413-86b8-fd43b0bc88bd' ORDER BY `user_sessions`.`sid` LIMIT 1

2026/08/15 00:13:19 [32mE:/selfWork/newApi/sourceCode/new-api/model/user.go:462
[0m[33m[0.000ms] [34;1m[rows:1][0m SELECT `users`.`id`,`users`.`username`,`users`.`display_name`,`users`.`role`,`users`.`status`,`users`.`email`,`users`.`github_id`,`users`.`discord_id`,`users`.`oidc_id`,`users`.`wechat_id`,`users`.`telegram_id`,`users`.`quota`,`users`.`used_quota`,`users`.`request_count`,`users`.`group`,`users`.`aff_code`,`users`.`aff_count`,`users`.`aff_quota`,`users`.`aff_history`,`users`.`inviter_id`,`users`.`deleted_at`,`users`.`linux_do_id`,`users`.`setting`,`users`.`remark`,`users`.`stripe_customer`,`users`.`created_at`,`users`.`last_login_at`,`users`.`auth_version` FROM `users` WHERE id = 1 AND `users`.`deleted_at` IS NULL AND `users`.`id` = 1 ORDER BY `users`.`id` LIMIT 1

2026/08/15 00:13:19 [32mE:/selfWork/newApi/sourceCode/new-api/model/channel_model_health.go:668
[0m[33m[0.533ms] [34;1m[rows:11][0m SELECT channel_model_health.*, channels.name AS channel_name, channels.status AS channel_status FROM `channel_model_health` JOIN abilities ON abilities.channel_id = channel_model_health.channel_id AND abilities.`group` = channel_model_health.`group` AND abilities.model = channel_model_health.model JOIN channels ON channels.id = channel_model_health.channel_id

2026/08/15 00:13:19 [32mE:/selfWork/newApi/sourceCode/new-api/model/channel_model_health.go:687
[0m[33m[0.520ms] [34;1m[rows:18][0m SELECT abilities.channel_id, abilities.`group` AS ability_group, abilities.model, channels.name AS channel_name, channels.status AS channel_status FROM `abilities` JOIN channels ON channels.id = abilities.channel_id WHERE abilities.enabled = true

2026/08/15 00:13:19 [32mE:/selfWork/newApi/sourceCode/new-api/model/channel_model_manual_disable.go:133
[0m[33m[0.539ms] [34;1m[rows:0][0m SELECT channel_id, model, reason, operator_id, operator_name, created_at FROM `channel_model_manual_disables` WHERE active = true

2026/08/15 00:13:19 [32mE:/selfWork/newApi/sourceCode/new-api/model/channel_model_health.go:342
[0m[33m[1.921ms] [34;1m[rows:2][0m 
SELECT l.channel_id, l.model_name, l.`group` AS request_group, l.username, l.token_name, l.created_at, l.id, l.request_id
FROM logs AS l
INNER JOIN (
	SELECT channel_id AS latest_channel_id, model_name AS latest_model_name, `group` AS latest_group,
		MAX(created_at) AS latest_created_at
	FROM logs
	WHERE type IN (2, 5) AND ((channel_id = 27 AND model_name = 'gpt-5.6-luna' AND `group` = 'default') OR (channel_id = 27 AND model_name = 'gpt-5.5' AND `group` = 'default') OR (channel_id = 27 AND model_name = 'gpt-5.4-mini' AND `group` = 'default') OR (channel_id = 29 AND model_name = 'gpt-5.6-sol' AND `group` = 'default') OR (channel_id = 29 AND model_name = 'gpt-5.6-luna' AND `group` = 'default') OR (channel_id = 29 AND model_name = 'gpt-5.4-mini' AND `group` = 'default') OR (channel_id = 29 AND model_name = 'gpt-5.4' AND `group` = 'default') OR (channel_id = 29 AND model_name = 'gpt-5.6-terra' AND `group` = 'default'))
	GROUP BY channel_id, model_name, `group`
) AS latest_requests
	ON l.channel_id = latest_requests.latest_channel_id
	AND l.model_name = latest_requests.latest_model_name
	AND l.`group` = latest_requests.latest_group
	AND l.created_at = latest_requests.latest_created_at
WHERE l.type IN (2, 5)
ORDER BY l.created_at DESC, l.id DESC, l.request_id DESC
[GIN] 2026/08/15 - 00:13:19 | api | 20260814161319045783800dPZVLHgRxf4zI2yL | 200 |      4.0197ms |             ::1 |     GET /api/channel/health/summary?channel_ids=17,16,12,2,4,11,1,13,7,8,29,27,28,3,19,20,21,22,23,24

2026/08/15 00:13:23 [32mE:/selfWork/newApi/sourceCode/new-api/model/user_session.go:203
[0m[33m[0.000ms] [34;1m[rows:1][0m SELECT * FROM `user_sessions` WHERE sid = 'c148f1b2-bc97-4413-86b8-fd43b0bc88bd' ORDER BY `user_sessions`.`sid` LIMIT 1

2026/08/15 00:13:23 [32mE:/selfWork/newApi/sourceCode/new-api/model/user.go:462
[0m[33m[0.000ms] [34;1m[rows:1][0m SELECT `users`.`id`,`users`.`username`,`users`.`display_name`,`users`.`role`,`users`.`status`,`users`.`email`,`users`.`github_id`,`users`.`discord_id`,`users`.`oidc_id`,`users`.`wechat_id`,`users`.`telegram_id`,`users`.`quota`,`users`.`used_quota`,`users`.`request_count`,`users`.`group`,`users`.`aff_code`,`users`.`aff_count`,`users`.`aff_quota`,`users`.`aff_history`,`users`.`inviter_id`,`users`.`deleted_at`,`users`.`linux_do_id`,`users`.`setting`,`users`.`remark`,`users`.`stripe_customer`,`users`.`created_at`,`users`.`last_login_at`,`users`.`auth_version` FROM `users` WHERE id = 1 AND `users`.`deleted_at` IS NULL AND `users`.`id` = 1 ORDER BY `users`.`id` LIMIT 1

2026/08/15 00:13:23 [32mE:/selfWork/newApi/sourceCode/new-api/model/channel_activity.go:115
[0m[33m[0.536ms] [34;1m[rows:2][0m SELECT channel_id, user_id, username, token_name,
SUM(CASE WHEN created_at >= 1786723943 THEN 1 ELSE 0 END) AS logs_60s,
MAX(CASE WHEN created_at >= 1786723943 THEN created_at ELSE 0 END) AS last_60s,
SUM(CASE WHEN created_at >= 1786723703 THEN 1 ELSE 0 END) AS logs_5m,
MAX(CASE WHEN created_at >= 1786723703 THEN created_at ELSE 0 END) AS last_5m,
SUM(CASE WHEN created_at >= 1786720403 THEN 1 ELSE 0 END) AS logs_1h,
MAX(CASE WHEN created_at >= 1786720403 THEN created_at ELSE 0 END) AS last_1h,
COUNT(*) AS logs_24h,
MAX(created_at) AS last_24h FROM `logs` WHERE channel_id > 0 AND created_at >= 1786637603 AND created_at <= 1786724003 GROUP BY channel_id, user_id, username, token_name
[GIN] 2026/08/15 - 00:13:23 | api | 20260814161323976156200dPZVLHgRMNTbD5CC | 200 |       1.203ms |             ::1 |     GET /api/channel/activity/summary
[SYS] 2026/08/15 - 00:13:24 | syncing channels from database 

2026/08/15 00:13:24 [32mE:/selfWork/newApi/sourceCode/new-api/model/channel_cache.go:34
[0m[33m[0.523ms] [34;1m[rows:22][0m SELECT * FROM `channels`

2026/08/15 00:13:24 [32mE:/selfWork/newApi/sourceCode/new-api/model/channel_cache.go:44
[0m[33m[0.528ms] [34;1m[rows:126][0m SELECT * FROM `abilities`

2026/08/15 00:13:24 [32mE:/selfWork/newApi/sourceCode/new-api/model/channel_model_health.go:384
[0m[33m[0.000ms] [34;1m[rows:11][0m SELECT * FROM `channel_model_health`

2026/08/15 00:13:24 [32mE:/selfWork/newApi/sourceCode/new-api/model/channel_model_manual_disable.go:61
[0m[33m[0.540ms] [34;1m[rows:0][0m SELECT * FROM `channel_model_manual_disables` WHERE active = true
[SYS] 2026/08/15 - 00:13:24 | channels synced from database 

2026/08/15 00:13:24 [32mE:/selfWork/newApi/sourceCode/new-api/model/db_time.go:16
[0m[33m[0.000ms] [34;1m[rows:1][0m SELECT UNIX_TIMESTAMP()

2026/08/15 00:13:24 [32mE:/selfWork/newApi/sourceCode/new-api/service/authz/adapter.go:23
[0m[33m[0.755ms] [34;1m[rows:3][0m SELECT * FROM `casbin_rule` ORDER BY id asc

2026/08/15 00:13:24 [32mE:/selfWork/newApi/sourceCode/new-api/model/system_task.go:363
[0m[33m[0.000ms] [34;1m[rows:0][0m SELECT * FROM `system_task_locks` WHERE locked_until < 1786724004

2026/08/15 00:13:24 [32mE:/selfWork/newApi/sourceCode/new-api/model/subscription.go:1139
[0m[33m[0.755ms] [34;1m[rows:0][0m SELECT * FROM `user_subscriptions` WHERE status = 'active' AND end_time > 0 AND end_time <= 1786724004 ORDER BY end_time asc, id asc LIMIT 300

2026/08/15 00:13:24 [32mE:/selfWork/newApi/sourceCode/new-api/model/midjourney.go:113
[0m[33m[0.000ms] [34;1m[rows:0][0m SELECT `id` FROM `midjourneys` WHERE progress != '100%' LIMIT 1

2026/08/15 00:13:24 [32mE:/selfWork/newApi/sourceCode/new-api/model/system_instance.go:69
[0m[33m[0.000ms] [34;1m[rows:2][0m INSERT INTO `system_instances` (`node_name`,`info`,`started_at`,`last_seen_at`,`created_at`,`updated_at`) VALUES ('PC-20260521RLZQ','{"schema_version":1,"node":{"name":"PC-20260521RLZQ","source":"hostname","manually_configured":false,"should_configure_manually":true},"role":{"is_master":true},"runtime":{"version":"v0.0.0","goos":"windows","goarch":"amd64","started_at":1786723884},"host":{"hostname":"PC-20260521RLZQ"},"resources":{"cpu":{"usage_percent":0},"memory":{"usage_percent":0},"storage":{"total_bytes":370724040704,"used_bytes":157070114816,"free_bytes":213653925888,"used_percent":42.36847292604114}}}',1786723884,1786724004,1786724004,1786724004) ON DUPLICATE KEY UPDATE `info`=VALUES(`info`),`started_at`=VALUES(`started_at`),`last_seen_at`=VALUES(`last_seen_at`),`updated_at`=VALUES(`updated_at`)

2026/08/15 00:13:24 [32mE:/selfWork/newApi/sourceCode/new-api/model/db_time.go:16
[0m[33m[0.000ms] [34;1m[rows:1][0m SELECT UNIX_TIMESTAMP()

2026/08/15 00:13:24 [32mE:/selfWork/newApi/sourceCode/new-api/model/task.go:333
[0m[33m[0.000ms] [34;1m[rows:0][0m SELECT `id` FROM `tasks` WHERE progress != '100%' AND status != 'FAILURE' AND status != 'SUCCESS' LIMIT 1

2026/08/15 00:13:24 [32mE:/selfWork/newApi/sourceCode/new-api/model/subscription.go:1427
[0m[33m[0.000ms] [34;1m[rows:0][0m SELECT * FROM `user_subscriptions` WHERE next_reset_time > 0 AND next_reset_time <= 1786724004 AND status = 'active' ORDER BY next_reset_time asc LIMIT 300

2026/08/15 00:13:24 [32mE:/selfWork/newApi/sourceCode/new-api/model/system_task.go:217
[0m[33m[0.569ms] [34;1m[rows:2][0m SELECT * FROM `system_tasks` WHERE id IN (SELECT MAX(id) FROM `system_tasks` WHERE type IN ('model_update','channel_test') GROUP BY `type`)

2026/08/15 00:13:24 [32mE:/selfWork/newApi/sourceCode/new-api/model/system_task.go:170
[0m[33m[0.540ms] [34;1m[rows:0][0m SELECT * FROM `system_tasks` WHERE id IN (SELECT MIN(id) FROM `system_tasks` WHERE type IN ('log_cleanup','channel_test','channel_model_probe','model_update','midjourney_poll','async_task_poll') AND status = 'pending' GROUP BY `type`)
[SYS] 2026/08/15 - 00:13:24 | syncing options from database 

2026/08/15 00:13:24 [32mE:/selfWork/newApi/sourceCode/new-api/model/option.go:26
[0m[33m[0.000ms] [34;1m[rows:40][0m SELECT * FROM `options`

2026/08/15 00:13:27 [32mE:/selfWork/newApi/sourceCode/new-api/model/user_session.go:203
[0m[33m[0.507ms] [34;1m[rows:1][0m SELECT * FROM `user_sessions` WHERE sid = 'c148f1b2-bc97-4413-86b8-fd43b0bc88bd' ORDER BY `user_sessions`.`sid` LIMIT 1

2026/08/15 00:13:27 [32mE:/selfWork/newApi/sourceCode/new-api/model/user_session.go:203
[0m[33m[0.507ms] [34;1m[rows:1][0m SELECT * FROM `user_sessions` WHERE sid = 'c148f1b2-bc97-4413-86b8-fd43b0bc88bd' ORDER BY `user_sessions`.`sid` LIMIT 1

2026/08/15 00:13:27 [32mE:/selfWork/newApi/sourceCode/new-api/model/user.go:462
[0m[33m[0.000ms] [34;1m[rows:1][0m SELECT `users`.`id`,`users`.`username`,`users`.`display_name`,`users`.`role`,`users`.`status`,`users`.`email`,`users`.`github_id`,`users`.`discord_id`,`users`.`oidc_id`,`users`.`wechat_id`,`users`.`telegram_id`,`users`.`quota`,`users`.`used_quota`,`users`.`request_count`,`users`.`group`,`users`.`aff_code`,`users`.`aff_count`,`users`.`aff_quota`,`users`.`aff_history`,`users`.`inviter_id`,`users`.`deleted_at`,`users`.`linux_do_id`,`users`.`setting`,`users`.`remark`,`users`.`stripe_customer`,`users`.`created_at`,`users`.`last_login_at`,`users`.`auth_version` FROM `users` WHERE id = 1 AND `users`.`deleted_at` IS NULL AND `users`.`id` = 1 ORDER BY `users`.`id` LIMIT 1

2026/08/15 00:13:27 [32mE:/selfWork/newApi/sourceCode/new-api/model/user.go:462
[0m[33m[0.000ms] [34;1m[rows:1][0m SELECT `users`.`id`,`users`.`username`,`users`.`display_name`,`users`.`role`,`users`.`status`,`users`.`email`,`users`.`github_id`,`users`.`discord_id`,`users`.`oidc_id`,`users`.`wechat_id`,`users`.`telegram_id`,`users`.`quota`,`users`.`used_quota`,`users`.`request_count`,`users`.`group`,`users`.`aff_code`,`users`.`aff_count`,`users`.`aff_quota`,`users`.`aff_history`,`users`.`inviter_id`,`users`.`deleted_at`,`users`.`linux_do_id`,`users`.`setting`,`users`.`remark`,`users`.`stripe_customer`,`users`.`created_at`,`users`.`last_login_at`,`users`.`auth_version` FROM `users` WHERE id = 1 AND `users`.`deleted_at` IS NULL AND `users`.`id` = 1 ORDER BY `users`.`id` LIMIT 1

2026/08/15 00:13:27 [32mE:/selfWork/newApi/sourceCode/new-api/model/channel_model_health.go:668
[0m[33m[0.531ms] [34;1m[rows:11][0m SELECT channel_model_health.*, channels.name AS channel_name, channels.status AS channel_status FROM `channel_model_health` JOIN abilities ON abilities.channel_id = channel_model_health.channel_id AND abilities.`group` = channel_model_health.`group` AND abilities.model = channel_model_health.model JOIN channels ON channels.id = channel_model_health.channel_id

2026/08/15 00:13:27 [32mE:/selfWork/newApi/sourceCode/new-api/model/channel_model_health.go:668
[0m[33m[0.531ms] [34;1m[rows:11][0m SELECT channel_model_health.*, channels.name AS channel_name, channels.status AS channel_status FROM `channel_model_health` JOIN abilities ON abilities.channel_id = channel_model_health.channel_id AND abilities.`group` = channel_model_health.`group` AND abilities.model = channel_model_health.model JOIN channels ON channels.id = channel_model_health.channel_id

2026/08/15 00:13:27 [32mE:/selfWork/newApi/sourceCode/new-api/model/channel_model_health.go:687
[0m[33m[0.557ms] [34;1m[rows:18][0m SELECT abilities.channel_id, abilities.`group` AS ability_group, abilities.model, channels.name AS channel_name, channels.status AS channel_status FROM `abilities` JOIN channels ON channels.id = abilities.channel_id WHERE abilities.enabled = true

2026/08/15 00:13:27 [32mE:/selfWork/newApi/sourceCode/new-api/model/channel_model_health.go:687
[0m[33m[0.557ms] [34;1m[rows:18][0m SELECT abilities.channel_id, abilities.`group` AS ability_group, abilities.model, channels.name AS channel_name, channels.status AS channel_status FROM `abilities` JOIN channels ON channels.id = abilities.channel_id WHERE abilities.enabled = true

2026/08/15 00:13:27 [32mE:/selfWork/newApi/sourceCode/new-api/model/channel_model_manual_disable.go:133
[0m[33m[0.531ms] [34;1m[rows:0][0m SELECT channel_id, model, reason, operator_id, operator_name, created_at FROM `channel_model_manual_disables` WHERE active = true

2026/08/15 00:13:27 [32mE:/selfWork/newApi/sourceCode/new-api/model/channel_model_manual_disable.go:133
[0m[33m[1.057ms] [34;1m[rows:0][0m SELECT channel_id, model, reason, operator_id, operator_name, created_at FROM `channel_model_manual_disables` WHERE active = true

2026/08/15 00:13:27 [32mE:/selfWork/newApi/sourceCode/new-api/model/channel_model_health.go:342
[0m[33m[1.078ms] [34;1m[rows:4][0m 
SELECT l.channel_id, l.model_name, l.`group` AS request_group, l.username, l.token_name, l.created_at, l.id, l.request_id
FROM logs AS l
INNER JOIN (
	SELECT channel_id AS latest_channel_id, model_name AS latest_model_name, `group` AS latest_group,
		MAX(created_at) AS latest_created_at
	FROM logs
	WHERE type IN (2, 5) AND ((channel_id = 27 AND model_name = 'gpt-5.6-terra' AND `group` = 'default') OR (channel_id = 27 AND model_name = 'gpt-5.6-luna' AND `group` = 'default') OR (channel_id = 27 AND model_name = 'gpt-5.4-mini' AND `group` = 'default') OR (channel_id = 27 AND model_name = 'gpt-5.5' AND `group` = 'default') OR (channel_id = 29 AND model_name = 'gpt-5.6-terra' AND `group` = 'default') OR (channel_id = 29 AND model_name = 'gpt-5.4' AND `group` = 'default') OR (channel_id = 29 AND model_name = 'gpt-5.4-mini' AND `group` = 'default') OR (channel_id = 29 AND model_name = 'gpt-5.6-luna' AND `group` = 'default') OR (channel_id = 29 AND model_name = 'gpt-5.6-sol' AND `group` = 'default') OR (channel_id = 29 AND model_name = 'gpt-5.5' AND `group` = 'default') OR (channel_id = 28 AND model_name = 'gpt-5.5' AND `group` = 'default') OR (channel_id = 27 AND model_name = 'gpt-5.4' AND `group` = 'default') OR (channel_id = 27 AND model_name = 'gpt-5.6-sol' AND `group` = 'default') OR (channel_id = 27 AND model_name = 'gpt-image-2' AND `group` = 'default') OR (channel_id = 28 AND model_name = 'gpt-5.4' AND `group` = 'default') OR (channel_id = 28 AND model_name = 'gpt-5.6-luna' AND `group` = 'default') OR (channel_id = 28 AND model_name = 'gpt-5.6-sol' AND `group` = 'default') OR (channel_id = 28 AND model_name = 'gpt-5.6-terra' AND `group` = 'default'))
	GROUP BY channel_id, model_name, `group`
) AS latest_requests
	ON l.channel_id = latest_requests.latest_channel_id
	AND l.model_name = latest_requests.latest_model_name
	AND l.`group` = latest_requests.latest_group
	AND l.created_at = latest_requests.latest_created_at
WHERE l.type IN (2, 5)
ORDER BY l.created_at DESC, l.id DESC, l.request_id DESC
[GIN] 2026/08/15 - 00:13:27 | api | 20260814161327485345400dPZVLHgRks2mw8Nf | 200 |      4.5279ms |             ::1 |     GET /api/channel/health?p=1&page_size=30

2026/08/15 00:13:27 [32mE:/selfWork/newApi/sourceCode/new-api/model/channel_model_health.go:342
[0m[33m[1.866ms] [34;1m[rows:2][0m 
SELECT l.channel_id, l.model_name, l.`group` AS request_group, l.username, l.token_name, l.created_at, l.id, l.request_id
FROM logs AS l
INNER JOIN (
	SELECT channel_id AS latest_channel_id, model_name AS latest_model_name, `group` AS latest_group,
		MAX(created_at) AS latest_created_at
	FROM logs
	WHERE type IN (2, 5) AND ((channel_id = 27 AND model_name = 'gpt-5.6-luna' AND `group` = 'default') OR (channel_id = 27 AND model_name = 'gpt-5.5' AND `group` = 'default') OR (channel_id = 27 AND model_name = 'gpt-5.4-mini' AND `group` = 'default') OR (channel_id = 29 AND model_name = 'gpt-5.6-sol' AND `group` = 'default') OR (channel_id = 29 AND model_name = 'gpt-5.6-luna' AND `group` = 'default') OR (channel_id = 29 AND model_name = 'gpt-5.4-mini' AND `group` = 'default') OR (channel_id = 29 AND model_name = 'gpt-5.4' AND `group` = 'default') OR (channel_id = 29 AND model_name = 'gpt-5.6-terra' AND `group` = 'default'))
	GROUP BY channel_id, model_name, `group`
) AS latest_requests
	ON l.channel_id = latest_requests.latest_channel_id
	AND l.model_name = latest_requests.latest_model_name
	AND l.`group` = latest_requests.latest_group
	AND l.created_at = latest_requests.latest_created_at
WHERE l.type IN (2, 5)
ORDER BY l.created_at DESC, l.id DESC, l.request_id DESC
[GIN] 2026/08/15 - 00:13:27 | api | 20260814161327485345400dPZVLHgR2ZTfRQcz | 200 |      5.0536ms |             ::1 |     GET /api/channel/health/summary

2026/08/15 00:13:39 [32mE:/selfWork/newApi/sourceCode/new-api/model/user_session.go:203
[0m[33m[0.000ms] [34;1m[rows:1][0m SELECT * FROM `user_sessions` WHERE sid = 'c148f1b2-bc97-4413-86b8-fd43b0bc88bd' ORDER BY `user_sessions`.`sid` LIMIT 1

2026/08/15 00:13:39 [32mE:/selfWork/newApi/sourceCode/new-api/model/user_session.go:203
[0m[33m[0.538ms] [34;1m[rows:1][0m SELECT * FROM `user_sessions` WHERE sid = 'c148f1b2-bc97-4413-86b8-fd43b0bc88bd' ORDER BY `user_sessions`.`sid` LIMIT 1

2026/08/15 00:13:39 [32mE:/selfWork/newApi/sourceCode/new-api/model/user.go:462
[0m[33m[0.000ms] [34;1m[rows:1][0m SELECT `users`.`id`,`users`.`username`,`users`.`display_name`,`users`.`role`,`users`.`status`,`users`.`email`,`users`.`github_id`,`users`.`discord_id`,`users`.`oidc_id`,`users`.`wechat_id`,`users`.`telegram_id`,`users`.`quota`,`users`.`used_quota`,`users`.`request_count`,`users`.`group`,`users`.`aff_code`,`users`.`aff_count`,`users`.`aff_quota`,`users`.`aff_history`,`users`.`inviter_id`,`users`.`deleted_at`,`users`.`linux_do_id`,`users`.`setting`,`users`.`remark`,`users`.`stripe_customer`,`users`.`created_at`,`users`.`last_login_at`,`users`.`auth_version` FROM `users` WHERE id = 1 AND `users`.`deleted_at` IS NULL AND `users`.`id` = 1 ORDER BY `users`.`id` LIMIT 1

2026/08/15 00:13:39 [32mE:/selfWork/newApi/sourceCode/new-api/model/user_session.go:203
[0m[33m[0.000ms] [34;1m[rows:1][0m SELECT * FROM `user_sessions` WHERE sid = 'c148f1b2-bc97-4413-86b8-fd43b0bc88bd' ORDER BY `user_sessions`.`sid` LIMIT 1

2026/08/15 00:13:39 [32mE:/selfWork/newApi/sourceCode/new-api/model/user.go:462
[0m[33m[0.000ms] [34;1m[rows:1][0m SELECT `users`.`id`,`users`.`username`,`users`.`display_name`,`users`.`role`,`users`.`status`,`users`.`email`,`users`.`github_id`,`users`.`discord_id`,`users`.`oidc_id`,`users`.`wechat_id`,`users`.`telegram_id`,`users`.`quota`,`users`.`used_quota`,`users`.`request_count`,`users`.`group`,`users`.`aff_code`,`users`.`aff_count`,`users`.`aff_quota`,`users`.`aff_history`,`users`.`inviter_id`,`users`.`deleted_at`,`users`.`linux_do_id`,`users`.`setting`,`users`.`remark`,`users`.`stripe_customer`,`users`.`created_at`,`users`.`last_login_at`,`users`.`auth_version` FROM `users` WHERE id = 1 AND `users`.`deleted_at` IS NULL AND `users`.`id` = 1 ORDER BY `users`.`id` LIMIT 1

2026/08/15 00:13:39 [32mE:/selfWork/newApi/sourceCode/new-api/model/user.go:462
[0m[33m[0.539ms] [34;1m[rows:1][0m SELECT `users`.`id`,`users`.`username`,`users`.`display_name`,`users`.`role`,`users`.`status`,`users`.`email`,`users`.`github_id`,`users`.`discord_id`,`users`.`oidc_id`,`users`.`wechat_id`,`users`.`telegram_id`,`users`.`quota`,`users`.`used_quota`,`users`.`request_count`,`users`.`group`,`users`.`aff_code`,`users`.`aff_count`,`users`.`aff_quota`,`users`.`aff_history`,`users`.`inviter_id`,`users`.`deleted_at`,`users`.`linux_do_id`,`users`.`setting`,`users`.`remark`,`users`.`stripe_customer`,`users`.`created_at`,`users`.`last_login_at`,`users`.`auth_version` FROM `users` WHERE id = 1 AND `users`.`deleted_at` IS NULL AND `users`.`id` = 1 ORDER BY `users`.`id` LIMIT 1
[GIN] 2026/08/15 - 00:13:39 | api | 20260814161339354916400dPZVLHgRjCEelQGN | 200 |       1.077ms |             ::1 |     GET /api/group/

2026/08/15 00:13:39 [32mE:/selfWork/newApi/sourceCode/new-api/model/channel_activity.go:115
[0m[33m[0.539ms] [34;1m[rows:2][0m SELECT channel_id, user_id, username, token_name,
SUM(CASE WHEN created_at >= 1786723959 THEN 1 ELSE 0 END) AS logs_60s,
MAX(CASE WHEN created_at >= 1786723959 THEN created_at ELSE 0 END) AS last_60s,
SUM(CASE WHEN created_at >= 1786723719 THEN 1 ELSE 0 END) AS logs_5m,
MAX(CASE WHEN created_at >= 1786723719 THEN created_at ELSE 0 END) AS last_5m,
SUM(CASE WHEN created_at >= 1786720419 THEN 1 ELSE 0 END) AS logs_1h,
MAX(CASE WHEN created_at >= 1786720419 THEN created_at ELSE 0 END) AS last_1h,
COUNT(*) AS logs_24h,
MAX(created_at) AS last_24h FROM `logs` WHERE channel_id > 0 AND created_at >= 1786637619 AND created_at <= 1786724019 GROUP BY channel_id, user_id, username, token_name

2026/08/15 00:13:39 [32mE:/selfWork/newApi/sourceCode/new-api/model/channel_model_health.go:668
[0m[33m[0.000ms] [34;1m[rows:11][0m SELECT channel_model_health.*, channels.name AS channel_name, channels.status AS channel_status FROM `channel_model_health` JOIN abilities ON abilities.channel_id = channel_model_health.channel_id AND abilities.`group` = channel_model_health.`group` AND abilities.model = channel_model_health.model JOIN channels ON channels.id = channel_model_health.channel_id
[GIN] 2026/08/15 - 00:13:39 | api | 20260814161339354916400dPZVLHgRThckOrXa | 200 |       1.077ms |             ::1 |     GET /api/channel/activity/summary

2026/08/15 00:13:39 [32mE:/selfWork/newApi/sourceCode/new-api/model/channel_model_health.go:687
[0m[33m[0.000ms] [34;1m[rows:18][0m SELECT abilities.channel_id, abilities.`group` AS ability_group, abilities.model, channels.name AS channel_name, channels.status AS channel_status FROM `abilities` JOIN channels ON channels.id = abilities.channel_id WHERE abilities.enabled = true

2026/08/15 00:13:39 [32mE:/selfWork/newApi/sourceCode/new-api/model/channel_model_manual_disable.go:133
[0m[33m[0.000ms] [34;1m[rows:0][0m SELECT channel_id, model, reason, operator_id, operator_name, created_at FROM `channel_model_manual_disables` WHERE active = true

2026/08/15 00:13:39 [32mE:/selfWork/newApi/sourceCode/new-api/model/channel_model_health.go:342
[0m[33m[0.542ms] [34;1m[rows:2][0m 
SELECT l.channel_id, l.model_name, l.`group` AS request_group, l.username, l.token_name, l.created_at, l.id, l.request_id
FROM logs AS l
INNER JOIN (
	SELECT channel_id AS latest_channel_id, model_name AS latest_model_name, `group` AS latest_group,
		MAX(created_at) AS latest_created_at
	FROM logs
	WHERE type IN (2, 5) AND ((channel_id = 27 AND model_name = 'gpt-5.6-luna' AND `group` = 'default') OR (channel_id = 27 AND model_name = 'gpt-5.5' AND `group` = 'default') OR (channel_id = 27 AND model_name = 'gpt-5.4-mini' AND `group` = 'default') OR (channel_id = 29 AND model_name = 'gpt-5.6-sol' AND `group` = 'default') OR (channel_id = 29 AND model_name = 'gpt-5.6-luna' AND `group` = 'default') OR (channel_id = 29 AND model_name = 'gpt-5.4-mini' AND `group` = 'default') OR (channel_id = 29 AND model_name = 'gpt-5.4' AND `group` = 'default') OR (channel_id = 29 AND model_name = 'gpt-5.6-terra' AND `group` = 'default'))
	GROUP BY channel_id, model_name, `group`
) AS latest_requests
	ON l.channel_id = latest_requests.latest_channel_id
	AND l.model_name = latest_requests.latest_model_name
	AND l.`group` = latest_requests.latest_group
	AND l.created_at = latest_requests.latest_created_at
WHERE l.type IN (2, 5)
ORDER BY l.created_at DESC, l.id DESC, l.request_id DESC
[GIN] 2026/08/15 - 00:13:39 | api | 20260814161339355454700dPZVLHgRAhERTkO4 | 200 |      2.1393ms |             ::1 |     GET /api/channel/health/summary?channel_ids=17,16,12,2,4,11,1,13,7,8,29,27,28,3,19,20,21,22,23,24

2026/08/15 00:13:39 [32mE:/selfWork/newApi/sourceCode/new-api/model/user_session.go:203
[0m[33m[1.510ms] [34;1m[rows:1][0m SELECT * FROM `user_sessions` WHERE sid = 'c148f1b2-bc97-4413-86b8-fd43b0bc88bd' ORDER BY `user_sessions`.`sid` LIMIT 1

2026/08/15 00:13:39 [32mE:/selfWork/newApi/sourceCode/new-api/model/user.go:462
[0m[33m[0.000ms] [34;1m[rows:1][0m SELECT `users`.`id`,`users`.`username`,`users`.`display_name`,`users`.`role`,`users`.`status`,`users`.`email`,`users`.`github_id`,`users`.`discord_id`,`users`.`oidc_id`,`users`.`wechat_id`,`users`.`telegram_id`,`users`.`quota`,`users`.`used_quota`,`users`.`request_count`,`users`.`group`,`users`.`aff_code`,`users`.`aff_count`,`users`.`aff_quota`,`users`.`aff_history`,`users`.`inviter_id`,`users`.`deleted_at`,`users`.`linux_do_id`,`users`.`setting`,`users`.`remark`,`users`.`stripe_customer`,`users`.`created_at`,`users`.`last_login_at`,`users`.`auth_version` FROM `users` WHERE id = 1 AND `users`.`deleted_at` IS NULL AND `users`.`id` = 1 ORDER BY `users`.`id` LIMIT 1

2026/08/15 00:13:39 [32mE:/selfWork/newApi/sourceCode/new-api/controller/channel.go:150
[0m[33m[0.000ms] [34;1m[rows:1][0m SELECT count(*) FROM `channels`

2026/08/15 00:13:39 [32mE:/selfWork/newApi/sourceCode/new-api/controller/channel.go:160
[0m[33m[0.900ms] [34;1m[rows:20][0m SELECT `channels`.`id`,`channels`.`type`,`channels`.`open_ai_organization`,`channels`.`test_model`,`channels`.`status`,`channels`.`name`,`channels`.`weight`,`channels`.`created_time`,`channels`.`test_time`,`channels`.`response_time`,`channels`.`base_url`,`channels`.`other`,`channels`.`balance`,`channels`.`balance_updated_time`,`channels`.`models`,`channels`.`group`,`channels`.`used_quota`,`channels`.`model_mapping`,`channels`.`status_code_mapping`,`channels`.`priority`,`channels`.`auto_ban`,`channels`.`other_info`,`channels`.`tag`,`channels`.`setting`,`channels`.`param_override`,`channels`.`header_override`,`channels`.`remark`,`channels`.`channel_info`,`channels`.`settings` FROM `channels` ORDER BY `priority` DESC LIMIT 20

2026/08/15 00:13:39 [32mE:/selfWork/newApi/sourceCode/new-api/model/channel_upstream_metric.go:92
[0m[33m[0.510ms] [34;1m[rows:0][0m SELECT * FROM `channel_upstream_metrics` WHERE channel_id IN (17,16,12,2,4,11,1,13,7,8,29,27,28,3,19,20,21,22,23,24)

2026/08/15 00:13:39 [32mE:/selfWork/newApi/sourceCode/new-api/controller/channel.go:180
[0m[33m[0.509ms] [34;1m[rows:1][0m SELECT type, count(*) as count FROM `channels` GROUP BY `type`
[GIN] 2026/08/15 - 00:13:39 | api | 20260814161339386354200dPZVLHgRVL0FTAU9 | 200 |      6.6398ms |             ::1 |     GET /api/channel/?tag_mode=false&id_sort=false&p=1&page_size=20

2026/08/15 00:13:39 [32mE:/selfWork/newApi/sourceCode/new-api/model/system_task.go:170
[0m[33m[0.524ms] [34;1m[rows:0][0m SELECT * FROM `system_tasks` WHERE id IN (SELECT MIN(id) FROM `system_tasks` WHERE type IN ('log_cleanup','channel_test','channel_model_probe','model_update','midjourney_poll','async_task_poll') AND status = 'pending' GROUP BY `type`)

2026/08/15 00:13:44 [32mE:/selfWork/newApi/sourceCode/new-api/model/user_session.go:203
[0m[33m[0.000ms] [34;1m[rows:1][0m SELECT * FROM `user_sessions` WHERE sid = 'c148f1b2-bc97-4413-86b8-fd43b0bc88bd' ORDER BY `user_sessions`.`sid` LIMIT 1

2026/08/15 00:13:44 [32mE:/selfWork/newApi/sourceCode/new-api/model/user.go:462
[0m[33m[0.507ms] [34;1m[rows:1][0m SELECT `users`.`id`,`users`.`username`,`users`.`display_name`,`users`.`role`,`users`.`status`,`users`.`email`,`users`.`github_id`,`users`.`discord_id`,`users`.`oidc_id`,`users`.`wechat_id`,`users`.`telegram_id`,`users`.`quota`,`users`.`used_quota`,`users`.`request_count`,`users`.`group`,`users`.`aff_code`,`users`.`aff_count`,`users`.`aff_quota`,`users`.`aff_history`,`users`.`inviter_id`,`users`.`deleted_at`,`users`.`linux_do_id`,`users`.`setting`,`users`.`remark`,`users`.`stripe_customer`,`users`.`created_at`,`users`.`last_login_at`,`users`.`auth_version` FROM `users` WHERE id = 1 AND `users`.`deleted_at` IS NULL AND `users`.`id` = 1 ORDER BY `users`.`id` LIMIT 1

2026/08/15 00:13:44 [32mE:/selfWork/newApi/sourceCode/new-api/model/channel_activity.go:115
[0m[33m[0.000ms] [34;1m[rows:2][0m SELECT channel_id, user_id, username, token_name,
SUM(CASE WHEN created_at >= 1786723964 THEN 1 ELSE 0 END) AS logs_60s,
MAX(CASE WHEN created_at >= 1786723964 THEN created_at ELSE 0 END) AS last_60s,
SUM(CASE WHEN created_at >= 1786723724 THEN 1 ELSE 0 END) AS logs_5m,
MAX(CASE WHEN created_at >= 1786723724 THEN created_at ELSE 0 END) AS last_5m,
SUM(CASE WHEN created_at >= 1786720424 THEN 1 ELSE 0 END) AS logs_1h,
MAX(CASE WHEN created_at >= 1786720424 THEN created_at ELSE 0 END) AS last_1h,
COUNT(*) AS logs_24h,
MAX(created_at) AS last_24h FROM `logs` WHERE channel_id > 0 AND created_at >= 1786637624 AND created_at <= 1786724024 GROUP BY channel_id, user_id, username, token_name
[GIN] 2026/08/15 - 00:13:44 | api | 20260814161344389008100dPZVLHgRIfz78ykg | 200 |      1.1675ms |             ::1 |     GET /api/channel/activity/summary

2026/08/15 00:13:46 [32mE:/selfWork/newApi/sourceCode/new-api/model/user_session.go:203
[0m[33m[0.000ms] [34;1m[rows:1][0m SELECT * FROM `user_sessions` WHERE sid = 'c148f1b2-bc97-4413-86b8-fd43b0bc88bd' ORDER BY `user_sessions`.`sid` LIMIT 1

2026/08/15 00:13:46 [32mE:/selfWork/newApi/sourceCode/new-api/model/user.go:462
[0m[33m[0.000ms] [34;1m[rows:1][0m SELECT `users`.`id`,`users`.`username`,`users`.`display_name`,`users`.`role`,`users`.`status`,`users`.`email`,`users`.`github_id`,`users`.`discord_id`,`users`.`oidc_id`,`users`.`wechat_id`,`users`.`telegram_id`,`users`.`quota`,`users`.`used_quota`,`users`.`request_count`,`users`.`group`,`users`.`aff_code`,`users`.`aff_count`,`users`.`aff_quota`,`users`.`aff_history`,`users`.`inviter_id`,`users`.`deleted_at`,`users`.`linux_do_id`,`users`.`setting`,`users`.`remark`,`users`.`stripe_customer`,`users`.`created_at`,`users`.`last_login_at`,`users`.`auth_version` FROM `users` WHERE id = 1 AND `users`.`deleted_at` IS NULL AND `users`.`id` = 1 ORDER BY `users`.`id` LIMIT 1

2026/08/15 00:13:46 [32mE:/selfWork/newApi/sourceCode/new-api/model/channel_model_health.go:668
[0m[33m[0.550ms] [34;1m[rows:11][0m SELECT channel_model_health.*, channels.name AS channel_name, channels.status AS channel_status FROM `channel_model_health` JOIN abilities ON abilities.channel_id = channel_model_health.channel_id AND abilities.`group` = channel_model_health.`group` AND abilities.model = channel_model_health.model JOIN channels ON channels.id = channel_model_health.channel_id

2026/08/15 00:13:46 [32mE:/selfWork/newApi/sourceCode/new-api/model/channel_model_health.go:687
[0m[33m[0.000ms] [34;1m[rows:18][0m SELECT abilities.channel_id, abilities.`group` AS ability_group, abilities.model, channels.name AS channel_name, channels.status AS channel_status FROM `abilities` JOIN channels ON channels.id = abilities.channel_id WHERE abilities.enabled = true

2026/08/15 00:13:46 [32mE:/selfWork/newApi/sourceCode/new-api/model/channel_model_manual_disable.go:133
[0m[33m[0.000ms] [34;1m[rows:0][0m SELECT channel_id, model, reason, operator_id, operator_name, created_at FROM `channel_model_manual_disables` WHERE active = true
[GIN] 2026/08/15 - 00:13:46 | api | 20260814161346052014800dPZVLHgRCe9jqtnJ | 200 |       1.716ms |             ::1 |     GET /api/channel/health/summary?channel_ids=17

2026/08/15 00:13:49 [32mE:/selfWork/newApi/sourceCode/new-api/model/user_session.go:203
[0m[33m[0.000ms] [34;1m[rows:1][0m SELECT * FROM `user_sessions` WHERE sid = 'c148f1b2-bc97-4413-86b8-fd43b0bc88bd' ORDER BY `user_sessions`.`sid` LIMIT 1

2026/08/15 00:13:49 [32mE:/selfWork/newApi/sourceCode/new-api/model/user.go:462
[0m[33m[0.000ms] [34;1m[rows:1][0m SELECT `users`.`id`,`users`.`username`,`users`.`display_name`,`users`.`role`,`users`.`status`,`users`.`email`,`users`.`github_id`,`users`.`discord_id`,`users`.`oidc_id`,`users`.`wechat_id`,`users`.`telegram_id`,`users`.`quota`,`users`.`used_quota`,`users`.`request_count`,`users`.`group`,`users`.`aff_code`,`users`.`aff_count`,`users`.`aff_quota`,`users`.`aff_history`,`users`.`inviter_id`,`users`.`deleted_at`,`users`.`linux_do_id`,`users`.`setting`,`users`.`remark`,`users`.`stripe_customer`,`users`.`created_at`,`users`.`last_login_at`,`users`.`auth_version` FROM `users` WHERE id = 1 AND `users`.`deleted_at` IS NULL AND `users`.`id` = 1 ORDER BY `users`.`id` LIMIT 1

2026/08/15 00:13:49 [32mE:/selfWork/newApi/sourceCode/new-api/model/channel_activity.go:115
[0m[33m[0.000ms] [34;1m[rows:2][0m SELECT channel_id, user_id, username, token_name,
SUM(CASE WHEN created_at >= 1786723969 THEN 1 ELSE 0 END) AS logs_60s,
MAX(CASE WHEN created_at >= 1786723969 THEN created_at ELSE 0 END) AS last_60s,
SUM(CASE WHEN created_at >= 1786723729 THEN 1 ELSE 0 END) AS logs_5m,
MAX(CASE WHEN created_at >= 1786723729 THEN created_at ELSE 0 END) AS last_5m,
SUM(CASE WHEN created_at >= 1786720429 THEN 1 ELSE 0 END) AS logs_1h,
MAX(CASE WHEN created_at >= 1786720429 THEN created_at ELSE 0 END) AS last_1h,
COUNT(*) AS logs_24h,
MAX(created_at) AS last_24h FROM `logs` WHERE channel_id > 0 AND created_at >= 1786637629 AND created_at <= 1786724029 GROUP BY channel_id, user_id, username, token_name
[GIN] 2026/08/15 - 00:13:49 | api | 20260814161349393813000dPZVLHgRKyuVzJfY | 200 |      1.5811ms |             ::1 |     GET /api/channel/activity/summary

2026/08/15 00:13:54 [32mE:/selfWork/newApi/sourceCode/new-api/model/user_session.go:203
[0m[33m[0.000ms] [34;1m[rows:1][0m SELECT * FROM `user_sessions` WHERE sid = 'c148f1b2-bc97-4413-86b8-fd43b0bc88bd' ORDER BY `user_sessions`.`sid` LIMIT 1

2026/08/15 00:13:54 [32mE:/selfWork/newApi/sourceCode/new-api/model/user.go:462
[0m[33m[0.000ms] [34;1m[rows:1][0m SELECT `users`.`id`,`users`.`username`,`users`.`display_name`,`users`.`role`,`users`.`status`,`users`.`email`,`users`.`github_id`,`users`.`discord_id`,`users`.`oidc_id`,`users`.`wechat_id`,`users`.`telegram_id`,`users`.`quota`,`users`.`used_quota`,`users`.`request_count`,`users`.`group`,`users`.`aff_code`,`users`.`aff_count`,`users`.`aff_quota`,`users`.`aff_history`,`users`.`inviter_id`,`users`.`deleted_at`,`users`.`linux_do_id`,`users`.`setting`,`users`.`remark`,`users`.`stripe_customer`,`users`.`created_at`,`users`.`last_login_at`,`users`.`auth_version` FROM `users` WHERE id = 1 AND `users`.`deleted_at` IS NULL AND `users`.`id` = 1 ORDER BY `users`.`id` LIMIT 1

2026/08/15 00:13:54 [32mE:/selfWork/newApi/sourceCode/new-api/model/channel_activity.go:115
[0m[33m[0.524ms] [34;1m[rows:2][0m SELECT channel_id, user_id, username, token_name,
SUM(CASE WHEN created_at >= 1786723974 THEN 1 ELSE 0 END) AS logs_60s,
MAX(CASE WHEN created_at >= 1786723974 THEN created_at ELSE 0 END) AS last_60s,
SUM(CASE WHEN created_at >= 1786723734 THEN 1 ELSE 0 END) AS logs_5m,
MAX(CASE WHEN created_at >= 1786723734 THEN created_at ELSE 0 END) AS last_5m,
SUM(CASE WHEN created_at >= 1786720434 THEN 1 ELSE 0 END) AS logs_1h,
MAX(CASE WHEN created_at >= 1786720434 THEN created_at ELSE 0 END) AS last_1h,
COUNT(*) AS logs_24h,
MAX(created_at) AS last_24h FROM `logs` WHERE channel_id > 0 AND created_at >= 1786637634 AND created_at <= 1786724034 GROUP BY channel_id, user_id, username, token_name
[GIN] 2026/08/15 - 00:13:54 | api | 20260814161354398226800dPZVLHgRJhrkLQI7 | 200 |      1.0281ms |             ::1 |     GET /api/channel/activity/summary

2026/08/15 00:13:54 [32mE:/selfWork/newApi/sourceCode/new-api/model/midjourney.go:113
[0m[33m[0.000ms] [34;1m[rows:0][0m SELECT `id` FROM `midjourneys` WHERE progress != '100%' LIMIT 1

2026/08/15 00:13:54 [32mE:/selfWork/newApi/sourceCode/new-api/model/task.go:333
[0m[33m[0.000ms] [34;1m[rows:0][0m SELECT `id` FROM `tasks` WHERE progress != '100%' AND status != 'FAILURE' AND status != 'SUCCESS' LIMIT 1

2026/08/15 00:13:54 [32mE:/selfWork/newApi/sourceCode/new-api/model/system_task.go:217
[0m[33m[0.533ms] [34;1m[rows:2][0m SELECT * FROM `system_tasks` WHERE id IN (SELECT MAX(id) FROM `system_tasks` WHERE type IN ('channel_test','model_update') GROUP BY `type`)

2026/08/15 00:13:54 [32mE:/selfWork/newApi/sourceCode/new-api/model/system_task.go:170
[0m[33m[0.000ms] [34;1m[rows:0][0m SELECT * FROM `system_tasks` WHERE id IN (SELECT MIN(id) FROM `system_tasks` WHERE type IN ('log_cleanup','channel_test','channel_model_probe','model_update','midjourney_poll','async_task_poll') AND status = 'pending' GROUP BY `type`)

2026/08/15 00:13:54 [32mE:/selfWork/newApi/sourceCode/new-api/model/system_instance.go:69
[0m[33m[12.026ms] [34;1m[rows:2][0m INSERT INTO `system_instances` (`node_name`,`info`,`started_at`,`last_seen_at`,`created_at`,`updated_at`) VALUES ('PC-20260521RLZQ','{"schema_version":1,"node":{"name":"PC-20260521RLZQ","source":"hostname","manually_configured":false,"should_configure_manually":true},"role":{"is_master":true},"runtime":{"version":"v0.0.0","goos":"windows","goarch":"amd64","started_at":1786723884},"host":{"hostname":"PC-20260521RLZQ"},"resources":{"cpu":{"usage_percent":0},"memory":{"usage_percent":0},"storage":{"total_bytes":370724040704,"used_bytes":157070454784,"free_bytes":213653585920,"used_percent":42.36856462983229}}}',1786723884,1786724034,1786724034,1786724034) ON DUPLICATE KEY UPDATE `info`=VALUES(`info`),`started_at`=VALUES(`started_at`),`last_seen_at`=VALUES(`last_seen_at`),`updated_at`=VALUES(`updated_at`)

2026/08/15 00:13:59 [32mE:/selfWork/newApi/sourceCode/new-api/model/user_session.go:203
[0m[33m[0.000ms] [34;1m[rows:1][0m SELECT * FROM `user_sessions` WHERE sid = 'c148f1b2-bc97-4413-86b8-fd43b0bc88bd' ORDER BY `user_sessions`.`sid` LIMIT 1

2026/08/15 00:13:59 [32mE:/selfWork/newApi/sourceCode/new-api/model/user.go:462
[0m[33m[0.000ms] [34;1m[rows:1][0m SELECT `users`.`id`,`users`.`username`,`users`.`display_name`,`users`.`role`,`users`.`status`,`users`.`email`,`users`.`github_id`,`users`.`discord_id`,`users`.`oidc_id`,`users`.`wechat_id`,`users`.`telegram_id`,`users`.`quota`,`users`.`used_quota`,`users`.`request_count`,`users`.`group`,`users`.`aff_code`,`users`.`aff_count`,`users`.`aff_quota`,`users`.`aff_history`,`users`.`inviter_id`,`users`.`deleted_at`,`users`.`linux_do_id`,`users`.`setting`,`users`.`remark`,`users`.`stripe_customer`,`users`.`created_at`,`users`.`last_login_at`,`users`.`auth_version` FROM `users` WHERE id = 1 AND `users`.`deleted_at` IS NULL AND `users`.`id` = 1 ORDER BY `users`.`id` LIMIT 1

2026/08/15 00:13:59 [32mE:/selfWork/newApi/sourceCode/new-api/model/channel_activity.go:115
[0m[33m[0.000ms] [34;1m[rows:2][0m SELECT channel_id, user_id, username, token_name,
SUM(CASE WHEN created_at >= 1786723979 THEN 1 ELSE 0 END) AS logs_60s,
MAX(CASE WHEN created_at >= 1786723979 THEN created_at ELSE 0 END) AS last_60s,
SUM(CASE WHEN created_at >= 1786723739 THEN 1 ELSE 0 END) AS logs_5m,
MAX(CASE WHEN created_at >= 1786723739 THEN created_at ELSE 0 END) AS last_5m,
SUM(CASE WHEN created_at >= 1786720439 THEN 1 ELSE 0 END) AS logs_1h,
MAX(CASE WHEN created_at >= 1786720439 THEN created_at ELSE 0 END) AS last_1h,
COUNT(*) AS logs_24h,
MAX(created_at) AS last_24h FROM `logs` WHERE channel_id > 0 AND created_at >= 1786637639 AND created_at <= 1786724039 GROUP BY channel_id, user_id, username, token_name
[GIN] 2026/08/15 - 00:13:59 | api | 20260814161359402618800dPZVLHgRka86Rudi | 200 |      1.0436ms |             ::1 |     GET /api/channel/activity/summary

2026/08/15 00:14:01 [32mE:/selfWork/newApi/sourceCode/new-api/model/user_session.go:203
[0m[33m[0.000ms] [34;1m[rows:1][0m SELECT * FROM `user_sessions` WHERE sid = 'c148f1b2-bc97-4413-86b8-fd43b0bc88bd' ORDER BY `user_sessions`.`sid` LIMIT 1

2026/08/15 00:14:01 [32mE:/selfWork/newApi/sourceCode/new-api/model/user.go:462
[0m[33m[0.000ms] [34;1m[rows:1][0m SELECT `users`.`id`,`users`.`username`,`users`.`display_name`,`users`.`role`,`users`.`status`,`users`.`email`,`users`.`github_id`,`users`.`discord_id`,`users`.`oidc_id`,`users`.`wechat_id`,`users`.`telegram_id`,`users`.`quota`,`users`.`used_quota`,`users`.`request_count`,`users`.`group`,`users`.`aff_code`,`users`.`aff_count`,`users`.`aff_quota`,`users`.`aff_history`,`users`.`inviter_id`,`users`.`deleted_at`,`users`.`linux_do_id`,`users`.`setting`,`users`.`remark`,`users`.`stripe_customer`,`users`.`created_at`,`users`.`last_login_at`,`users`.`auth_version` FROM `users` WHERE id = 1 AND `users`.`deleted_at` IS NULL AND `users`.`id` = 1 ORDER BY `users`.`id` LIMIT 1

2026/08/15 00:14:01 [32mE:/selfWork/newApi/sourceCode/new-api/model/channel_model_health.go:668
[0m[33m[0.000ms] [34;1m[rows:11][0m SELECT channel_model_health.*, channels.name AS channel_name, channels.status AS channel_status FROM `channel_model_health` JOIN abilities ON abilities.channel_id = channel_model_health.channel_id AND abilities.`group` = channel_model_health.`group` AND abilities.model = channel_model_health.model JOIN channels ON channels.id = channel_model_health.channel_id

2026/08/15 00:14:01 [32mE:/selfWork/newApi/sourceCode/new-api/model/channel_model_health.go:687
[0m[33m[0.000ms] [34;1m[rows:18][0m SELECT abilities.channel_id, abilities.`group` AS ability_group, abilities.model, channels.name AS channel_name, channels.status AS channel_status FROM `abilities` JOIN channels ON channels.id = abilities.channel_id WHERE abilities.enabled = true

2026/08/15 00:14:01 [32mE:/selfWork/newApi/sourceCode/new-api/model/channel_model_manual_disable.go:133
[0m[33m[0.000ms] [34;1m[rows:0][0m SELECT channel_id, model, reason, operator_id, operator_name, created_at FROM `channel_model_manual_disables` WHERE active = true
[GIN] 2026/08/15 - 00:14:01 | api | 20260814161401075948700dPZVLHgRZnMXYODl | 200 |      1.0424ms |             ::1 |     GET /api/channel/health/summary?channel_ids=17

2026/08/15 00:14:09 [32mE:/selfWork/newApi/sourceCode/new-api/model/system_task.go:363
[0m[33m[0.000ms] [34;1m[rows:0][0m SELECT * FROM `system_task_locks` WHERE locked_until < 1786724049

2026/08/15 00:14:09 [32mE:/selfWork/newApi/sourceCode/new-api/model/system_task.go:170
[0m[33m[1.879ms] [34;1m[rows:0][0m SELECT * FROM `system_tasks` WHERE id IN (SELECT MIN(id) FROM `system_tasks` WHERE type IN ('log_cleanup','channel_test','channel_model_probe','model_update','midjourney_poll','async_task_poll') AND status = 'pending' GROUP BY `type`)
[SYS] 2026/08/15 - 00:14:24 | syncing channels from database 

2026/08/15 00:14:24 [32mE:/selfWork/newApi/sourceCode/new-api/model/db_time.go:16
[0m[33m[3.764ms] [34;1m[rows:1][0m SELECT UNIX_TIMESTAMP()

2026/08/15 00:14:24 [32mE:/selfWork/newApi/sourceCode/new-api/model/midjourney.go:113
[0m[33m[3.812ms] [34;1m[rows:0][0m SELECT `id` FROM `midjourneys` WHERE progress != '100%' LIMIT 1

2026/08/15 00:14:24 [32mE:/selfWork/newApi/sourceCode/new-api/model/subscription.go:1139
[0m[33m[0.000ms] [34;1m[rows:0][0m SELECT * FROM `user_subscriptions` WHERE status = 'active' AND end_time > 0 AND end_time <= 1786724064 ORDER BY end_time asc, id asc LIMIT 300

2026/08/15 00:14:24 [32mE:/selfWork/newApi/sourceCode/new-api/service/authz/adapter.go:23
[0m[33m[3.817ms] [34;1m[rows:3][0m SELECT * FROM `casbin_rule` ORDER BY id asc

2026/08/15 00:14:24 [32mE:/selfWork/newApi/sourceCode/new-api/model/db_time.go:16
[0m[33m[0.000ms] [34;1m[rows:1][0m SELECT UNIX_TIMESTAMP()

2026/08/15 00:14:24 [32mE:/selfWork/newApi/sourceCode/new-api/model/task.go:333
[0m[33m[0.525ms] [34;1m[rows:0][0m SELECT `id` FROM `tasks` WHERE progress != '100%' AND status != 'FAILURE' AND status != 'SUCCESS' LIMIT 1

2026/08/15 00:14:24 [32mE:/selfWork/newApi/sourceCode/new-api/model/system_instance.go:69
[0m[33m[4.354ms] [34;1m[rows:2][0m INSERT INTO `system_instances` (`node_name`,`info`,`started_at`,`last_seen_at`,`created_at`,`updated_at`) VALUES ('PC-20260521RLZQ','{"schema_version":1,"node":{"name":"PC-20260521RLZQ","source":"hostname","manually_configured":false,"should_configure_manually":true},"role":{"is_master":true},"runtime":{"version":"v0.0.0","goos":"windows","goarch":"amd64","started_at":1786723884},"host":{"hostname":"PC-20260521RLZQ"},"resources":{"cpu":{"usage_percent":0},"memory":{"usage_percent":0},"storage":{"total_bytes":370724040704,"used_bytes":157071237120,"free_bytes":213652803584,"used_percent":42.36877565903841}}}',1786723884,1786724064,1786724064,1786724064) ON DUPLICATE KEY UPDATE `info`=VALUES(`info`),`started_at`=VALUES(`started_at`),`last_seen_at`=VALUES(`last_seen_at`),`updated_at`=VALUES(`updated_at`)

2026/08/15 00:14:24 [32mE:/selfWork/newApi/sourceCode/new-api/model/channel_cache.go:34
[0m[33m[5.468ms] [34;1m[rows:22][0m SELECT * FROM `channels`

2026/08/15 00:14:24 [32mE:/selfWork/newApi/sourceCode/new-api/model/subscription.go:1427
[0m[33m[0.537ms] [34;1m[rows:0][0m SELECT * FROM `user_subscriptions` WHERE next_reset_time > 0 AND next_reset_time <= 1786724064 AND status = 'active' ORDER BY next_reset_time asc LIMIT 300

2026/08/15 00:14:24 [32mE:/selfWork/newApi/sourceCode/new-api/model/channel_cache.go:44
[0m[33m[0.542ms] [34;1m[rows:126][0m SELECT * FROM `abilities`

2026/08/15 00:14:24 [32mE:/selfWork/newApi/sourceCode/new-api/model/channel_model_health.go:384
[0m[33m[0.000ms] [34;1m[rows:11][0m SELECT * FROM `channel_model_health`

2026/08/15 00:14:24 [32mE:/selfWork/newApi/sourceCode/new-api/model/channel_model_manual_disable.go:61
[0m[33m[0.523ms] [34;1m[rows:0][0m SELECT * FROM `channel_model_manual_disables` WHERE active = true
[SYS] 2026/08/15 - 00:14:24 | channels synced from database 

2026/08/15 00:14:24 [32mE:/selfWork/newApi/sourceCode/new-api/model/system_task.go:217
[0m[33m[1.065ms] [34;1m[rows:2][0m SELECT * FROM `system_tasks` WHERE id IN (SELECT MAX(id) FROM `system_tasks` WHERE type IN ('channel_test','model_update') GROUP BY `type`)
[SYS] 2026/08/15 - 00:14:24 | syncing options from database 

2026/08/15 00:14:24 [32mE:/selfWork/newApi/sourceCode/new-api/model/option.go:26
[0m[33m[0.527ms] [34;1m[rows:40][0m SELECT * FROM `options`

2026/08/15 00:14:24 [32mE:/selfWork/newApi/sourceCode/new-api/model/system_task.go:170
[0m[33m[0.527ms] [34;1m[rows:0][0m SELECT * FROM `system_tasks` WHERE id IN (SELECT MIN(id) FROM `system_tasks` WHERE type IN ('channel_test','channel_model_probe','model_update','midjourney_poll','async_task_poll','log_cleanup') AND status = 'pending' GROUP BY `type`)

2026/08/15 00:14:39 [32mE:/selfWork/newApi/sourceCode/new-api/model/midjourney.go:113
[0m[33m[0.000ms] [34;1m[rows:0][0m SELECT `id` FROM `midjourneys` WHERE progress != '100%' LIMIT 1

2026/08/15 00:14:39 [32mE:/selfWork/newApi/sourceCode/new-api/model/task.go:333
[0m[33m[0.000ms] [34;1m[rows:0][0m SELECT `id` FROM `tasks` WHERE progress != '100%' AND status != 'FAILURE' AND status != 'SUCCESS' LIMIT 1

2026/08/15 00:14:39 [32mE:/selfWork/newApi/sourceCode/new-api/model/system_task.go:217
[0m[33m[1.085ms] [34;1m[rows:2][0m SELECT * FROM `system_tasks` WHERE id IN (SELECT MAX(id) FROM `system_tasks` WHERE type IN ('channel_test','model_update') GROUP BY `type`)

2026/08/15 00:14:39 [32mE:/selfWork/newApi/sourceCode/new-api/model/system_task.go:170
[0m[33m[0.544ms] [34;1m[rows:0][0m SELECT * FROM `system_tasks` WHERE id IN (SELECT MIN(id) FROM `system_tasks` WHERE type IN ('log_cleanup','channel_test','channel_model_probe','model_update','midjourney_poll','async_task_poll') AND status = 'pending' GROUP BY `type`)

2026/08/15 00:14:54 [32mE:/selfWork/newApi/sourceCode/new-api/model/system_task.go:363
[0m[33m[0.541ms] [34;1m[rows:0][0m SELECT * FROM `system_task_locks` WHERE locked_until < 1786724094

2026/08/15 00:14:54 [32mE:/selfWork/newApi/sourceCode/new-api/model/midjourney.go:113
[0m[33m[0.000ms] [34;1m[rows:0][0m SELECT `id` FROM `midjourneys` WHERE progress != '100%' LIMIT 1

2026/08/15 00:14:54 [32mE:/selfWork/newApi/sourceCode/new-api/model/task.go:333
[0m[33m[0.000ms] [34;1m[rows:0][0m SELECT `id` FROM `tasks` WHERE progress != '100%' AND status != 'FAILURE' AND status != 'SUCCESS' LIMIT 1

2026/08/15 00:14:54 [32mE:/selfWork/newApi/sourceCode/new-api/model/system_task.go:217
[0m[33m[0.523ms] [34;1m[rows:2][0m SELECT * FROM `system_tasks` WHERE id IN (SELECT MAX(id) FROM `system_tasks` WHERE type IN ('model_update','channel_test') GROUP BY `type`)

2026/08/15 00:14:54 [32mE:/selfWork/newApi/sourceCode/new-api/model/system_instance.go:69
[0m[33m[1.558ms] [34;1m[rows:2][0m INSERT INTO `system_instances` (`node_name`,`info`,`started_at`,`last_seen_at`,`created_at`,`updated_at`) VALUES ('PC-20260521RLZQ','{"schema_version":1,"node":{"name":"PC-20260521RLZQ","source":"hostname","manually_configured":false,"should_configure_manually":true},"role":{"is_master":true},"runtime":{"version":"v0.0.0","goos":"windows","goarch":"amd64","started_at":1786723884},"host":{"hostname":"PC-20260521RLZQ"},"resources":{"cpu":{"usage_percent":0},"memory":{"usage_percent":0},"storage":{"total_bytes":370724040704,"used_bytes":157071032320,"free_bytes":213653008384,"used_percent":42.36872041579073}}}',1786723884,1786724094,1786724094,1786724094) ON DUPLICATE KEY UPDATE `info`=VALUES(`info`),`started_at`=VALUES(`started_at`),`last_seen_at`=VALUES(`last_seen_at`),`updated_at`=VALUES(`updated_at`)

2026/08/15 00:14:54 [32mE:/selfWork/newApi/sourceCode/new-api/model/system_task.go:170
[0m[33m[0.525ms] [34;1m[rows:0][0m SELECT * FROM `system_tasks` WHERE id IN (SELECT MIN(id) FROM `system_tasks` WHERE type IN ('midjourney_poll','async_task_poll','log_cleanup','channel_test','channel_model_probe','model_update') AND status = 'pending' GROUP BY `type`)

2026/08/15 00:15:09 [32mE:/selfWork/newApi/sourceCode/new-api/model/task.go:333
[0m[33m[0.000ms] [34;1m[rows:0][0m SELECT `id` FROM `tasks` WHERE progress != '100%' AND status != 'FAILURE' AND status != 'SUCCESS' LIMIT 1

2026/08/15 00:15:09 [32mE:/selfWork/newApi/sourceCode/new-api/model/midjourney.go:113
[0m[33m[0.527ms] [34;1m[rows:0][0m SELECT `id` FROM `midjourneys` WHERE progress != '100%' LIMIT 1

2026/08/15 00:15:09 [32mE:/selfWork/newApi/sourceCode/new-api/model/system_task.go:217
[0m[33m[0.509ms] [34;1m[rows:2][0m SELECT * FROM `system_tasks` WHERE id IN (SELECT MAX(id) FROM `system_tasks` WHERE type IN ('channel_test','model_update') GROUP BY `type`)

2026/08/15 00:15:09 [32mE:/selfWork/newApi/sourceCode/new-api/model/system_task.go:170
[0m[33m[0.000ms] [34;1m[rows:0][0m SELECT * FROM `system_tasks` WHERE id IN (SELECT MIN(id) FROM `system_tasks` WHERE type IN ('log_cleanup','channel_test','channel_model_probe','model_update','midjourney_poll','async_task_poll') AND status = 'pending' GROUP BY `type`)

2026/08/15 00:15:24 [32mE:/selfWork/newApi/sourceCode/new-api/model/db_time.go:16
[0m[33m[0.000ms] [34;1m[rows:1][0m SELECT UNIX_TIMESTAMP()

2026/08/15 00:15:24 [32mE:/selfWork/newApi/sourceCode/new-api/model/system_task.go:170
[0m[33m[0.529ms] [34;1m[rows:0][0m SELECT * FROM `system_tasks` WHERE id IN (SELECT MIN(id) FROM `system_tasks` WHERE type IN ('midjourney_poll','async_task_poll','log_cleanup','channel_test','channel_model_probe','model_update') AND status = 'pending' GROUP BY `type`)

2026/08/15 00:15:24 [32mE:/selfWork/newApi/sourceCode/new-api/model/subscription.go:1139
[0m[33m[1.121ms] [34;1m[rows:0][0m SELECT * FROM `user_subscriptions` WHERE status = 'active' AND end_time > 0 AND end_time <= 1786724124 ORDER BY end_time asc, id asc LIMIT 300

2026/08/15 00:15:24 [32mE:/selfWork/newApi/sourceCode/new-api/model/system_instance.go:69
[0m[33m[1.121ms] [34;1m[rows:2][0m INSERT INTO `system_instances` (`node_name`,`info`,`started_at`,`last_seen_at`,`created_at`,`updated_at`) VALUES ('PC-20260521RLZQ','{"schema_version":1,"node":{"name":"PC-20260521RLZQ","source":"hostname","manually_configured":false,"should_configure_manually":true},"role":{"is_master":true},"runtime":{"version":"v0.0.0","goos":"windows","goarch":"amd64","started_at":1786723884},"host":{"hostname":"PC-20260521RLZQ"},"resources":{"cpu":{"usage_percent":0},"memory":{"usage_percent":0},"storage":{"total_bytes":370724040704,"used_bytes":157071208448,"free_bytes":213652832256,"used_percent":42.368767924983736}}}',1786723884,1786724124,1786724124,1786724124) ON DUPLICATE KEY UPDATE `info`=VALUES(`info`),`started_at`=VALUES(`started_at`),`last_seen_at`=VALUES(`last_seen_at`),`updated_at`=VALUES(`updated_at`)

2026/08/15 00:15:24 [32mE:/selfWork/newApi/sourceCode/new-api/model/db_time.go:16
[0m[33m[0.507ms] [34;1m[rows:1][0m SELECT UNIX_TIMESTAMP()

2026/08/15 00:15:24 [32mE:/selfWork/newApi/sourceCode/new-api/model/subscription.go:1427
[0m[33m[0.000ms] [34;1m[rows:0][0m SELECT * FROM `user_subscriptions` WHERE next_reset_time > 0 AND next_reset_time <= 1786724124 AND status = 'active' ORDER BY next_reset_time asc LIMIT 300
[SYS] 2026/08/15 - 00:15:24 | syncing options from database 
[SYS] 2026/08/15 - 00:15:24 | syncing channels from database 

2026/08/15 00:15:24 [32mE:/selfWork/newApi/sourceCode/new-api/service/authz/adapter.go:23
[0m[33m[4.272ms] [34;1m[rows:3][0m SELECT * FROM `casbin_rule` ORDER BY id asc

2026/08/15 00:15:24 [32mE:/selfWork/newApi/sourceCode/new-api/model/channel_cache.go:34
[0m[33m[3.178ms] [34;1m[rows:22][0m SELECT * FROM `channels`

2026/08/15 00:15:24 [32mE:/selfWork/newApi/sourceCode/new-api/model/option.go:26
[0m[33m[3.706ms] [34;1m[rows:40][0m SELECT * FROM `options`

2026/08/15 00:15:24 [32mE:/selfWork/newApi/sourceCode/new-api/model/channel_cache.go:44
[0m[33m[0.555ms] [34;1m[rows:126][0m SELECT * FROM `abilities`

2026/08/15 00:15:24 [32mE:/selfWork/newApi/sourceCode/new-api/model/channel_model_health.go:384
[0m[33m[0.000ms] [34;1m[rows:11][0m SELECT * FROM `channel_model_health`

2026/08/15 00:15:24 [32mE:/selfWork/newApi/sourceCode/new-api/model/channel_model_manual_disable.go:61
[0m[33m[0.000ms] [34;1m[rows:0][0m SELECT * FROM `channel_model_manual_disables` WHERE active = true
[SYS] 2026/08/15 - 00:15:24 | channels synced from database 

2026/08/15 00:15:39 [32mE:/selfWork/newApi/sourceCode/new-api/model/system_task.go:363
[0m[33m[0.000ms] [34;1m[rows:0][0m SELECT * FROM `system_task_locks` WHERE locked_until < 1786724139

2026/08/15 00:15:39 [32mE:/selfWork/newApi/sourceCode/new-api/model/midjourney.go:113
[0m[33m[0.000ms] [34;1m[rows:0][0m SELECT `id` FROM `midjourneys` WHERE progress != '100%' LIMIT 1

2026/08/15 00:15:39 [32mE:/selfWork/newApi/sourceCode/new-api/model/task.go:333
[0m[33m[0.517ms] [34;1m[rows:0][0m SELECT `id` FROM `tasks` WHERE progress != '100%' AND status != 'FAILURE' AND status != 'SUCCESS' LIMIT 1

2026/08/15 00:15:39 [32mE:/selfWork/newApi/sourceCode/new-api/model/system_task.go:217
[0m[33m[0.541ms] [34;1m[rows:2][0m SELECT * FROM `system_tasks` WHERE id IN (SELECT MAX(id) FROM `system_tasks` WHERE type IN ('channel_test','model_update') GROUP BY `type`)

2026/08/15 00:15:39 [32mE:/selfWork/newApi/sourceCode/new-api/model/system_task.go:170
[0m[33m[0.600ms] [34;1m[rows:0][0m SELECT * FROM `system_tasks` WHERE id IN (SELECT MIN(id) FROM `system_tasks` WHERE type IN ('channel_test','channel_model_probe','model_update','midjourney_poll','async_task_poll','log_cleanup') AND status = 'pending' GROUP BY `type`)

2026/08/15 00:15:54 [32mE:/selfWork/newApi/sourceCode/new-api/model/midjourney.go:113
[0m[33m[0.000ms] [34;1m[rows:0][0m SELECT `id` FROM `midjourneys` WHERE progress != '100%' LIMIT 1

2026/08/15 00:15:54 [32mE:/selfWork/newApi/sourceCode/new-api/model/task.go:333
[0m[33m[0.000ms] [34;1m[rows:0][0m SELECT `id` FROM `tasks` WHERE progress != '100%' AND status != 'FAILURE' AND status != 'SUCCESS' LIMIT 1

2026/08/15 00:15:54 [32mE:/selfWork/newApi/sourceCode/new-api/model/system_task.go:217
[0m[33m[0.521ms] [34;1m[rows:2][0m SELECT * FROM `system_tasks` WHERE id IN (SELECT MAX(id) FROM `system_tasks` WHERE type IN ('channel_test','model_update') GROUP BY `type`)

2026/08/15 00:15:54 [32mE:/selfWork/newApi/sourceCode/new-api/model/system_task.go:170
[0m[33m[0.542ms] [34;1m[rows:0][0m SELECT * FROM `system_tasks` WHERE id IN (SELECT MIN(id) FROM `system_tasks` WHERE type IN ('channel_test','channel_model_probe','model_update','midjourney_poll','async_task_poll','log_cleanup') AND status = 'pending' GROUP BY `type`)

2026/08/15 00:15:54 [32mE:/selfWork/newApi/sourceCode/new-api/model/system_instance.go:69
[0m[33m[2.137ms] [34;1m[rows:2][0m INSERT INTO `system_instances` (`node_name`,`info`,`started_at`,`last_seen_at`,`created_at`,`updated_at`) VALUES ('PC-20260521RLZQ','{"schema_version":1,"node":{"name":"PC-20260521RLZQ","source":"hostname","manually_configured":false,"should_configure_manually":true},"role":{"is_master":true},"runtime":{"version":"v0.0.0","goos":"windows","goarch":"amd64","started_at":1786723884},"host":{"hostname":"PC-20260521RLZQ"},"resources":{"cpu":{"usage_percent":0},"memory":{"usage_percent":0},"storage":{"total_bytes":370724040704,"used_bytes":157071249408,"free_bytes":213652791296,"used_percent":42.36877897363327}}}',1786723884,1786724154,1786724154,1786724154) ON DUPLICATE KEY UPDATE `info`=VALUES(`info`),`started_at`=VALUES(`started_at`),`last_seen_at`=VALUES(`last_seen_at`),`updated_at`=VALUES(`updated_at`)

2026/08/15 00:16:09 [32mE:/selfWork/newApi/sourceCode/new-api/model/system_task.go:170
[0m[33m[0.515ms] [34;1m[rows:0][0m SELECT * FROM `system_tasks` WHERE id IN (SELECT MIN(id) FROM `system_tasks` WHERE type IN ('channel_test','channel_model_probe','model_update','midjourney_poll','async_task_poll','log_cleanup') AND status = 'pending' GROUP BY `type`)

2026/08/15 00:16:24 [32mE:/selfWork/newApi/sourceCode/new-api/model/db_time.go:16
[0m[33m[0.000ms] [34;1m[rows:1][0m SELECT UNIX_TIMESTAMP()

2026/08/15 00:16:24 [32mE:/selfWork/newApi/sourceCode/new-api/model/system_task.go:363
[0m[33m[0.000ms] [34;1m[rows:0][0m SELECT * FROM `system_task_locks` WHERE locked_until < 1786724184

2026/08/15 00:16:24 [32mE:/selfWork/newApi/sourceCode/new-api/model/subscription.go:1139
[0m[33m[0.000ms] [34;1m[rows:0][0m SELECT * FROM `user_subscriptions` WHERE status = 'active' AND end_time > 0 AND end_time <= 1786724184 ORDER BY end_time asc, id asc LIMIT 300

2026/08/15 00:16:24 [32mE:/selfWork/newApi/sourceCode/new-api/model/midjourney.go:113
[0m[33m[0.533ms] [34;1m[rows:0][0m SELECT `id` FROM `midjourneys` WHERE progress != '100%' LIMIT 1

2026/08/15 00:16:24 [32mE:/selfWork/newApi/sourceCode/new-api/model/db_time.go:16
[0m[33m[0.000ms] [34;1m[rows:1][0m SELECT UNIX_TIMESTAMP()

2026/08/15 00:16:24 [32mE:/selfWork/newApi/sourceCode/new-api/model/task.go:333
[0m[33m[0.000ms] [34;1m[rows:0][0m SELECT `id` FROM `tasks` WHERE progress != '100%' AND status != 'FAILURE' AND status != 'SUCCESS' LIMIT 1

2026/08/15 00:16:24 [32mE:/selfWork/newApi/sourceCode/new-api/model/system_instance.go:69
[0m[33m[0.533ms] [34;1m[rows:2][0m INSERT INTO `system_instances` (`node_name`,`info`,`started_at`,`last_seen_at`,`created_at`,`updated_at`) VALUES ('PC-20260521RLZQ','{"schema_version":1,"node":{"name":"PC-20260521RLZQ","source":"hostname","manually_configured":false,"should_configure_manually":true},"role":{"is_master":true},"runtime":{"version":"v0.0.0","goos":"windows","goarch":"amd64","started_at":1786723884},"host":{"hostname":"PC-20260521RLZQ"},"resources":{"cpu":{"usage_percent":0},"memory":{"usage_percent":0},"storage":{"total_bytes":370724040704,"used_bytes":157071675392,"free_bytes":213652365312,"used_percent":42.368893879588434}}}',1786723884,1786724184,1786724184,1786724184) ON DUPLICATE KEY UPDATE `info`=VALUES(`info`),`started_at`=VALUES(`started_at`),`last_seen_at`=VALUES(`last_seen_at`),`updated_at`=VALUES(`updated_at`)

2026/08/15 00:16:24 [32mE:/selfWork/newApi/sourceCode/new-api/model/subscription.go:1427
[0m[33m[0.529ms] [34;1m[rows:0][0m SELECT * FROM `user_subscriptions` WHERE next_reset_time > 0 AND next_reset_time <= 1786724184 AND status = 'active' ORDER BY next_reset_time asc LIMIT 300

2026/08/15 00:16:24 [32mE:/selfWork/newApi/sourceCode/new-api/model/system_task.go:217
[0m[33m[1.070ms] [34;1m[rows:2][0m SELECT * FROM `system_tasks` WHERE id IN (SELECT MAX(id) FROM `system_tasks` WHERE type IN ('channel_test','model_update') GROUP BY `type`)

2026/08/15 00:16:24 [32mE:/selfWork/newApi/sourceCode/new-api/model/system_task.go:170
[0m[33m[0.577ms] [34;1m[rows:0][0m SELECT * FROM `system_tasks` WHERE id IN (SELECT MIN(id) FROM `system_tasks` WHERE type IN ('log_cleanup','channel_test','channel_model_probe','model_update','midjourney_poll','async_task_poll') AND status = 'pending' GROUP BY `type`)
[SYS] 2026/08/15 - 00:16:24 | syncing options from database 
[SYS] 2026/08/15 - 00:16:24 | syncing channels from database 

2026/08/15 00:16:24 [32mE:/selfWork/newApi/sourceCode/new-api/model/channel_cache.go:34
[0m[33m[3.231ms] [34;1m[rows:22][0m SELECT * FROM `channels`

2026/08/15 00:16:24 [32mE:/selfWork/newApi/sourceCode/new-api/model/channel_cache.go:44
[0m[33m[0.531ms] [34;1m[rows:126][0m SELECT * FROM `abilities`

2026/08/15 00:16:24 [32mE:/selfWork/newApi/sourceCode/new-api/model/channel_model_health.go:384
[0m[33m[0.000ms] [34;1m[rows:11][0m SELECT * FROM `channel_model_health`

2026/08/15 00:16:24 [32mE:/selfWork/newApi/sourceCode/new-api/model/option.go:26
[0m[33m[5.451ms] [34;1m[rows:40][0m SELECT * FROM `options`

2026/08/15 00:16:24 [32mE:/selfWork/newApi/sourceCode/new-api/model/channel_model_manual_disable.go:61
[0m[33m[0.000ms] [34;1m[rows:0][0m SELECT * FROM `channel_model_manual_disables` WHERE active = true
[SYS] 2026/08/15 - 00:16:24 | channels synced from database 

2026/08/15 00:16:24 [32mE:/selfWork/newApi/sourceCode/new-api/service/authz/adapter.go:23
[0m[33m[6.554ms] [34;1m[rows:3][0m SELECT * FROM `casbin_rule` ORDER BY id asc

2026/08/15 00:16:39 [32mE:/selfWork/newApi/sourceCode/new-api/model/system_task.go:170
[0m[33m[0.547ms] [34;1m[rows:0][0m SELECT * FROM `system_tasks` WHERE id IN (SELECT MIN(id) FROM `system_tasks` WHERE type IN ('model_update','midjourney_poll','async_task_poll','log_cleanup','channel_test','channel_model_probe') AND status = 'pending' GROUP BY `type`)

2026/08/15 00:16:54 [32mE:/selfWork/newApi/sourceCode/new-api/model/midjourney.go:113
[0m[33m[0.533ms] [34;1m[rows:0][0m SELECT `id` FROM `midjourneys` WHERE progress != '100%' LIMIT 1

2026/08/15 00:16:54 [32mE:/selfWork/newApi/sourceCode/new-api/model/task.go:333
[0m[33m[0.000ms] [34;1m[rows:0][0m SELECT `id` FROM `tasks` WHERE progress != '100%' AND status != 'FAILURE' AND status != 'SUCCESS' LIMIT 1

2026/08/15 00:16:54 [32mE:/selfWork/newApi/sourceCode/new-api/model/system_instance.go:69
[0m[33m[1.091ms] [34;1m[rows:2][0m INSERT INTO `system_instances` (`node_name`,`info`,`started_at`,`last_seen_at`,`created_at`,`updated_at`) VALUES ('PC-20260521RLZQ','{"schema_version":1,"node":{"name":"PC-20260521RLZQ","source":"hostname","manually_configured":false,"should_configure_manually":true},"role":{"is_master":true},"runtime":{"version":"v0.0.0","goos":"windows","goarch":"amd64","started_at":1786723884},"host":{"hostname":"PC-20260521RLZQ"},"resources":{"cpu":{"usage_percent":0},"memory":{"usage_percent":0},"storage":{"total_bytes":370724040704,"used_bytes":157072338944,"free_bytes":213651701760,"used_percent":42.369072867710905}}}',1786723884,1786724214,1786724214,1786724214) ON DUPLICATE KEY UPDATE `info`=VALUES(`info`),`started_at`=VALUES(`started_at`),`last_seen_at`=VALUES(`last_seen_at`),`updated_at`=VALUES(`updated_at`)

2026/08/15 00:16:54 [32mE:/selfWork/newApi/sourceCode/new-api/model/system_task.go:217
[0m[33m[2.538ms] [34;1m[rows:2][0m SELECT * FROM `system_tasks` WHERE id IN (SELECT MAX(id) FROM `system_tasks` WHERE type IN ('channel_test','model_update') GROUP BY `type`)

2026/08/15 00:16:54 [32mE:/selfWork/newApi/sourceCode/new-api/model/system_task.go:170
[0m[33m[0.587ms] [34;1m[rows:0][0m SELECT * FROM `system_tasks` WHERE id IN (SELECT MIN(id) FROM `system_tasks` WHERE type IN ('model_update','midjourney_poll','async_task_poll','log_cleanup','channel_test','channel_model_probe') AND status = 'pending' GROUP BY `type`)

2026/08/15 00:17:09 [32mE:/selfWork/newApi/sourceCode/new-api/model/system_task.go:363
[0m[33m[1.048ms] [34;1m[rows:0][0m SELECT * FROM `system_task_locks` WHERE locked_until < 1786724229

2026/08/15 00:17:09 [32mE:/selfWork/newApi/sourceCode/new-api/model/midjourney.go:113
[0m[33m[0.673ms] [34;1m[rows:0][0m SELECT `id` FROM `midjourneys` WHERE progress != '100%' LIMIT 1

2026/08/15 00:17:09 [32mE:/selfWork/newApi/sourceCode/new-api/model/task.go:333
[0m[33m[0.000ms] [34;1m[rows:0][0m SELECT `id` FROM `tasks` WHERE progress != '100%' AND status != 'FAILURE' AND status != 'SUCCESS' LIMIT 1

2026/08/15 00:17:09 [32mE:/selfWork/newApi/sourceCode/new-api/model/system_task.go:217
[0m[33m[0.705ms] [34;1m[rows:2][0m SELECT * FROM `system_tasks` WHERE id IN (SELECT MAX(id) FROM `system_tasks` WHERE type IN ('model_update','channel_test') GROUP BY `type`)

2026/08/15 00:17:09 [32mE:/selfWork/newApi/sourceCode/new-api/model/system_task.go:170
[0m[33m[1.087ms] [34;1m[rows:0][0m SELECT * FROM `system_tasks` WHERE id IN (SELECT MIN(id) FROM `system_tasks` WHERE type IN ('channel_test','channel_model_probe','model_update','midjourney_poll','async_task_poll','log_cleanup') AND status = 'pending' GROUP BY `type`)

2026/08/15 00:17:24 [32mE:/selfWork/newApi/sourceCode/new-api/model/db_time.go:16
[0m[33m[0.000ms] [34;1m[rows:1][0m SELECT UNIX_TIMESTAMP()

2026/08/15 00:17:24 [32mE:/selfWork/newApi/sourceCode/new-api/model/subscription.go:1139
[0m[33m[0.550ms] [34;1m[rows:0][0m SELECT * FROM `user_subscriptions` WHERE status = 'active' AND end_time > 0 AND end_time <= 1786724244 ORDER BY end_time asc, id asc LIMIT 300

2026/08/15 00:17:24 [32mE:/selfWork/newApi/sourceCode/new-api/model/db_time.go:16
[0m[33m[0.000ms] [34;1m[rows:1][0m SELECT UNIX_TIMESTAMP()

2026/08/15 00:17:24 [32mE:/selfWork/newApi/sourceCode/new-api/model/system_task.go:170
[0m[33m[0.000ms] [34;1m[rows:0][0m SELECT * FROM `system_tasks` WHERE id IN (SELECT MIN(id) FROM `system_tasks` WHERE type IN ('log_cleanup','channel_test','channel_model_probe','model_update','midjourney_poll','async_task_poll') AND status = 'pending' GROUP BY `type`)

2026/08/15 00:17:24 [32mE:/selfWork/newApi/sourceCode/new-api/model/subscription.go:1427
[0m[33m[1.046ms] [34;1m[rows:0][0m SELECT * FROM `user_subscriptions` WHERE next_reset_time > 0 AND next_reset_time <= 1786724244 AND status = 'active' ORDER BY next_reset_time asc LIMIT 300

2026/08/15 00:17:24 [32mE:/selfWork/newApi/sourceCode/new-api/model/system_instance.go:69
[0m[33m[1.326ms] [34;1m[rows:2][0m INSERT INTO `system_instances` (`node_name`,`info`,`started_at`,`last_seen_at`,`created_at`,`updated_at`) VALUES ('PC-20260521RLZQ','{"schema_version":1,"node":{"name":"PC-20260521RLZQ","source":"hostname","manually_configured":false,"should_configure_manually":true},"role":{"is_master":true},"runtime":{"version":"v0.0.0","goos":"windows","goarch":"amd64","started_at":1786723884},"host":{"hostname":"PC-20260521RLZQ"},"resources":{"cpu":{"usage_percent":0},"memory":{"usage_percent":0},"storage":{"total_bytes":370724040704,"used_bytes":157072683008,"free_bytes":213651357696,"used_percent":42.369165676367004}}}',1786723884,1786724244,1786724244,1786724244) ON DUPLICATE KEY UPDATE `info`=VALUES(`info`),`started_at`=VALUES(`started_at`),`last_seen_at`=VALUES(`last_seen_at`),`updated_at`=VALUES(`updated_at`)
[SYS] 2026/08/15 - 00:17:24 | syncing options from database 
[SYS] 2026/08/15 - 00:17:24 | syncing channels from database 

2026/08/15 00:17:24 [32mE:/selfWork/newApi/sourceCode/new-api/service/authz/adapter.go:23
[0m[33m[4.249ms] [34;1m[rows:3][0m SELECT * FROM `casbin_rule` ORDER BY id asc

2026/08/15 00:17:24 [32mE:/selfWork/newApi/sourceCode/new-api/model/channel_cache.go:34
[0m[33m[4.784ms] [34;1m[rows:22][0m SELECT * FROM `channels`

2026/08/15 00:17:24 [32mE:/selfWork/newApi/sourceCode/new-api/model/option.go:26
[0m[33m[5.329ms] [34;1m[rows:40][0m SELECT * FROM `options`

2026/08/15 00:17:24 [32mE:/selfWork/newApi/sourceCode/new-api/model/channel_cache.go:44
[0m[33m[0.525ms] [34;1m[rows:126][0m SELECT * FROM `abilities`

2026/08/15 00:17:24 [32mE:/selfWork/newApi/sourceCode/new-api/model/channel_model_health.go:384
[0m[33m[0.000ms] [34;1m[rows:11][0m SELECT * FROM `channel_model_health`

2026/08/15 00:17:24 [32mE:/selfWork/newApi/sourceCode/new-api/model/channel_model_manual_disable.go:61
[0m[33m[0.000ms] [34;1m[rows:0][0m SELECT * FROM `channel_model_manual_disables` WHERE active = true
[SYS] 2026/08/15 - 00:17:24 | channels synced from database 

2026/08/15 00:17:39 [32mE:/selfWork/newApi/sourceCode/new-api/model/system_task.go:363
[0m[33m[0.000ms] [34;1m[rows:0][0m SELECT * FROM `system_task_locks` WHERE locked_until < 1786724259

2026/08/15 00:17:39 [32mE:/selfWork/newApi/sourceCode/new-api/model/midjourney.go:113
[0m[33m[0.000ms] [34;1m[rows:0][0m SELECT `id` FROM `midjourneys` WHERE progress != '100%' LIMIT 1

2026/08/15 00:17:39 [32mE:/selfWork/newApi/sourceCode/new-api/model/task.go:333
[0m[33m[1.035ms] [34;1m[rows:0][0m SELECT `id` FROM `tasks` WHERE progress != '100%' AND status != 'FAILURE' AND status != 'SUCCESS' LIMIT 1

2026/08/15 00:17:39 [32mE:/selfWork/newApi/sourceCode/new-api/model/system_task.go:217
[0m[33m[0.554ms] [34;1m[rows:2][0m SELECT * FROM `system_tasks` WHERE id IN (SELECT MAX(id) FROM `system_tasks` WHERE type IN ('model_update','channel_test') GROUP BY `type`)

2026/08/15 00:17:39 [32mE:/selfWork/newApi/sourceCode/new-api/model/system_task.go:170
[0m[33m[0.749ms] [34;1m[rows:0][0m SELECT * FROM `system_tasks` WHERE id IN (SELECT MIN(id) FROM `system_tasks` WHERE type IN ('midjourney_poll','async_task_poll','log_cleanup','channel_test','channel_model_probe','model_update') AND status = 'pending' GROUP BY `type`)

2026/08/15 00:17:54 [32mE:/selfWork/newApi/sourceCode/new-api/model/midjourney.go:113
[0m[33m[0.000ms] [34;1m[rows:0][0m SELECT `id` FROM `midjourneys` WHERE progress != '100%' LIMIT 1

2026/08/15 00:17:54 [32mE:/selfWork/newApi/sourceCode/new-api/model/task.go:333
[0m[33m[0.000ms] [34;1m[rows:0][0m SELECT `id` FROM `tasks` WHERE progress != '100%' AND status != 'FAILURE' AND status != 'SUCCESS' LIMIT 1

2026/08/15 00:17:54 [32mE:/selfWork/newApi/sourceCode/new-api/model/system_instance.go:69
[0m[33m[1.028ms] [34;1m[rows:2][0m INSERT INTO `system_instances` (`node_name`,`info`,`started_at`,`last_seen_at`,`created_at`,`updated_at`) VALUES ('PC-20260521RLZQ','{"schema_version":1,"node":{"name":"PC-20260521RLZQ","source":"hostname","manually_configured":false,"should_configure_manually":true},"role":{"is_master":true},"runtime":{"version":"v0.0.0","goos":"windows","goarch":"amd64","started_at":1786723884},"host":{"hostname":"PC-20260521RLZQ"},"resources":{"cpu":{"usage_percent":0},"memory":{"usage_percent":0},"storage":{"total_bytes":370724040704,"used_bytes":157075066880,"free_bytes":213648973824,"used_percent":42.36980870776995}}}',1786723884,1786724274,1786724274,1786724274) ON DUPLICATE KEY UPDATE `info`=VALUES(`info`),`started_at`=VALUES(`started_at`),`last_seen_at`=VALUES(`last_seen_at`),`updated_at`=VALUES(`updated_at`)

2026/08/15 00:17:54 [32mE:/selfWork/newApi/sourceCode/new-api/model/system_task.go:217
[0m[33m[1.028ms] [34;1m[rows:2][0m SELECT * FROM `system_tasks` WHERE id IN (SELECT MAX(id) FROM `system_tasks` WHERE type IN ('channel_test','model_update') GROUP BY `type`)

2026/08/15 00:17:54 [32mE:/selfWork/newApi/sourceCode/new-api/model/system_task.go:170
[0m[33m[0.000ms] [34;1m[rows:0][0m SELECT * FROM `system_tasks` WHERE id IN (SELECT MIN(id) FROM `system_tasks` WHERE type IN ('model_update','midjourney_poll','async_task_poll','log_cleanup','channel_test','channel_model_probe') AND status = 'pending' GROUP BY `type`)

2026/08/15 00:18:09 [32mE:/selfWork/newApi/sourceCode/new-api/model/system_task.go:170
[0m[33m[0.534ms] [34;1m[rows:0][0m SELECT * FROM `system_tasks` WHERE id IN (SELECT MIN(id) FROM `system_tasks` WHERE type IN ('channel_model_probe','model_update','midjourney_poll','async_task_poll','log_cleanup','channel_test') AND status = 'pending' GROUP BY `type`)

2026/08/15 00:18:24 [32mE:/selfWork/newApi/sourceCode/new-api/model/db_time.go:16
[0m[33m[0.000ms] [34;1m[rows:1][0m SELECT UNIX_TIMESTAMP()

2026/08/15 00:18:24 [32mE:/selfWork/newApi/sourceCode/new-api/model/system_task.go:363
[0m[33m[0.000ms] [34;1m[rows:0][0m SELECT * FROM `system_task_locks` WHERE locked_until < 1786724304

2026/08/15 00:18:24 [32mE:/selfWork/newApi/sourceCode/new-api/model/midjourney.go:113
[0m[33m[0.000ms] [34;1m[rows:0][0m SELECT `id` FROM `midjourneys` WHERE progress != '100%' LIMIT 1

2026/08/15 00:18:24 [32mE:/selfWork/newApi/sourceCode/new-api/model/task.go:333
[0m[33m[0.000ms] [34;1m[rows:0][0m SELECT `id` FROM `tasks` WHERE progress != '100%' AND status != 'FAILURE' AND status != 'SUCCESS' LIMIT 1

2026/08/15 00:18:24 [32mE:/selfWork/newApi/sourceCode/new-api/model/subscription.go:1139
[0m[33m[0.526ms] [34;1m[rows:0][0m SELECT * FROM `user_subscriptions` WHERE status = 'active' AND end_time > 0 AND end_time <= 1786724304 ORDER BY end_time asc, id asc LIMIT 300

2026/08/15 00:18:24 [32mE:/selfWork/newApi/sourceCode/new-api/model/db_time.go:16
[0m[33m[0.524ms] [34;1m[rows:1][0m SELECT UNIX_TIMESTAMP()

2026/08/15 00:18:24 [32mE:/selfWork/newApi/sourceCode/new-api/model/system_task.go:217
[0m[33m[0.524ms] [34;1m[rows:2][0m SELECT * FROM `system_tasks` WHERE id IN (SELECT MAX(id) FROM `system_tasks` WHERE type IN ('model_update','channel_test') GROUP BY `type`)

2026/08/15 00:18:24 [32mE:/selfWork/newApi/sourceCode/new-api/model/system_instance.go:69
[0m[33m[0.524ms] [34;1m[rows:2][0m INSERT INTO `system_instances` (`node_name`,`info`,`started_at`,`last_seen_at`,`created_at`,`updated_at`) VALUES ('PC-20260521RLZQ','{"schema_version":1,"node":{"name":"PC-20260521RLZQ","source":"hostname","manually_configured":false,"should_configure_manually":true},"role":{"is_master":true},"runtime":{"version":"v0.0.0","goos":"windows","goarch":"amd64","started_at":1786723884},"host":{"hostname":"PC-20260521RLZQ"},"resources":{"cpu":{"usage_percent":0},"memory":{"usage_percent":0},"storage":{"total_bytes":370724040704,"used_bytes":157075619840,"free_bytes":213648420864,"used_percent":42.36995786453867}}}',1786723884,1786724304,1786724304,1786724304) ON DUPLICATE KEY UPDATE `info`=VALUES(`info`),`started_at`=VALUES(`started_at`),`last_seen_at`=VALUES(`last_seen_at`),`updated_at`=VALUES(`updated_at`)

2026/08/15 00:18:24 [32mE:/selfWork/newApi/sourceCode/new-api/model/subscription.go:1427
[0m[33m[0.000ms] [34;1m[rows:0][0m SELECT * FROM `user_subscriptions` WHERE next_reset_time > 0 AND next_reset_time <= 1786724304 AND status = 'active' ORDER BY next_reset_time asc LIMIT 300

2026/08/15 00:18:24 [32mE:/selfWork/newApi/sourceCode/new-api/model/system_task.go:170
[0m[33m[1.585ms] [34;1m[rows:0][0m SELECT * FROM `system_tasks` WHERE id IN (SELECT MIN(id) FROM `system_tasks` WHERE type IN ('log_cleanup','channel_test','channel_model_probe','model_update','midjourney_poll','async_task_poll') AND status = 'pending' GROUP BY `type`)
[SYS] 2026/08/15 - 00:18:24 | syncing options from database 
[SYS] 2026/08/15 - 00:18:24 | syncing channels from database 

2026/08/15 00:18:24 [32mE:/selfWork/newApi/sourceCode/new-api/model/channel_cache.go:34
[0m[33m[3.016ms] [34;1m[rows:22][0m SELECT * FROM `channels`

2026/08/15 00:18:24 [32mE:/selfWork/newApi/sourceCode/new-api/model/option.go:26
[0m[33m[4.140ms] [34;1m[rows:40][0m SELECT * FROM `options`

2026/08/15 00:18:24 [32mE:/selfWork/newApi/sourceCode/new-api/model/channel_cache.go:44
[0m[33m[0.549ms] [34;1m[rows:126][0m SELECT * FROM `abilities`

2026/08/15 00:18:24 [32mE:/selfWork/newApi/sourceCode/new-api/service/authz/adapter.go:23
[0m[33m[6.299ms] [34;1m[rows:3][0m SELECT * FROM `casbin_rule` ORDER BY id asc

2026/08/15 00:18:24 [32mE:/selfWork/newApi/sourceCode/new-api/model/channel_model_health.go:384
[0m[33m[0.000ms] [34;1m[rows:11][0m SELECT * FROM `channel_model_health`

2026/08/15 00:18:24 [32mE:/selfWork/newApi/sourceCode/new-api/model/channel_model_manual_disable.go:61
[0m[33m[0.000ms] [34;1m[rows:0][0m SELECT * FROM `channel_model_manual_disables` WHERE active = true
[SYS] 2026/08/15 - 00:18:24 | channels synced from database 

2026/08/15 00:18:39 [32mE:/selfWork/newApi/sourceCode/new-api/model/midjourney.go:113
[0m[33m[0.000ms] [34;1m[rows:0][0m SELECT `id` FROM `midjourneys` WHERE progress != '100%' LIMIT 1

2026/08/15 00:18:39 [32mE:/selfWork/newApi/sourceCode/new-api/model/task.go:333
[0m[33m[1.006ms] [34;1m[rows:0][0m SELECT `id` FROM `tasks` WHERE progress != '100%' AND status != 'FAILURE' AND status != 'SUCCESS' LIMIT 1

2026/08/15 00:18:39 [32mE:/selfWork/newApi/sourceCode/new-api/model/system_task.go:217
[0m[33m[1.035ms] [34;1m[rows:2][0m SELECT * FROM `system_tasks` WHERE id IN (SELECT MAX(id) FROM `system_tasks` WHERE type IN ('model_update','channel_test') GROUP BY `type`)

2026/08/15 00:18:39 [32mE:/selfWork/newApi/sourceCode/new-api/model/system_task.go:170
[0m[33m[0.506ms] [34;1m[rows:0][0m SELECT * FROM `system_tasks` WHERE id IN (SELECT MIN(id) FROM `system_tasks` WHERE type IN ('log_cleanup','channel_test','channel_model_probe','model_update','midjourney_poll','async_task_poll') AND status = 'pending' GROUP BY `type`)

2026/08/15 00:18:54 [32mE:/selfWork/newApi/sourceCode/new-api/model/system_task.go:170
[0m[33m[0.526ms] [34;1m[rows:0][0m SELECT * FROM `system_tasks` WHERE id IN (SELECT MIN(id) FROM `system_tasks` WHERE type IN ('model_update','midjourney_poll','async_task_poll','log_cleanup','channel_test','channel_model_probe') AND status = 'pending' GROUP BY `type`)

2026/08/15 00:18:54 [32mE:/selfWork/newApi/sourceCode/new-api/model/system_instance.go:69
[0m[33m[1.623ms] [34;1m[rows:2][0m INSERT INTO `system_instances` (`node_name`,`info`,`started_at`,`last_seen_at`,`created_at`,`updated_at`) VALUES ('PC-20260521RLZQ','{"schema_version":1,"node":{"name":"PC-20260521RLZQ","source":"hostname","manually_configured":false,"should_configure_manually":true},"role":{"is_master":true},"runtime":{"version":"v0.0.0","goos":"windows","goarch":"amd64","started_at":1786723884},"host":{"hostname":"PC-20260521RLZQ"},"resources":{"cpu":{"usage_percent":0},"memory":{"usage_percent":0},"storage":{"total_bytes":370724040704,"used_bytes":157075607552,"free_bytes":213648433152,"used_percent":42.36995454994381}}}',1786723884,1786724334,1786724334,1786724334) ON DUPLICATE KEY UPDATE `info`=VALUES(`info`),`started_at`=VALUES(`started_at`),`last_seen_at`=VALUES(`last_seen_at`),`updated_at`=VALUES(`updated_at`)

2026/08/15 00:19:09 [32mE:/selfWork/newApi/sourceCode/new-api/model/system_task.go:363
[0m[33m[1.048ms] [34;1m[rows:0][0m SELECT * FROM `system_task_locks` WHERE locked_until < 1786724349

2026/08/15 00:19:09 [32mE:/selfWork/newApi/sourceCode/new-api/model/midjourney.go:113
[0m[33m[0.000ms] [34;1m[rows:0][0m SELECT `id` FROM `midjourneys` WHERE progress != '100%' LIMIT 1

2026/08/15 00:19:09 [32mE:/selfWork/newApi/sourceCode/new-api/model/task.go:333
[0m[33m[0.531ms] [34;1m[rows:0][0m SELECT `id` FROM `tasks` WHERE progress != '100%' AND status != 'FAILURE' AND status != 'SUCCESS' LIMIT 1

2026/08/15 00:19:09 [32mE:/selfWork/newApi/sourceCode/new-api/model/system_task.go:217
[0m[33m[0.898ms] [34;1m[rows:2][0m SELECT * FROM `system_tasks` WHERE id IN (SELECT MAX(id) FROM `system_tasks` WHERE type IN ('model_update','channel_test') GROUP BY `type`)

2026/08/15 00:19:09 [32mE:/selfWork/newApi/sourceCode/new-api/model/system_task.go:170
[0m[33m[0.502ms] [34;1m[rows:0][0m SELECT * FROM `system_tasks` WHERE id IN (SELECT MIN(id) FROM `system_tasks` WHERE type IN ('async_task_poll','log_cleanup','channel_test','channel_model_probe','model_update','midjourney_poll') AND status = 'pending' GROUP BY `type`)

2026/08/15 00:19:24 [32mE:/selfWork/newApi/sourceCode/new-api/model/db_time.go:16
[0m[33m[0.606ms] [34;1m[rows:1][0m SELECT UNIX_TIMESTAMP()

2026/08/15 00:19:24 [32mE:/selfWork/newApi/sourceCode/new-api/model/system_task.go:170
[0m[33m[1.119ms] [34;1m[rows:0][0m SELECT * FROM `system_tasks` WHERE id IN (SELECT MIN(id) FROM `system_tasks` WHERE type IN ('channel_test','channel_model_probe','model_update','midjourney_poll','async_task_poll','log_cleanup') AND status = 'pending' GROUP BY `type`)

2026/08/15 00:19:24 [32mE:/selfWork/newApi/sourceCode/new-api/model/subscription.go:1139
[0m[33m[0.544ms] [34;1m[rows:0][0m SELECT * FROM `user_subscriptions` WHERE status = 'active' AND end_time > 0 AND end_time <= 1786724364 ORDER BY end_time asc, id asc LIMIT 300

2026/08/15 00:19:24 [32mE:/selfWork/newApi/sourceCode/new-api/model/db_time.go:16
[0m[33m[0.599ms] [34;1m[rows:1][0m SELECT UNIX_TIMESTAMP()

2026/08/15 00:19:24 [32mE:/selfWork/newApi/sourceCode/new-api/model/subscription.go:1427
[0m[33m[0.000ms] [34;1m[rows:0][0m SELECT * FROM `user_subscriptions` WHERE next_reset_time > 0 AND next_reset_time <= 1786724364 AND status = 'active' ORDER BY next_reset_time asc LIMIT 300

2026/08/15 00:19:24 [32mE:/selfWork/newApi/sourceCode/new-api/model/system_instance.go:69
[0m[33m[1.684ms] [34;1m[rows:2][0m INSERT INTO `system_instances` (`node_name`,`info`,`started_at`,`last_seen_at`,`created_at`,`updated_at`) VALUES ('PC-20260521RLZQ','{"schema_version":1,"node":{"name":"PC-20260521RLZQ","source":"hostname","manually_configured":false,"should_configure_manually":true},"role":{"is_master":true},"runtime":{"version":"v0.0.0","goos":"windows","goarch":"amd64","started_at":1786723884},"host":{"hostname":"PC-20260521RLZQ"},"resources":{"cpu":{"usage_percent":0},"memory":{"usage_percent":0},"storage":{"total_bytes":370724040704,"used_bytes":157075873792,"free_bytes":213648166912,"used_percent":42.37002636616579}}}',1786723884,1786724364,1786724364,1786724364) ON DUPLICATE KEY UPDATE `info`=VALUES(`info`),`started_at`=VALUES(`started_at`),`last_seen_at`=VALUES(`last_seen_at`),`updated_at`=VALUES(`updated_at`)
[SYS] 2026/08/15 - 00:19:24 | syncing options from database 
[SYS] 2026/08/15 - 00:19:24 | syncing channels from database 

2026/08/15 00:19:24 [32mE:/selfWork/newApi/sourceCode/new-api/model/option.go:26
[0m[33m[5.947ms] [34;1m[rows:40][0m SELECT * FROM `options`

2026/08/15 00:19:24 [32mE:/selfWork/newApi/sourceCode/new-api/service/authz/adapter.go:23
[0m[33m[5.942ms] [34;1m[rows:3][0m SELECT * FROM `casbin_rule` ORDER BY id asc

2026/08/15 00:19:24 [32mE:/selfWork/newApi/sourceCode/new-api/model/channel_cache.go:34
[0m[33m[5.941ms] [34;1m[rows:22][0m SELECT * FROM `channels`

2026/08/15 00:19:24 [32mE:/selfWork/newApi/sourceCode/new-api/model/channel_cache.go:44
[0m[33m[0.528ms] [34;1m[rows:126][0m SELECT * FROM `abilities`

2026/08/15 00:19:24 [32mE:/selfWork/newApi/sourceCode/new-api/model/channel_model_health.go:384
[0m[33m[0.532ms] [34;1m[rows:11][0m SELECT * FROM `channel_model_health`

2026/08/15 00:19:24 [32mE:/selfWork/newApi/sourceCode/new-api/model/channel_model_manual_disable.go:61
[0m[33m[0.520ms] [34;1m[rows:0][0m SELECT * FROM `channel_model_manual_disables` WHERE active = true
[SYS] 2026/08/15 - 00:19:24 | channels synced from database 

2026/08/15 00:19:39 [32mE:/selfWork/newApi/sourceCode/new-api/model/system_task.go:363
[0m[33m[0.538ms] [34;1m[rows:0][0m SELECT * FROM `system_task_locks` WHERE locked_until < 1786724379

2026/08/15 00:19:39 [32mE:/selfWork/newApi/sourceCode/new-api/model/midjourney.go:113
[0m[33m[0.520ms] [34;1m[rows:0][0m SELECT `id` FROM `midjourneys` WHERE progress != '100%' LIMIT 1

2026/08/15 00:19:39 [32mE:/selfWork/newApi/sourceCode/new-api/model/task.go:333
[0m[33m[0.000ms] [34;1m[rows:0][0m SELECT `id` FROM `tasks` WHERE progress != '100%' AND status != 'FAILURE' AND status != 'SUCCESS' LIMIT 1

2026/08/15 00:19:39 [32mE:/selfWork/newApi/sourceCode/new-api/model/system_task.go:217
[0m[33m[0.936ms] [34;1m[rows:2][0m SELECT * FROM `system_tasks` WHERE id IN (SELECT MAX(id) FROM `system_tasks` WHERE type IN ('model_update','channel_test') GROUP BY `type`)

2026/08/15 00:19:39 [32mE:/selfWork/newApi/sourceCode/new-api/model/system_task.go:170
[0m[33m[0.509ms] [34;1m[rows:0][0m SELECT * FROM `system_tasks` WHERE id IN (SELECT MIN(id) FROM `system_tasks` WHERE type IN ('model_update','midjourney_poll','async_task_poll','log_cleanup','channel_test','channel_model_probe') AND status = 'pending' GROUP BY `type`)

2026/08/15 00:19:54 [32mE:/selfWork/newApi/sourceCode/new-api/model/system_task.go:170
[0m[33m[0.537ms] [34;1m[rows:0][0m SELECT * FROM `system_tasks` WHERE id IN (SELECT MIN(id) FROM `system_tasks` WHERE type IN ('log_cleanup','channel_test','channel_model_probe','model_update','midjourney_poll','async_task_poll') AND status = 'pending' GROUP BY `type`)

2026/08/15 00:19:54 [32mE:/selfWork/newApi/sourceCode/new-api/model/system_instance.go:69
[0m[33m[1.700ms] [34;1m[rows:2][0m INSERT INTO `system_instances` (`node_name`,`info`,`started_at`,`last_seen_at`,`created_at`,`updated_at`) VALUES ('PC-20260521RLZQ','{"schema_version":1,"node":{"name":"PC-20260521RLZQ","source":"hostname","manually_configured":false,"should_configure_manually":true},"role":{"is_master":true},"runtime":{"version":"v0.0.0","goos":"windows","goarch":"amd64","started_at":1786723884},"host":{"hostname":"PC-20260521RLZQ"},"resources":{"cpu":{"usage_percent":0},"memory":{"usage_percent":0},"storage":{"total_bytes":370724040704,"used_bytes":157075988480,"free_bytes":213648052224,"used_percent":42.37005730238449}}}',1786723884,1786724394,1786724394,1786724394) ON DUPLICATE KEY UPDATE `info`=VALUES(`info`),`started_at`=VALUES(`started_at`),`last_seen_at`=VALUES(`last_seen_at`),`updated_at`=VALUES(`updated_at`)

2026/08/15 00:20:09 [32mE:/selfWork/newApi/sourceCode/new-api/model/midjourney.go:113
[0m[33m[0.000ms] [34;1m[rows:0][0m SELECT `id` FROM `midjourneys` WHERE progress != '100%' LIMIT 1

2026/08/15 00:20:09 [32mE:/selfWork/newApi/sourceCode/new-api/model/task.go:333
[0m[33m[0.000ms] [34;1m[rows:0][0m SELECT `id` FROM `tasks` WHERE progress != '100%' AND status != 'FAILURE' AND status != 'SUCCESS' LIMIT 1

2026/08/15 00:20:09 [32mE:/selfWork/newApi/sourceCode/new-api/model/system_task.go:217
[0m[33m[1.355ms] [34;1m[rows:2][0m SELECT * FROM `system_tasks` WHERE id IN (SELECT MAX(id) FROM `system_tasks` WHERE type IN ('channel_test','model_update') GROUP BY `type`)

2026/08/15 00:20:09 [32mE:/selfWork/newApi/sourceCode/new-api/model/system_task.go:170
[0m[33m[1.025ms] [34;1m[rows:0][0m SELECT * FROM `system_tasks` WHERE id IN (SELECT MIN(id) FROM `system_tasks` WHERE type IN ('midjourney_poll','async_task_poll','log_cleanup','channel_test','channel_model_probe','model_update') AND status = 'pending' GROUP BY `type`)

2026/08/15 00:20:24 [32mE:/selfWork/newApi/sourceCode/new-api/model/db_time.go:16
[0m[33m[0.000ms] [34;1m[rows:1][0m SELECT UNIX_TIMESTAMP()

2026/08/15 00:20:24 [32mE:/selfWork/newApi/sourceCode/new-api/model/subscription.go:1139
[0m[33m[0.000ms] [34;1m[rows:0][0m SELECT * FROM `user_subscriptions` WHERE status = 'active' AND end_time > 0 AND end_time <= 1786724424 ORDER BY end_time asc, id asc LIMIT 300

2026/08/15 00:20:24 [32mE:/selfWork/newApi/sourceCode/new-api/model/system_task.go:363
[0m[33m[0.000ms] [34;1m[rows:0][0m SELECT * FROM `system_task_locks` WHERE locked_until < 1786724424

2026/08/15 00:20:24 [32mE:/selfWork/newApi/sourceCode/new-api/model/db_time.go:16
[0m[33m[0.510ms] [34;1m[rows:1][0m SELECT UNIX_TIMESTAMP()

2026/08/15 00:20:24 [32mE:/selfWork/newApi/sourceCode/new-api/model/subscription.go:1427
[0m[33m[0.000ms] [34;1m[rows:0][0m SELECT * FROM `user_subscriptions` WHERE next_reset_time > 0 AND next_reset_time <= 1786724424 AND status = 'active' ORDER BY next_reset_time asc LIMIT 300

2026/08/15 00:20:24 [32mE:/selfWork/newApi/sourceCode/new-api/model/system_task.go:170
[0m[33m[0.516ms] [34;1m[rows:0][0m SELECT * FROM `system_tasks` WHERE id IN (SELECT MIN(id) FROM `system_tasks` WHERE type IN ('async_task_poll','log_cleanup','channel_test','channel_model_probe','model_update','midjourney_poll') AND status = 'pending' GROUP BY `type`)

2026/08/15 00:20:24 [32mE:/selfWork/newApi/sourceCode/new-api/model/system_instance.go:69
[0m[33m[1.168ms] [34;1m[rows:2][0m INSERT INTO `system_instances` (`node_name`,`info`,`started_at`,`last_seen_at`,`created_at`,`updated_at`) VALUES ('PC-20260521RLZQ','{"schema_version":1,"node":{"name":"PC-20260521RLZQ","source":"hostname","manually_configured":false,"should_configure_manually":true},"role":{"is_master":true},"runtime":{"version":"v0.0.0","goos":"windows","goarch":"amd64","started_at":1786723884},"host":{"hostname":"PC-20260521RLZQ"},"resources":{"cpu":{"usage_percent":0},"memory":{"usage_percent":0},"storage":{"total_bytes":370724040704,"used_bytes":157074931712,"free_bytes":213649108992,"used_percent":42.369772247226486}}}',1786723884,1786724424,1786724424,1786724424) ON DUPLICATE KEY UPDATE `info`=VALUES(`info`),`started_at`=VALUES(`started_at`),`last_seen_at`=VALUES(`last_seen_at`),`updated_at`=VALUES(`updated_at`)
[SYS] 2026/08/15 - 00:20:24 | syncing options from database 
[SYS] 2026/08/15 - 00:20:24 | syncing channels from database 

2026/08/15 00:20:24 [32mE:/selfWork/newApi/sourceCode/new-api/model/option.go:26
[0m[33m[5.158ms] [34;1m[rows:40][0m SELECT * FROM `options`

2026/08/15 00:20:24 [32mE:/selfWork/newApi/sourceCode/new-api/model/channel_cache.go:34
[0m[33m[3.593ms] [34;1m[rows:22][0m SELECT * FROM `channels`

2026/08/15 00:20:24 [32mE:/selfWork/newApi/sourceCode/new-api/service/authz/adapter.go:23
[0m[33m[5.203ms] [34;1m[rows:3][0m SELECT * FROM `casbin_rule` ORDER BY id asc

2026/08/15 00:20:24 [32mE:/selfWork/newApi/sourceCode/new-api/model/channel_cache.go:44
[0m[33m[0.536ms] [34;1m[rows:126][0m SELECT * FROM `abilities`

2026/08/15 00:20:24 [32mE:/selfWork/newApi/sourceCode/new-api/model/channel_model_health.go:384
[0m[33m[0.000ms] [34;1m[rows:11][0m SELECT * FROM `channel_model_health`

2026/08/15 00:20:24 [32mE:/selfWork/newApi/sourceCode/new-api/model/channel_model_manual_disable.go:61
[0m[33m[0.000ms] [34;1m[rows:0][0m SELECT * FROM `channel_model_manual_disables` WHERE active = true
[SYS] 2026/08/15 - 00:20:24 | channels synced from database 
[GIN] 2026/08/15 - 00:20:38 | api | 20260814162038228168200dPZVLHgRnFgGASW9 | 200 |       535.8µs |             ::1 |     GET /api/status

2026/08/15 00:20:39 [32mE:/selfWork/newApi/sourceCode/new-api/model/midjourney.go:113
[0m[33m[0.000ms] [34;1m[rows:0][0m SELECT `id` FROM `midjourneys` WHERE progress != '100%' LIMIT 1

2026/08/15 00:20:39 [32mE:/selfWork/newApi/sourceCode/new-api/model/task.go:333
[0m[33m[0.000ms] [34;1m[rows:0][0m SELECT `id` FROM `tasks` WHERE progress != '100%' AND status != 'FAILURE' AND status != 'SUCCESS' LIMIT 1

2026/08/15 00:20:39 [32mE:/selfWork/newApi/sourceCode/new-api/model/system_task.go:217
[0m[33m[0.527ms] [34;1m[rows:2][0m SELECT * FROM `system_tasks` WHERE id IN (SELECT MAX(id) FROM `system_tasks` WHERE type IN ('channel_test','model_update') GROUP BY `type`)

2026/08/15 00:20:39 [32mE:/selfWork/newApi/sourceCode/new-api/model/system_task.go:170
[0m[33m[0.538ms] [34;1m[rows:0][0m SELECT * FROM `system_tasks` WHERE id IN (SELECT MIN(id) FROM `system_tasks` WHERE type IN ('channel_test','channel_model_probe','model_update','midjourney_poll','async_task_poll','log_cleanup') AND status = 'pending' GROUP BY `type`)

2026/08/15 00:20:54 [32mE:/selfWork/newApi/sourceCode/new-api/model/system_task.go:363
[0m[33m[0.000ms] [34;1m[rows:0][0m SELECT * FROM `system_task_locks` WHERE locked_until < 1786724454

2026/08/15 00:20:54 [32mE:/selfWork/newApi/sourceCode/new-api/model/system_task.go:170
[0m[33m[0.512ms] [34;1m[rows:0][0m SELECT * FROM `system_tasks` WHERE id IN (SELECT MIN(id) FROM `system_tasks` WHERE type IN ('log_cleanup','channel_test','channel_model_probe','model_update','midjourney_poll','async_task_poll') AND status = 'pending' GROUP BY `type`)

2026/08/15 00:20:54 [32mE:/selfWork/newApi/sourceCode/new-api/model/system_instance.go:69
[0m[33m[1.404ms] [34;1m[rows:2][0m INSERT INTO `system_instances` (`node_name`,`info`,`started_at`,`last_seen_at`,`created_at`,`updated_at`) VALUES ('PC-20260521RLZQ','{"schema_version":1,"node":{"name":"PC-20260521RLZQ","source":"hostname","manually_configured":false,"should_configure_manually":true},"role":{"is_master":true},"runtime":{"version":"v0.0.0","goos":"windows","goarch":"amd64","started_at":1786723884},"host":{"hostname":"PC-20260521RLZQ"},"resources":{"cpu":{"usage_percent":0},"memory":{"usage_percent":0},"storage":{"total_bytes":370724040704,"used_bytes":157075316736,"free_bytes":213648723968,"used_percent":42.36987610453211}}}',1786723884,1786724454,1786724454,1786724454) ON DUPLICATE KEY UPDATE `info`=VALUES(`info`),`started_at`=VALUES(`started_at`),`last_seen_at`=VALUES(`last_seen_at`),`updated_at`=VALUES(`updated_at`)
